CustomerID,Invoice,StockCode,Description,Quantity,Price,InvoiceDate,Country,SourceFile,Worksheet,ExcelRow,RowID
13085,489434,85048,15CM CHRISTMAS GLASS BALL 20 LIGHTS,12,6.95,2009-12-01 07:45:00,United Kingdom,online_retail_II.xlsx,Year 2009-2010,2,Year 2009-2010:2
13085,489434,79323P,PINK CHERRY LIGHTS,12,6.75,2009-12-01 07:45:00,United Kingdom,online_retail_II.xlsx,Year 2009-2010,3,Year 2009-2010:3
13085,489434,79323W,WHITE CHERRY LIGHTS,12,6.75,2009-12-01 07:45:00,United Kingdom,online_retail_II.xlsx,Year 2009-2010,4,Year 2009-2010:4
13085,489434,22041,"RECORD FRAME 7"" SINGLE SIZE",48,2.1,2009-12-01 07:45:00,United Kingdom,online_retail_II.xlsx,Year 2009-2010,5,Year 2009-2010:5
13085,489434,21232,STRAWBERRY CERAMIC TRINKET BOX,24,1.25,2009-12-01 07:45:00,United Kingdom,online_retail_II.xlsx,Year 2009-2010,6,Year 2009-2010:6
13085,489434,22064,PINK DOUGHNUT TRINKET POT,24,1.65,2009-12-01 07:45:00,United Kingdom,online_retail_II.xlsx,Year 2009-2010,7,Year 2009-2010:7
13085,489434,21871,SAVE THE PLANET MUG,24,1.25,2009-12-01 07:45:00,United Kingdom,online_retail_II.xlsx,Year 2009-2010,8,Year 2009-2010:8
13085,489434,21523,FANCY FONT HOME SWEET HOME DOORMAT,10,5.95,2009-12-01 07:45:00,United Kingdom,online_retail_II.xlsx,Year 2009-2010,9,Year 2009-2010:9
13085,489435,22350,CAT BOWL,12,2.55,2009-12-01 07:46:00,United Kingdom,online_retail_II.xlsx,Year 2009-2010,10,Year 2009-2010:10
13085,489435,22349,"DOG BOWL , CHASING BALL DESIGN",12,3.75,2009-12-01 07:46:00,United Kingdom,online_retail_II.xlsx,Year 2009-2010,11,Year 2009-2010:11
13085,489435,22195,HEART MEASURING SPOONS LARGE,24,1.65,2009-12-01 07:46:00,United Kingdom,online_retail_II.xlsx,Year 2009-2010,12,Year 2009-2010:12
13085,489435,22353,LUNCHBOX WITH CUTLERY FAIRY CAKES,12,2.55,2009-12-01 07:46:00,United Kingdom,online_retail_II.xlsx,Year 2009-2010,13,Year 2009-2010:13
,489464,21733,85123a mixed,-96,0,2009-12-01 10:52:00,United Kingdom,online_retail_II.xlsx,Year 2009-2010,265,Year 2009-2010:265
,489463,71477,short,-240,0,2009-12-01 10:52:00,United Kingdom,online_retail_II.xlsx,Year 2009-2010,285,Year 2009-2010:285
,489467,85123A,21733 mixed,-192,0,2009-12-01 10:53:00,United Kingdom,online_retail_II.xlsx,Year 2009-2010,286,Year 2009-2010:286
,489521,21646,,-50,0,2009-12-01 11:44:00,United Kingdom,online_retail_II.xlsx,Year 2009-2010,472,Year 2009-2010:472
,489525,85226C,BLUE PULL BACK RACING CAR,1,0.55,2009-12-01 11:49:00,United Kingdom,online_retail_II.xlsx,Year 2009-2010,579,Year 2009-2010:579
,489525,85227,SET/6 3D KIT CARDS FOR KIDS,1,0.85,2009-12-01 11:49:00,United Kingdom,online_retail_II.xlsx,Year 2009-2010,580,Year 2009-2010:580
13085,490068,22350,CAT BOWL,12,2.55,2009-12-03 14:06:00,United Kingdom,online_retail_II.xlsx,Year 2009-2010,7741,Year 2009-2010:7741
13085,490068,22349,"DOG BOWL , CHASING BALL DESIGN",12,3.75,2009-12-03 14:06:00,United Kingdom,online_retail_II.xlsx,Year 2009-2010,7742,Year 2009-2010:7742
13085,490068,22201,FRYING PAN BLUE POLKADOT,4,4.25,2009-12-03 14:06:00,United Kingdom,online_retail_II.xlsx,Year 2009-2010,7743,Year 2009-2010:7743
13085,490068,22200,FRYING PAN PINK POLKADOT,4,4.25,2009-12-03 14:06:00,United Kingdom,online_retail_II.xlsx,Year 2009-2010,7744,Year 2009-2010:7744
13085,490068,22204,MILK PAN BLUE RETROSPOT,4,3.75,2009-12-03 14:06:00,United Kingdom,online_retail_II.xlsx,Year 2009-2010,7745,Year 2009-2010:7745
13085,490068,22202,MILK PAN PINK RETROSPOT,8,3.75,2009-12-03 14:06:00,United Kingdom,online_retail_II.xlsx,Year 2009-2010,7746,Year 2009-2010:7746
13085,490068,22195,HEART MEASURING SPOONS LARGE,24,1.65,2009-12-03 14:06:00,United Kingdom,online_retail_II.xlsx,Year 2009-2010,7747,Year 2009-2010:7747
13085,490068,21955,UNION JACK GUNS & ROSES  DOORMAT,10,5.95,2009-12-03 14:06:00,United Kingdom,online_retail_II.xlsx,Year 2009-2010,7748,Year 2009-2010:7748
13085,490068,22353,LUNCHBOX WITH CUTLERY FAIRY CAKES,12,2.55,2009-12-03 14:06:00,United Kingdom,online_retail_II.xlsx,Year 2009-2010,7749,Year 2009-2010:7749
13085,490069,22041,"RECORD FRAME 7"" SINGLE SIZE",12,2.55,2009-12-03 14:07:00,United Kingdom,online_retail_II.xlsx,Year 2009-2010,7750,Year 2009-2010:7750
13085,490069,21232,STRAWBERRY CERAMIC TRINKET BOX,12,1.25,2009-12-03 14:07:00,United Kingdom,online_retail_II.xlsx,Year 2009-2010,7751,Year 2009-2010:7751
13085,490069,22064,PINK DOUGHNUT TRINKET POT,12,1.65,2009-12-03 14:07:00,United Kingdom,online_retail_II.xlsx,Year 2009-2010,7752,Year 2009-2010:7752
13085,490069,22179,SET 10 LIGHTS NIGHT OWL,12,6.75,2009-12-03 14:07:00,United Kingdom,online_retail_II.xlsx,Year 2009-2010,7753,Year 2009-2010:7753
13085,490069,21871,SAVE THE PLANET MUG,12,1.25,2009-12-03 14:07:00,United Kingdom,online_retail_II.xlsx,Year 2009-2010,7754,Year 2009-2010:7754
17850,490373,85014B,RED/WHITE DOTS RUFFLED UMBRELLA,6,4.95,2009-12-05 12:28:00,United Kingdom,online_retail_II.xlsx,Year 2009-2010,12152,Year 2009-2010:12152
17850,490373,15056BL,EDWARDIAN PARASOL BLACK,6,4.95,2009-12-05 12:28:00,United Kingdom,online_retail_II.xlsx,Year 2009-2010,12153,Year 2009-2010:12153
17850,490373,79323P,PINK CHERRY LIGHTS,4,5.45,2009-12-05 12:28:00,United Kingdom,online_retail_II.xlsx,Year 2009-2010,12154,Year 2009-2010:12154
17850,490373,79323W,WHITE CHERRY LIGHTS,4,5.45,2009-12-05 12:28:00,United Kingdom,online_retail_II.xlsx,Year 2009-2010,12155,Year 2009-2010:12155
17850,490373,22352,LUNCHBOX WITH CUTLERY RETROSPOT,12,2.1,2009-12-05 12:28:00,United Kingdom,online_retail_II.xlsx,Year 2009-2010,12156,Year 2009-2010:12156
17850,490373,21869,POTTING SHED COFFEE MUG,12,1.06,2009-12-05 12:28:00,United Kingdom,online_retail_II.xlsx,Year 2009-2010,12157,Year 2009-2010:12157
17850,490373,21868,POTTING SHED TEA MUG,12,1.06,2009-12-05 12:28:00,United Kingdom,online_retail_II.xlsx,Year 2009-2010,12158,Year 2009-2010:12158
17850,490373,21733,RED HANGING HEART T-LIGHT HOLDER,12,2.55,2009-12-05 12:28:00,United Kingdom,online_retail_II.xlsx,Year 2009-2010,12159,Year 2009-2010:12159
17850,490373,85123A,WHITE HANGING HEART T-LIGHT HOLDER,12,2.55,2009-12-05 12:28:00,United Kingdom,online_retail_II.xlsx,Year 2009-2010,12160,Year 2009-2010:12160
17850,490373,82486,WOOD S/3 CABINET ANT WHITE FINISH,6,6.95,2009-12-05 12:28:00,United Kingdom,online_retail_II.xlsx,Year 2009-2010,12161,Year 2009-2010:12161
17850,490373,82482,WOODEN PICTURE FRAME WHITE FINISH,12,2.1,2009-12-05 12:28:00,United Kingdom,online_retail_II.xlsx,Year 2009-2010,12162,Year 2009-2010:12162
17850,490373,82483,WOOD 2 DRAWER CABINET WHITE FINISH,6,4.95,2009-12-05 12:28:00,United Kingdom,online_retail_II.xlsx,Year 2009-2010,12163,Year 2009-2010:12163
17850,490373,82494L,WOODEN FRAME ANTIQUE WHITE,12,2.55,2009-12-05 12:28:00,United Kingdom,online_retail_II.xlsx,Year 2009-2010,12164,Year 2009-2010:12164
17850,490373,21523,FANCY FONT HOME SWEET HOME DOORMAT,6,5.95,2009-12-05 12:28:00,United Kingdom,online_retail_II.xlsx,Year 2009-2010,12165,Year 2009-2010:12165
17850,490373,21955,UNION JACK GUNS & ROSES  DOORMAT,6,5.95,2009-12-05 12:28:00,United Kingdom,online_retail_II.xlsx,Year 2009-2010,12166,Year 2009-2010:12166
17850,490373,85014A,BLACK/BLUE DOTS RUFFLED UMBRELLA,6,4.95,2009-12-05 12:28:00,United Kingdom,online_retail_II.xlsx,Year 2009-2010,12167,Year 2009-2010:12167
17850,490373,15056N,EDWARDIAN PARASOL NATURAL,6,4.95,2009-12-05 12:28:00,United Kingdom,online_retail_II.xlsx,Year 2009-2010,12168,Year 2009-2010:12168
17850,490373,20679,EDWARDIAN PARASOL RED,6,4.95,2009-12-05 12:28:00,United Kingdom,online_retail_II.xlsx,Year 2009-2010,12169,Year 2009-2010:12169
17850,490380,85014B,RED/WHITE DOTS RUFFLED UMBRELLA,6,4.95,2009-12-05 13:26:00,United Kingdom,online_retail_II.xlsx,Year 2009-2010,12240,Year 2009-2010:12240
17850,490380,15056BL,EDWARDIAN PARASOL BLACK,6,4.95,2009-12-05 13:26:00,United Kingdom,online_retail_II.xlsx,Year 2009-2010,12241,Year 2009-2010:12241
17850,490380,79323P,PINK CHERRY LIGHTS,4,5.45,2009-12-05 13:26:00,United Kingdom,online_retail_II.xlsx,Year 2009-2010,12242,Year 2009-2010:12242
17850,490380,79323W,WHITE CHERRY LIGHTS,4,5.45,2009-12-05 13:26:00,United Kingdom,online_retail_II.xlsx,Year 2009-2010,12243,Year 2009-2010:12243
17850,490380,22352,LUNCHBOX WITH CUTLERY RETROSPOT,12,2.1,2009-12-05 13:26:00,United Kingdom,online_retail_II.xlsx,Year 2009-2010,12244,Year 2009-2010:12244
17850,490380,21869,POTTING SHED COFFEE MUG,12,1.06,2009-12-05 13:26:00,United Kingdom,online_retail_II.xlsx,Year 2009-2010,12245,Year 2009-2010:12245
17850,490380,21868,POTTING SHED TEA MUG,12,1.06,2009-12-05 13:26:00,United Kingdom,online_retail_II.xlsx,Year 2009-2010,12246,Year 2009-2010:12246
17850,490380,21733,RED HANGING HEART T-LIGHT HOLDER,12,2.55,2009-12-05 13:26:00,United Kingdom,online_retail_II.xlsx,Year 2009-2010,12247,Year 2009-2010:12247
17850,490380,85123A,WHITE HANGING HEART T-LIGHT HOLDER,12,2.55,2009-12-05 13:26:00,United Kingdom,online_retail_II.xlsx,Year 2009-2010,12248,Year 2009-2010:12248
17850,490380,82486,WOOD S/3 CABINET ANT WHITE FINISH,4,6.95,2009-12-05 13:26:00,United Kingdom,online_retail_II.xlsx,Year 2009-2010,12249,Year 2009-2010:12249
17850,490380,82482,WOODEN PICTURE FRAME WHITE FINISH,12,2.1,2009-12-05 13:26:00,United Kingdom,online_retail_II.xlsx,Year 2009-2010,12250,Year 2009-2010:12250
17850,490380,82483,WOOD 2 DRAWER CABINET WHITE FINISH,4,4.95,2009-12-05 13:26:00,United Kingdom,online_retail_II.xlsx,Year 2009-2010,12251,Year 2009-2010:12251
17850,490380,82494L,WOODEN FRAME ANTIQUE WHITE,12,2.55,2009-12-05 13:26:00,United Kingdom,online_retail_II.xlsx,Year 2009-2010,12252,Year 2009-2010:12252
17850,490380,21523,FANCY FONT HOME SWEET HOME DOORMAT,6,5.95,2009-12-05 13:26:00,United Kingdom,online_retail_II.xlsx,Year 2009-2010,12253,Year 2009-2010:12253
17850,490380,21955,UNION JACK GUNS & ROSES  DOORMAT,6,5.95,2009-12-05 13:26:00,United Kingdom,online_retail_II.xlsx,Year 2009-2010,12254,Year 2009-2010:12254
17850,490380,85014A,BLACK/BLUE DOTS RUFFLED UMBRELLA,6,4.95,2009-12-05 13:26:00,United Kingdom,online_retail_II.xlsx,Year 2009-2010,12255,Year 2009-2010:12255
17850,490380,15056N,EDWARDIAN PARASOL NATURAL,6,4.95,2009-12-05 13:26:00,United Kingdom,online_retail_II.xlsx,Year 2009-2010,12256,Year 2009-2010:12256
17850,490380,20679,EDWARDIAN PARASOL RED,6,4.95,2009-12-05 13:26:00,United Kingdom,online_retail_II.xlsx,Year 2009-2010,12257,Year 2009-2010:12257
17850,490387,85014B,RED/WHITE DOTS RUFFLED UMBRELLA,6,4.95,2009-12-05 14:59:00,United Kingdom,online_retail_II.xlsx,Year 2009-2010,12340,Year 2009-2010:12340
17850,490387,15056BL,EDWARDIAN PARASOL BLACK,6,4.95,2009-12-05 14:59:00,United Kingdom,online_retail_II.xlsx,Year 2009-2010,12341,Year 2009-2010:12341
17850,490387,79323P,PINK CHERRY LIGHTS,4,5.45,2009-12-05 14:59:00,United Kingdom,online_retail_II.xlsx,Year 2009-2010,12342,Year 2009-2010:12342
17850,490387,79323W,WHITE CHERRY LIGHTS,4,5.45,2009-12-05 14:59:00,United Kingdom,online_retail_II.xlsx,Year 2009-2010,12343,Year 2009-2010:12343
17850,490387,22352,LUNCHBOX WITH CUTLERY RETROSPOT,12,2.1,2009-12-05 14:59:00,United Kingdom,online_retail_II.xlsx,Year 2009-2010,12344,Year 2009-2010:12344
17850,490387,21869,POTTING SHED COFFEE MUG,12,1.06,2009-12-05 14:59:00,United Kingdom,online_retail_II.xlsx,Year 2009-2010,12345,Year 2009-2010:12345
17850,490387,21868,POTTING SHED TEA MUG,12,1.06,2009-12-05 14:59:00,United Kingdom,online_retail_II.xlsx,Year 2009-2010,12346,Year 2009-2010:12346
17850,490387,21733,RED HANGING HEART T-LIGHT HOLDER,12,2.55,2009-12-05 14:59:00,United Kingdom,online_retail_II.xlsx,Year 2009-2010,12347,Year 2009-2010:12347
17850,490387,85123A,WHITE HANGING HEART T-LIGHT HOLDER,12,2.55,2009-12-05 14:59:00,United Kingdom,online_retail_II.xlsx,Year 2009-2010,12348,Year 2009-2010:12348
17850,490387,82486,WOOD S/3 CABINET ANT WHITE FINISH,4,6.95,2009-12-05 14:59:00,United Kingdom,online_retail_II.xlsx,Year 2009-2010,12349,Year 2009-2010:12349
17850,490387,82482,WOODEN PICTURE FRAME WHITE FINISH,6,2.1,2009-12-05 14:59:00,United Kingdom,online_retail_II.xlsx,Year 2009-2010,12350,Year 2009-2010:12350
17850,490387,82483,WOOD 2 DRAWER CABINET WHITE FINISH,4,4.95,2009-12-05 14:59:00,United Kingdom,online_retail_II.xlsx,Year 2009-2010,12351,Year 2009-2010:12351
17850,490387,82494L,WOODEN FRAME ANTIQUE WHITE,6,2.55,2009-12-05 14:59:00,United Kingdom,online_retail_II.xlsx,Year 2009-2010,12352,Year 2009-2010:12352
17850,490387,21523,FANCY FONT HOME SWEET HOME DOORMAT,6,5.95,2009-12-05 14:59:00,United Kingdom,online_retail_II.xlsx,Year 2009-2010,12353,Year 2009-2010:12353
17850,490387,21955,UNION JACK GUNS & ROSES  DOORMAT,6,5.95,2009-12-05 14:59:00,United Kingdom,online_retail_II.xlsx,Year 2009-2010,12354,Year 2009-2010:12354
17850,490387,85014A,BLACK/BLUE DOTS RUFFLED UMBRELLA,6,4.95,2009-12-05 14:59:00,United Kingdom,online_retail_II.xlsx,Year 2009-2010,12355,Year 2009-2010:12355
17850,490387,15056N,EDWARDIAN PARASOL NATURAL,6,4.95,2009-12-05 14:59:00,United Kingdom,online_retail_II.xlsx,Year 2009-2010,12356,Year 2009-2010:12356
17850,490387,20679,EDWARDIAN PARASOL RED,6,4.95,2009-12-05 14:59:00,United Kingdom,online_retail_II.xlsx,Year 2009-2010,12357,Year 2009-2010:12357
17850,490394,15056BL,EDWARDIAN PARASOL BLACK,12,4.95,2009-12-05 16:01:00,United Kingdom,online_retail_II.xlsx,Year 2009-2010,12447,Year 2009-2010:12447
17850,490394,79323P,PINK CHERRY LIGHTS,4,5.45,2009-12-05 16:01:00,United Kingdom,online_retail_II.xlsx,Year 2009-2010,12448,Year 2009-2010:12448
17850,490394,79323W,WHITE CHERRY LIGHTS,4,5.45,2009-12-05 16:01:00,United Kingdom,online_retail_II.xlsx,Year 2009-2010,12449,Year 2009-2010:12449
17850,490394,22352,LUNCHBOX WITH CUTLERY RETROSPOT,12,2.1,2009-12-05 16:01:00,United Kingdom,online_retail_II.xlsx,Year 2009-2010,12450,Year 2009-2010:12450
17850,490394,21869,POTTING SHED COFFEE MUG,24,1.06,2009-12-05 16:01:00,United Kingdom,online_retail_II.xlsx,Year 2009-2010,12451,Year 2009-2010:12451
17850,490394,21868,POTTING SHED TEA MUG,24,1.06,2009-12-05 16:01:00,United Kingdom,online_retail_II.xlsx,Year 2009-2010,12452,Year 2009-2010:12452
17850,490394,21733,RED HANGING HEART T-LIGHT HOLDER,24,2.55,2009-12-05 16:01:00,United Kingdom,online_retail_II.xlsx,Year 2009-2010,12453,Year 2009-2010:12453
17850,490394,85123A,WHITE HANGING HEART T-LIGHT HOLDER,48,2.55,2009-12-05 16:01:00,United Kingdom,online_retail_II.xlsx,Year 2009-2010,12454,Year 2009-2010:12454
17850,490394,82486,WOOD S/3 CABINET ANT WHITE FINISH,12,6.95,2009-12-05 16:01:00,United Kingdom,online_retail_II.xlsx,Year 2009-2010,12455,Year 2009-2010:12455
17850,490394,82482,WOODEN PICTURE FRAME WHITE FINISH,12,2.1,2009-12-05 16:01:00,United Kingdom,online_retail_II.xlsx,Year 2009-2010,12456,Year 2009-2010:12456
17850,490394,82483,WOOD 2 DRAWER CABINET WHITE FINISH,12,4.95,2009-12-05 16:01:00,United Kingdom,online_retail_II.xlsx,Year 2009-2010,12457,Year 2009-2010:12457
17850,490394,82494L,WOODEN FRAME ANTIQUE WHITE,12,2.55,2009-12-05 16:01:00,United Kingdom,online_retail_II.xlsx,Year 2009-2010,12458,Year 2009-2010:12458
17850,490394,21523,FANCY FONT HOME SWEET HOME DOORMAT,6,5.95,2009-12-05 16:01:00,United Kingdom,online_retail_II.xlsx,Year 2009-2010,12459,Year 2009-2010:12459
17850,490394,21955,UNION JACK GUNS & ROSES  DOORMAT,6,5.95,2009-12-05 16:01:00,United Kingdom,online_retail_II.xlsx,Year 2009-2010,12460,Year 2009-2010:12460
17850,490394,85014A,BLACK/BLUE DOTS RUFFLED UMBRELLA,12,4.95,2009-12-05 16:01:00,United Kingdom,online_retail_II.xlsx,Year 2009-2010,12461,Year 2009-2010:12461
17850,490394,15056N,EDWARDIAN PARASOL NATURAL,12,4.95,2009-12-05 16:01:00,United Kingdom,online_retail_II.xlsx,Year 2009-2010,12462,Year 2009-2010:12462
17850,490394,20679,EDWARDIAN PARASOL RED,12,4.95,2009-12-05 16:01:00,United Kingdom,online_retail_II.xlsx,Year 2009-2010,12463,Year 2009-2010:12463
17850,490394,85014B,RED/WHITE DOTS RUFFLED UMBRELLA,12,4.95,2009-12-05 16:01:00,United Kingdom,online_retail_II.xlsx,Year 2009-2010,12464,Year 2009-2010:12464
17850,490408,79323P,PINK CHERRY LIGHTS,4,5.45,2009-12-06 11:33:00,United Kingdom,online_retail_II.xlsx,Year 2009-2010,12764,Year 2009-2010:12764
17850,490408,79323W,WHITE CHERRY LIGHTS,4,5.45,2009-12-06 11:33:00,United Kingdom,online_retail_II.xlsx,Year 2009-2010,12765,Year 2009-2010:12765
17850,490408,22352,LUNCHBOX WITH CUTLERY RETROSPOT,12,2.1,2009-12-06 11:33:00,United Kingdom,online_retail_II.xlsx,Year 2009-2010,12766,Year 2009-2010:12766
17850,490408,21869,POTTING SHED COFFEE MUG,12,1.06,2009-12-06 11:33:00,United Kingdom,online_retail_II.xlsx,Year 2009-2010,12767,Year 2009-2010:12767
17850,490408,21868,POTTING SHED TEA MUG,12,1.06,2009-12-06 11:33:00,United Kingdom,online_retail_II.xlsx,Year 2009-2010,12768,Year 2009-2010:12768
17850,490408,21733,RED HANGING HEART T-LIGHT HOLDER,12,2.55,2009-12-06 11:33:00,United Kingdom,online_retail_II.xlsx,Year 2009-2010,12769,Year 2009-2010:12769
17850,490408,85123A,WHITE HANGING HEART T-LIGHT HOLDER,12,2.55,2009-12-06 11:33:00,United Kingdom,online_retail_II.xlsx,Year 2009-2010,12770,Year 2009-2010:12770
17850,490408,82486,WOOD S/3 CABINET ANT WHITE FINISH,6,6.95,2009-12-06 11:33:00,United Kingdom,online_retail_II.xlsx,Year 2009-2010,12771,Year 2009-2010:12771
17850,490408,82483,WOOD 2 DRAWER CABINET WHITE FINISH,6,4.95,2009-12-06 11:33:00,United Kingdom,online_retail_II.xlsx,Year 2009-2010,12772,Year 2009-2010:12772
17850,490408,82482,WOODEN PICTURE FRAME WHITE FINISH,12,2.1,2009-12-06 11:33:00,United Kingdom,online_retail_II.xlsx,Year 2009-2010,12773,Year 2009-2010:12773
17850,490408,82494L,WOODEN FRAME ANTIQUE WHITE,12,2.55,2009-12-06 11:33:00,United Kingdom,online_retail_II.xlsx,Year 2009-2010,12774,Year 2009-2010:12774
17850,490408,21523,FANCY FONT HOME SWEET HOME DOORMAT,6,5.95,2009-12-06 11:33:00,United Kingdom,online_retail_II.xlsx,Year 2009-2010,12775,Year 2009-2010:12775
17850,490408,21955,UNION JACK GUNS & ROSES  DOORMAT,6,5.95,2009-12-06 11:33:00,United Kingdom,online_retail_II.xlsx,Year 2009-2010,12776,Year 2009-2010:12776
17850,490408,15056BL,EDWARDIAN PARASOL BLACK,6,4.95,2009-12-06 11:33:00,United Kingdom,online_retail_II.xlsx,Year 2009-2010,12777,Year 2009-2010:12777
17850,490408,20679,EDWARDIAN PARASOL RED,6,4.95,2009-12-06 11:33:00,United Kingdom,online_retail_II.xlsx,Year 2009-2010,12778,Year 2009-2010:12778
17850,490477,85014B,RED/WHITE DOTS RUFFLED UMBRELLA,6,4.95,2009-12-06 12:41:00,United Kingdom,online_retail_II.xlsx,Year 2009-2010,13336,Year 2009-2010:13336
17850,490477,15056BL,EDWARDIAN PARASOL BLACK,6,4.95,2009-12-06 12:41:00,United Kingdom,online_retail_II.xlsx,Year 2009-2010,13337,Year 2009-2010:13337
17850,490477,79323P,PINK CHERRY LIGHTS,4,5.45,2009-12-06 12:41:00,United Kingdom,online_retail_II.xlsx,Year 2009-2010,13338,Year 2009-2010:13338
17850,490477,79323W,WHITE CHERRY LIGHTS,4,5.45,2009-12-06 12:41:00,United Kingdom,online_retail_II.xlsx,Year 2009-2010,13339,Year 2009-2010:13339
17850,490477,22352,LUNCHBOX WITH CUTLERY RETROSPOT,12,2.1,2009-12-06 12:41:00,United Kingdom,online_retail_II.xlsx,Year 2009-2010,13340,Year 2009-2010:13340
17850,490477,21869,POTTING SHED COFFEE MUG,12,1.06,2009-12-06 12:41:00,United Kingdom,online_retail_II.xlsx,Year 2009-2010,13341,Year 2009-2010:13341
17850,490477,21868,POTTING SHED TEA MUG,12,1.06,2009-12-06 12:41:00,United Kingdom,online_retail_II.xlsx,Year 2009-2010,13342,Year 2009-2010:13342
17850,490477,21733,RED HANGING HEART T-LIGHT HOLDER,12,2.55,2009-12-06 12:41:00,United Kingdom,online_retail_II.xlsx,Year 2009-2010,13343,Year 2009-2010:13343
17850,490477,85123A,WHITE HANGING HEART T-LIGHT HOLDER,24,2.55,2009-12-06 12:41:00,United Kingdom,online_retail_II.xlsx,Year 2009-2010,13344,Year 2009-2010:13344
17850,490477,82486,WOOD S/3 CABINET ANT WHITE FINISH,6,6.95,2009-12-06 12:41:00,United Kingdom,online_retail_II.xlsx,Year 2009-2010,13345,Year 2009-2010:13345
17850,490477,82482,WOODEN PICTURE FRAME WHITE FINISH,12,2.1,2009-12-06 12:41:00,United Kingdom,online_retail_II.xlsx,Year 2009-2010,13346,Year 2009-2010:13346
17850,490477,82483,WOOD 2 DRAWER CABINET WHITE FINISH,6,4.95,2009-12-06 12:41:00,United Kingdom,online_retail_II.xlsx,Year 2009-2010,13347,Year 2009-2010:13347
17850,490477,82494L,WOODEN FRAME ANTIQUE WHITE,12,2.55,2009-12-06 12:41:00,United Kingdom,online_retail_II.xlsx,Year 2009-2010,13348,Year 2009-2010:13348
17850,490477,21523,FANCY FONT HOME SWEET HOME DOORMAT,6,5.95,2009-12-06 12:41:00,United Kingdom,online_retail_II.xlsx,Year 2009-2010,13349,Year 2009-2010:13349
17850,490477,21955,UNION JACK GUNS & ROSES  DOORMAT,6,5.95,2009-12-06 12:41:00,United Kingdom,online_retail_II.xlsx,Year 2009-2010,13350,Year 2009-2010:13350
17850,490477,85014A,BLACK/BLUE DOTS RUFFLED UMBRELLA,6,4.95,2009-12-06 12:41:00,United Kingdom,online_retail_II.xlsx,Year 2009-2010,13351,Year 2009-2010:13351
17850,490477,15056N,EDWARDIAN PARASOL NATURAL,6,4.95,2009-12-06 12:41:00,United Kingdom,online_retail_II.xlsx,Year 2009-2010,13352,Year 2009-2010:13352
17850,490477,20679,EDWARDIAN PARASOL RED,6,4.95,2009-12-06 12:41:00,United Kingdom,online_retail_II.xlsx,Year 2009-2010,13353,Year 2009-2010:13353
17850,490508,85014B,RED/WHITE DOTS RUFFLED UMBRELLA,6,4.95,2009-12-06 14:14:00,United Kingdom,online_retail_II.xlsx,Year 2009-2010,13965,Year 2009-2010:13965
17850,490508,15056BL,EDWARDIAN PARASOL BLACK,6,4.95,2009-12-06 14:14:00,United Kingdom,online_retail_II.xlsx,Year 2009-2010,13966,Year 2009-2010:13966
17850,490508,79323P,PINK CHERRY LIGHTS,4,5.45,2009-12-06 14:14:00,United Kingdom,online_retail_II.xlsx,Year 2009-2010,13967,Year 2009-2010:13967
17850,490508,79323W,WHITE CHERRY LIGHTS,4,5.45,2009-12-06 14:14:00,United Kingdom,online_retail_II.xlsx,Year 2009-2010,13968,Year 2009-2010:13968
17850,490508,22352,LUNCHBOX WITH CUTLERY RETROSPOT,12,2.1,2009-12-06 14:14:00,United Kingdom,online_retail_II.xlsx,Year 2009-2010,13969,Year 2009-2010:13969
17850,490508,21869,POTTING SHED COFFEE MUG,12,1.06,2009-12-06 14:14:00,United Kingdom,online_retail_II.xlsx,Year 2009-2010,13970,Year 2009-2010:13970
17850,490508,21868,POTTING SHED TEA MUG,12,1.06,2009-12-06 14:14:00,United Kingdom,online_retail_II.xlsx,Year 2009-2010,13971,Year 2009-2010:13971
17850,490508,21733,RED HANGING HEART T-LIGHT HOLDER,12,2.55,2009-12-06 14:14:00,United Kingdom,online_retail_II.xlsx,Year 2009-2010,13972,Year 2009-2010:13972
17850,490508,85123A,WHITE HANGING HEART T-LIGHT HOLDER,12,2.55,2009-12-06 14:14:00,United Kingdom,online_retail_II.xlsx,Year 2009-2010,13973,Year 2009-2010:13973
17850,490508,82486,WOOD S/3 CABINET ANT WHITE FINISH,4,6.95,2009-12-06 14:14:00,United Kingdom,online_retail_II.xlsx,Year 2009-2010,13974,Year 2009-2010:13974
17850,490508,82482,WOODEN PICTURE FRAME WHITE FINISH,6,2.1,2009-12-06 14:14:00,United Kingdom,online_retail_II.xlsx,Year 2009-2010,13975,Year 2009-2010:13975
17850,490508,82483,WOOD 2 DRAWER CABINET WHITE FINISH,4,4.95,2009-12-06 14:14:00,United Kingdom,online_retail_II.xlsx,Year 2009-2010,13976,Year 2009-2010:13976
17850,490508,82494L,WOODEN FRAME ANTIQUE WHITE,6,2.55,2009-12-06 14:14:00,United Kingdom,online_retail_II.xlsx,Year 2009-2010,13977,Year 2009-2010:13977
17850,490508,21523,FANCY FONT HOME SWEET HOME DOORMAT,6,5.95,2009-12-06 14:14:00,United Kingdom,online_retail_II.xlsx,Year 2009-2010,13978,Year 2009-2010:13978
17850,490508,21955,UNION JACK GUNS & ROSES  DOORMAT,6,5.95,2009-12-06 14:14:00,United Kingdom,online_retail_II.xlsx,Year 2009-2010,13979,Year 2009-2010:13979
17850,490508,85014A,BLACK/BLUE DOTS RUFFLED UMBRELLA,6,4.95,2009-12-06 14:14:00,United Kingdom,online_retail_II.xlsx,Year 2009-2010,13980,Year 2009-2010:13980
17850,490508,15056N,EDWARDIAN PARASOL NATURAL,6,4.95,2009-12-06 14:14:00,United Kingdom,online_retail_II.xlsx,Year 2009-2010,13981,Year 2009-2010:13981
17850,490508,20679,EDWARDIAN PARASOL RED,6,4.95,2009-12-06 14:14:00,United Kingdom,online_retail_II.xlsx,Year 2009-2010,13982,Year 2009-2010:13982
17850,490516,22352,LUNCHBOX WITH CUTLERY RETROSPOT,12,2.1,2009-12-06 15:09:00,United Kingdom,online_retail_II.xlsx,Year 2009-2010,14098,Year 2009-2010:14098
17850,490516,21869,POTTING SHED COFFEE MUG,12,1.06,2009-12-06 15:09:00,United Kingdom,online_retail_II.xlsx,Year 2009-2010,14099,Year 2009-2010:14099
17850,490516,21868,POTTING SHED TEA MUG,12,1.06,2009-12-06 15:09:00,United Kingdom,online_retail_II.xlsx,Year 2009-2010,14100,Year 2009-2010:14100
17850,490516,20679,EDWARDIAN PARASOL RED,6,4.95,2009-12-06 15:09:00,United Kingdom,online_retail_II.xlsx,Year 2009-2010,14101,Year 2009-2010:14101
17850,490516,85014B,RED/WHITE DOTS RUFFLED UMBRELLA,6,4.95,2009-12-06 15:09:00,United Kingdom,online_retail_II.xlsx,Year 2009-2010,14102,Year 2009-2010:14102
17850,490516,15056BL,EDWARDIAN PARASOL BLACK,6,4.95,2009-12-06 15:09:00,United Kingdom,online_retail_II.xlsx,Year 2009-2010,14103,Year 2009-2010:14103
17850,490516,79323P,PINK CHERRY LIGHTS,4,5.95,2009-12-06 15:09:00,United Kingdom,online_retail_II.xlsx,Year 2009-2010,14104,Year 2009-2010:14104
17850,490516,79323W,WHITE CHERRY LIGHTS,4,5.45,2009-12-06 15:09:00,United Kingdom,online_retail_II.xlsx,Year 2009-2010,14105,Year 2009-2010:14105
17850,490516,21733,RED HANGING HEART T-LIGHT HOLDER,12,2.55,2009-12-06 15:09:00,United Kingdom,online_retail_II.xlsx,Year 2009-2010,14106,Year 2009-2010:14106
17850,490516,85123A,WHITE HANGING HEART T-LIGHT HOLDER,12,2.55,2009-12-06 15:09:00,United Kingdom,online_retail_II.xlsx,Year 2009-2010,14107,Year 2009-2010:14107
17850,490516,82486,WOOD S/3 CABINET ANT WHITE FINISH,6,6.95,2009-12-06 15:09:00,United Kingdom,online_retail_II.xlsx,Year 2009-2010,14108,Year 2009-2010:14108
17850,490516,82482,WOODEN PICTURE FRAME WHITE FINISH,12,2.1,2009-12-06 15:09:00,United Kingdom,online_retail_II.xlsx,Year 2009-2010,14109,Year 2009-2010:14109
17850,490516,82483,WOOD 2 DRAWER CABINET WHITE FINISH,6,4.95,2009-12-06 15:09:00,United Kingdom,online_retail_II.xlsx,Year 2009-2010,14110,Year 2009-2010:14110
17850,490516,82494L,WOODEN FRAME ANTIQUE WHITE,12,2.55,2009-12-06 15:09:00,United Kingdom,online_retail_II.xlsx,Year 2009-2010,14111,Year 2009-2010:14111
17850,490516,21523,FANCY FONT HOME SWEET HOME DOORMAT,6,5.95,2009-12-06 15:09:00,United Kingdom,online_retail_II.xlsx,Year 2009-2010,14112,Year 2009-2010:14112
17850,490516,21955,UNION JACK GUNS & ROSES  DOORMAT,6,5.95,2009-12-06 15:09:00,United Kingdom,online_retail_II.xlsx,Year 2009-2010,14113,Year 2009-2010:14113
17850,490516,85014A,BLACK/BLUE DOTS RUFFLED UMBRELLA,6,4.95,2009-12-06 15:09:00,United Kingdom,online_retail_II.xlsx,Year 2009-2010,14114,Year 2009-2010:14114
17850,490516,15056N,EDWARDIAN PARASOL NATURAL,6,4.95,2009-12-06 15:09:00,United Kingdom,online_retail_II.xlsx,Year 2009-2010,14115,Year 2009-2010:14115
17850,490535,22352,LUNCHBOX WITH CUTLERY RETROSPOT,12,2.1,2009-12-07 08:13:00,United Kingdom,online_retail_II.xlsx,Year 2009-2010,14407,Year 2009-2010:14407
17850,490535,21869,POTTING SHED COFFEE MUG,24,1.06,2009-12-07 08:13:00,United Kingdom,online_retail_II.xlsx,Year 2009-2010,14408,Year 2009-2010:14408
17850,490535,21868,POTTING SHED TEA MUG,24,1.06,2009-12-07 08:13:00,United Kingdom,online_retail_II.xlsx,Year 2009-2010,14409,Year 2009-2010:14409
17850,490535,20679,EDWARDIAN PARASOL RED,6,4.95,2009-12-07 08:13:00,United Kingdom,online_retail_II.xlsx,Year 2009-2010,14410,Year 2009-2010:14410
17850,490535,85014B,RED/WHITE DOTS RUFFLED UMBRELLA,6,4.95,2009-12-07 08:13:00,United Kingdom,online_retail_II.xlsx,Year 2009-2010,14411,Year 2009-2010:14411
17850,490535,15056BL,EDWARDIAN PARASOL BLACK,6,4.95,2009-12-07 08:13:00,United Kingdom,online_retail_II.xlsx,Year 2009-2010,14412,Year 2009-2010:14412
17850,490535,79323P,PINK CHERRY LIGHTS,4,5.95,2009-12-07 08:13:00,United Kingdom,online_retail_II.xlsx,Year 2009-2010,14413,Year 2009-2010:14413
17850,490535,79323W,WHITE CHERRY LIGHTS,4,5.45,2009-12-07 08:13:00,United Kingdom,online_retail_II.xlsx,Year 2009-2010,14414,Year 2009-2010:14414
17850,490535,21733,RED HANGING HEART T-LIGHT HOLDER,12,2.55,2009-12-07 08:13:00,United Kingdom,online_retail_II.xlsx,Year 2009-2010,14415,Year 2009-2010:14415
17850,490535,85123A,WHITE HANGING HEART T-LIGHT HOLDER,24,2.55,2009-12-07 08:13:00,United Kingdom,online_retail_II.xlsx,Year 2009-2010,14416,Year 2009-2010:14416
17850,490535,82486,WOOD S/3 CABINET ANT WHITE FINISH,6,6.95,2009-12-07 08:13:00,United Kingdom,online_retail_II.xlsx,Year 2009-2010,14417,Year 2009-2010:14417
17850,490535,82482,WOODEN PICTURE FRAME WHITE FINISH,12,2.1,2009-12-07 08:13:00,United Kingdom,online_retail_II.xlsx,Year 2009-2010,14418,Year 2009-2010:14418
17850,490535,82483,WOOD 2 DRAWER CABINET WHITE FINISH,6,4.95,2009-12-07 08:13:00,United Kingdom,online_retail_II.xlsx,Year 2009-2010,14419,Year 2009-2010:14419
17850,490535,82494L,WOODEN FRAME ANTIQUE WHITE,12,2.55,2009-12-07 08:13:00,United Kingdom,online_retail_II.xlsx,Year 2009-2010,14420,Year 2009-2010:14420
17850,490535,21523,FANCY FONT HOME SWEET HOME DOORMAT,6,5.95,2009-12-07 08:13:00,United Kingdom,online_retail_II.xlsx,Year 2009-2010,14421,Year 2009-2010:14421
17850,490535,21955,UNION JACK GUNS & ROSES  DOORMAT,6,5.95,2009-12-07 08:13:00,United Kingdom,online_retail_II.xlsx,Year 2009-2010,14422,Year 2009-2010:14422
17850,490535,85014A,BLACK/BLUE DOTS RUFFLED UMBRELLA,6,4.95,2009-12-07 08:13:00,United Kingdom,online_retail_II.xlsx,Year 2009-2010,14423,Year 2009-2010:14423
17850,490535,15056N,EDWARDIAN PARASOL NATURAL,6,4.95,2009-12-07 08:13:00,United Kingdom,online_retail_II.xlsx,Year 2009-2010,14424,Year 2009-2010:14424
17850,490538,22352,LUNCHBOX WITH CUTLERY RETROSPOT,12,2.1,2009-12-07 09:14:00,United Kingdom,online_retail_II.xlsx,Year 2009-2010,14451,Year 2009-2010:14451
17850,490538,21869,POTTING SHED COFFEE MUG,12,1.06,2009-12-07 09:14:00,United Kingdom,online_retail_II.xlsx,Year 2009-2010,14452,Year 2009-2010:14452
17850,490538,21868,POTTING SHED TEA MUG,12,1.06,2009-12-07 09:14:00,United Kingdom,online_retail_II.xlsx,Year 2009-2010,14453,Year 2009-2010:14453
17850,490538,20679,EDWARDIAN PARASOL RED,6,4.95,2009-12-07 09:14:00,United Kingdom,online_retail_II.xlsx,Year 2009-2010,14454,Year 2009-2010:14454
17850,490538,85014B,RED/WHITE DOTS RUFFLED UMBRELLA,6,4.95,2009-12-07 09:14:00,United Kingdom,online_retail_II.xlsx,Year 2009-2010,14455,Year 2009-2010:14455
17850,490538,15056BL,EDWARDIAN PARASOL BLACK,6,4.95,2009-12-07 09:14:00,United Kingdom,online_retail_II.xlsx,Year 2009-2010,14456,Year 2009-2010:14456
17850,490538,79323P,PINK CHERRY LIGHTS,4,5.95,2009-12-07 09:14:00,United Kingdom,online_retail_II.xlsx,Year 2009-2010,14457,Year 2009-2010:14457
17850,490538,79323W,WHITE CHERRY LIGHTS,4,5.45,2009-12-07 09:14:00,United Kingdom,online_retail_II.xlsx,Year 2009-2010,14458,Year 2009-2010:14458
17850,490538,21733,RED HANGING HEART T-LIGHT HOLDER,12,2.55,2009-12-07 09:14:00,United Kingdom,online_retail_II.xlsx,Year 2009-2010,14459,Year 2009-2010:14459
17850,490538,85123A,WHITE HANGING HEART T-LIGHT HOLDER,12,2.55,2009-12-07 09:14:00,United Kingdom,online_retail_II.xlsx,Year 2009-2010,14460,Year 2009-2010:14460
17850,490538,82486,WOOD S/3 CABINET ANT WHITE FINISH,6,6.95,2009-12-07 09:14:00,United Kingdom,online_retail_II.xlsx,Year 2009-2010,14461,Year 2009-2010:14461
17850,490538,82482,WOODEN PICTURE FRAME WHITE FINISH,12,2.1,2009-12-07 09:14:00,United Kingdom,online_retail_II.xlsx,Year 2009-2010,14462,Year 2009-2010:14462
17850,490538,82483,WOOD 2 DRAWER CABINET WHITE FINISH,6,4.95,2009-12-07 09:14:00,United Kingdom,online_retail_II.xlsx,Year 2009-2010,14463,Year 2009-2010:14463
17850,490538,82494L,WOODEN FRAME ANTIQUE WHITE,12,2.55,2009-12-07 09:14:00,United Kingdom,online_retail_II.xlsx,Year 2009-2010,14464,Year 2009-2010:14464
17850,490538,21523,FANCY FONT HOME SWEET HOME DOORMAT,6,5.95,2009-12-07 09:14:00,United Kingdom,online_retail_II.xlsx,Year 2009-2010,14465,Year 2009-2010:14465
17850,490538,21955,UNION JACK GUNS & ROSES  DOORMAT,6,5.95,2009-12-07 09:14:00,United Kingdom,online_retail_II.xlsx,Year 2009-2010,14466,Year 2009-2010:14466
17850,490538,85014A,BLACK/BLUE DOTS RUFFLED UMBRELLA,6,4.95,2009-12-07 09:14:00,United Kingdom,online_retail_II.xlsx,Year 2009-2010,14467,Year 2009-2010:14467
17850,490538,15056N,EDWARDIAN PARASOL NATURAL,6,4.95,2009-12-07 09:14:00,United Kingdom,online_retail_II.xlsx,Year 2009-2010,14468,Year 2009-2010:14468
17850,490548,22352,LUNCHBOX WITH CUTLERY RETROSPOT,12,2.1,2009-12-07 10:26:00,United Kingdom,online_retail_II.xlsx,Year 2009-2010,14520,Year 2009-2010:14520
17850,490548,21869,POTTING SHED COFFEE MUG,12,1.06,2009-12-07 10:26:00,United Kingdom,online_retail_II.xlsx,Year 2009-2010,14521,Year 2009-2010:14521
17850,490548,21868,POTTING SHED TEA MUG,12,1.06,2009-12-07 10:26:00,United Kingdom,online_retail_II.xlsx,Year 2009-2010,14522,Year 2009-2010:14522
17850,490548,20679,EDWARDIAN PARASOL RED,6,4.95,2009-12-07 10:26:00,United Kingdom,online_retail_II.xlsx,Year 2009-2010,14523,Year 2009-2010:14523
17850,490548,85014B,RED/WHITE DOTS RUFFLED UMBRELLA,6,4.95,2009-12-07 10:26:00,United Kingdom,online_retail_II.xlsx,Year 2009-2010,14524,Year 2009-2010:14524
17850,490548,15056BL,EDWARDIAN PARASOL BLACK,6,4.95,2009-12-07 10:26:00,United Kingdom,online_retail_II.xlsx,Year 2009-2010,14525,Year 2009-2010:14525
17850,490548,79323P,PINK CHERRY LIGHTS,4,5.95,2009-12-07 10:26:00,United Kingdom,online_retail_II.xlsx,Year 2009-2010,14526,Year 2009-2010:14526
17850,490548,79323W,WHITE CHERRY LIGHTS,4,5.45,2009-12-07 10:26:00,United Kingdom,online_retail_II.xlsx,Year 2009-2010,14527,Year 2009-2010:14527
17850,490548,21733,RED HANGING HEART T-LIGHT HOLDER,12,2.55,2009-12-07 10:26:00,United Kingdom,online_retail_II.xlsx,Year 2009-2010,14528,Year 2009-2010:14528
17850,490548,85123A,WHITE HANGING HEART T-LIGHT HOLDER,12,2.55,2009-12-07 10:26:00,United Kingdom,online_retail_II.xlsx,Year 2009-2010,14529,Year 2009-2010:14529
17850,490548,82486,WOOD S/3 CABINET ANT WHITE FINISH,6,6.95,2009-12-07 10:26:00,United Kingdom,online_retail_II.xlsx,Year 2009-2010,14530,Year 2009-2010:14530
17850,490548,82482,WOODEN PICTURE FRAME WHITE FINISH,12,2.1,2009-12-07 10:26:00,United Kingdom,online_retail_II.xlsx,Year 2009-2010,14531,Year 2009-2010:14531
17850,490548,82483,WOOD 2 DRAWER CABINET WHITE FINISH,6,4.95,2009-12-07 10:26:00,United Kingdom,online_retail_II.xlsx,Year 2009-2010,14532,Year 2009-2010:14532
17850,490548,82494L,WOODEN FRAME ANTIQUE WHITE,12,2.55,2009-12-07 10:26:00,United Kingdom,online_retail_II.xlsx,Year 2009-2010,14533,Year 2009-2010:14533
17850,490548,21523,FANCY FONT HOME SWEET HOME DOORMAT,6,5.95,2009-12-07 10:26:00,United Kingdom,online_retail_II.xlsx,Year 2009-2010,14534,Year 2009-2010:14534
17850,490548,21955,UNION JACK GUNS & ROSES  DOORMAT,6,5.95,2009-12-07 10:26:00,United Kingdom,online_retail_II.xlsx,Year 2009-2010,14535,Year 2009-2010:14535
17850,490548,85014A,BLACK/BLUE DOTS RUFFLED UMBRELLA,6,4.95,2009-12-07 10:26:00,United Kingdom,online_retail_II.xlsx,Year 2009-2010,14536,Year 2009-2010:14536
17850,490548,15056N,EDWARDIAN PARASOL NATURAL,6,4.95,2009-12-07 10:26:00,United Kingdom,online_retail_II.xlsx,Year 2009-2010,14537,Year 2009-2010:14537
17850,490606,20679,EDWARDIAN PARASOL RED,6,4.95,2009-12-07 11:26:00,United Kingdom,online_retail_II.xlsx,Year 2009-2010,14687,Year 2009-2010:14687
17850,490606,85014B,RED/WHITE DOTS RUFFLED UMBRELLA,6,4.95,2009-12-07 11:26:00,United Kingdom,online_retail_II.xlsx,Year 2009-2010,14688,Year 2009-2010:14688
17850,490606,15056BL,EDWARDIAN PARASOL BLACK,6,4.95,2009-12-07 11:26:00,United Kingdom,online_retail_II.xlsx,Year 2009-2010,14689,Year 2009-2010:14689
17850,490606,79323P,PINK CHERRY LIGHTS,4,5.95,2009-12-07 11:26:00,United Kingdom,online_retail_II.xlsx,Year 2009-2010,14690,Year 2009-2010:14690
17850,490606,79323W,WHITE CHERRY LIGHTS,4,5.45,2009-12-07 11:26:00,United Kingdom,online_retail_II.xlsx,Year 2009-2010,14691,Year 2009-2010:14691
17850,490606,21733,RED HANGING HEART T-LIGHT HOLDER,12,2.55,2009-12-07 11:26:00,United Kingdom,online_retail_II.xlsx,Year 2009-2010,14692,Year 2009-2010:14692
17850,490606,85123A,WHITE HANGING HEART T-LIGHT HOLDER,12,2.55,2009-12-07 11:26:00,United Kingdom,online_retail_II.xlsx,Year 2009-2010,14693,Year 2009-2010:14693
17850,490606,82486,WOOD S/3 CABINET ANT WHITE FINISH,6,6.95,2009-12-07 11:26:00,United Kingdom,online_retail_II.xlsx,Year 2009-2010,14694,Year 2009-2010:14694
17850,490606,82482,WOODEN PICTURE FRAME WHITE FINISH,6,2.1,2009-12-07 11:26:00,United Kingdom,online_retail_II.xlsx,Year 2009-2010,14695,Year 2009-2010:14695
17850,490606,82483,WOOD 2 DRAWER CABINET WHITE FINISH,6,4.95,2009-12-07 11:26:00,United Kingdom,online_retail_II.xlsx,Year 2009-2010,14696,Year 2009-2010:14696
17850,490606,82494L,WOODEN FRAME ANTIQUE WHITE,6,2.55,2009-12-07 11:26:00,United Kingdom,online_retail_II.xlsx,Year 2009-2010,14697,Year 2009-2010:14697
17850,490606,21523,FANCY FONT HOME SWEET HOME DOORMAT,6,5.95,2009-12-07 11:26:00,United Kingdom,online_retail_II.xlsx,Year 2009-2010,14698,Year 2009-2010:14698
17850,490606,21955,UNION JACK GUNS & ROSES  DOORMAT,6,5.95,2009-12-07 11:26:00,United Kingdom,online_retail_II.xlsx,Year 2009-2010,14699,Year 2009-2010:14699
17850,490606,85014A,BLACK/BLUE DOTS RUFFLED UMBRELLA,6,4.95,2009-12-07 11:26:00,United Kingdom,online_retail_II.xlsx,Year 2009-2010,14700,Year 2009-2010:14700
17850,490606,15056N,EDWARDIAN PARASOL NATURAL,6,4.95,2009-12-07 11:26:00,United Kingdom,online_retail_II.xlsx,Year 2009-2010,14701,Year 2009-2010:14701
17850,490659,79323P,PINK CHERRY LIGHTS,4,5.95,2009-12-07 12:26:00,United Kingdom,online_retail_II.xlsx,Year 2009-2010,15013,Year 2009-2010:15013
17850,490659,79323W,WHITE CHERRY LIGHTS,4,5.45,2009-12-07 12:26:00,United Kingdom,online_retail_II.xlsx,Year 2009-2010,15014,Year 2009-2010:15014
17850,490659,22352,LUNCHBOX WITH CUTLERY RETROSPOT,6,2.1,2009-12-07 12:26:00,United Kingdom,online_retail_II.xlsx,Year 2009-2010,15015,Year 2009-2010:15015
17850,490659,21869,POTTING SHED COFFEE MUG,12,1.06,2009-12-07 12:26:00,United Kingdom,online_retail_II.xlsx,Year 2009-2010,15016,Year 2009-2010:15016
17850,490659,21868,POTTING SHED TEA MUG,12,1.06,2009-12-07 12:26:00,United Kingdom,online_retail_II.xlsx,Year 2009-2010,15017,Year 2009-2010:15017
17850,490659,21733,RED HANGING HEART T-LIGHT HOLDER,12,2.55,2009-12-07 12:26:00,United Kingdom,online_retail_II.xlsx,Year 2009-2010,15018,Year 2009-2010:15018
17850,490659,85123A,WHITE HANGING HEART T-LIGHT HOLDER,12,2.55,2009-12-07 12:26:00,United Kingdom,online_retail_II.xlsx,Year 2009-2010,15019,Year 2009-2010:15019
17850,490659,82486,WOOD S/3 CABINET ANT WHITE FINISH,4,6.95,2009-12-07 12:26:00,United Kingdom,online_retail_II.xlsx,Year 2009-2010,15020,Year 2009-2010:15020
17850,490659,82482,WOODEN PICTURE FRAME WHITE FINISH,6,2.1,2009-12-07 12:26:00,United Kingdom,online_retail_II.xlsx,Year 2009-2010,15021,Year 2009-2010:15021
17850,490659,82483,WOOD 2 DRAWER CABINET WHITE FINISH,4,4.95,2009-12-07 12:26:00,United Kingdom,online_retail_II.xlsx,Year 2009-2010,15022,Year 2009-2010:15022
17850,490659,82494L,WOODEN FRAME ANTIQUE WHITE,6,2.55,2009-12-07 12:26:00,United Kingdom,online_retail_II.xlsx,Year 2009-2010,15023,Year 2009-2010:15023
17850,490659,21523,FANCY FONT HOME SWEET HOME DOORMAT,6,5.95,2009-12-07 12:26:00,United Kingdom,online_retail_II.xlsx,Year 2009-2010,15031,Year 2009-2010:15031
17850,490659,21955,UNION JACK GUNS & ROSES  DOORMAT,6,5.95,2009-12-07 12:26:00,United Kingdom,online_retail_II.xlsx,Year 2009-2010,15032,Year 2009-2010:15032
17850,490659,85014A,BLACK/BLUE DOTS RUFFLED UMBRELLA,6,4.95,2009-12-07 12:26:00,United Kingdom,online_retail_II.xlsx,Year 2009-2010,15033,Year 2009-2010:15033
17850,490659,15056N,EDWARDIAN PARASOL NATURAL,6,4.95,2009-12-07 12:26:00,United Kingdom,online_retail_II.xlsx,Year 2009-2010,15034,Year 2009-2010:15034
17850,490659,20679,EDWARDIAN PARASOL RED,6,4.95,2009-12-07 12:26:00,United Kingdom,online_retail_II.xlsx,Year 2009-2010,15035,Year 2009-2010:15035
17850,490676,20679,EDWARDIAN PARASOL RED,6,4.95,2009-12-07 13:17:00,United Kingdom,online_retail_II.xlsx,Year 2009-2010,15177,Year 2009-2010:15177
17850,490676,85014B,RED/WHITE DOTS RUFFLED UMBRELLA,6,4.95,2009-12-07 13:17:00,United Kingdom,online_retail_II.xlsx,Year 2009-2010,15178,Year 2009-2010:15178
17850,490676,15056BL,EDWARDIAN PARASOL BLACK,6,4.95,2009-12-07 13:17:00,United Kingdom,online_retail_II.xlsx,Year 2009-2010,15179,Year 2009-2010:15179
17850,490676,79323P,PINK CHERRY LIGHTS,4,5.95,2009-12-07 13:17:00,United Kingdom,online_retail_II.xlsx,Year 2009-2010,15180,Year 2009-2010:15180
17850,490676,79323W,WHITE CHERRY LIGHTS,4,5.45,2009-12-07 13:17:00,United Kingdom,online_retail_II.xlsx,Year 2009-2010,15181,Year 2009-2010:15181
17850,490676,21869,POTTING SHED COFFEE MUG,12,1.06,2009-12-07 13:17:00,United Kingdom,online_retail_II.xlsx,Year 2009-2010,15182,Year 2009-2010:15182
17850,490676,21868,POTTING SHED TEA MUG,12,1.06,2009-12-07 13:17:00,United Kingdom,online_retail_II.xlsx,Year 2009-2010,15183,Year 2009-2010:15183
17850,490676,21733,RED HANGING HEART T-LIGHT HOLDER,12,2.55,2009-12-07 13:17:00,United Kingdom,online_retail_II.xlsx,Year 2009-2010,15184,Year 2009-2010:15184
17850,490676,85123A,WHITE HANGING HEART T-LIGHT HOLDER,12,2.55,2009-12-07 13:17:00,United Kingdom,online_retail_II.xlsx,Year 2009-2010,15185,Year 2009-2010:15185
17850,490676,82486,WOOD S/3 CABINET ANT WHITE FINISH,6,6.95,2009-12-07 13:17:00,United Kingdom,online_retail_II.xlsx,Year 2009-2010,15186,Year 2009-2010:15186
17850,490676,82482,WOODEN PICTURE FRAME WHITE FINISH,6,2.1,2009-12-07 13:17:00,United Kingdom,online_retail_II.xlsx,Year 2009-2010,15187,Year 2009-2010:15187
17850,490676,82483,WOOD 2 DRAWER CABINET WHITE FINISH,6,4.95,2009-12-07 13:17:00,United Kingdom,online_retail_II.xlsx,Year 2009-2010,15188,Year 2009-2010:15188
17850,490676,82494L,WOODEN FRAME ANTIQUE WHITE,6,2.55,2009-12-07 13:17:00,United Kingdom,online_retail_II.xlsx,Year 2009-2010,15189,Year 2009-2010:15189
17850,490676,21523,FANCY FONT HOME SWEET HOME DOORMAT,6,5.95,2009-12-07 13:17:00,United Kingdom,online_retail_II.xlsx,Year 2009-2010,15190,Year 2009-2010:15190
17850,490676,21955,UNION JACK GUNS & ROSES  DOORMAT,6,5.95,2009-12-07 13:17:00,United Kingdom,online_retail_II.xlsx,Year 2009-2010,15191,Year 2009-2010:15191
17850,490676,85014A,BLACK/BLUE DOTS RUFFLED UMBRELLA,6,4.95,2009-12-07 13:17:00,United Kingdom,online_retail_II.xlsx,Year 2009-2010,15192,Year 2009-2010:15192
17850,490676,15056N,EDWARDIAN PARASOL NATURAL,6,4.95,2009-12-07 13:17:00,United Kingdom,online_retail_II.xlsx,Year 2009-2010,15193,Year 2009-2010:15193
17850,490697,79323P,PINK CHERRY LIGHTS,4,5.45,2009-12-07 14:27:00,United Kingdom,online_retail_II.xlsx,Year 2009-2010,15628,Year 2009-2010:15628
17850,490697,79323W,WHITE CHERRY LIGHTS,4,5.45,2009-12-07 14:27:00,United Kingdom,online_retail_II.xlsx,Year 2009-2010,15629,Year 2009-2010:15629
17850,490697,22352,LUNCHBOX WITH CUTLERY RETROSPOT,6,2.1,2009-12-07 14:27:00,United Kingdom,online_retail_II.xlsx,Year 2009-2010,15630,Year 2009-2010:15630
17850,490697,21869,POTTING SHED COFFEE MUG,12,1.06,2009-12-07 14:27:00,United Kingdom,online_retail_II.xlsx,Year 2009-2010,15631,Year 2009-2010:15631
17850,490697,21868,POTTING SHED TEA MUG,12,1.06,2009-12-07 14:27:00,United Kingdom,online_retail_II.xlsx,Year 2009-2010,15632,Year 2009-2010:15632
17850,490697,21733,RED HANGING HEART T-LIGHT HOLDER,12,2.55,2009-12-07 14:27:00,United Kingdom,online_retail_II.xlsx,Year 2009-2010,15633,Year 2009-2010:15633
17850,490697,85123A,WHITE HANGING HEART T-LIGHT HOLDER,12,2.55,2009-12-07 14:27:00,United Kingdom,online_retail_II.xlsx,Year 2009-2010,15634,Year 2009-2010:15634
17850,490697,82486,WOOD S/3 CABINET ANT WHITE FINISH,4,6.95,2009-12-07 14:27:00,United Kingdom,online_retail_II.xlsx,Year 2009-2010,15635,Year 2009-2010:15635
17850,490697,82482,WOODEN PICTURE FRAME WHITE FINISH,6,2.1,2009-12-07 14:27:00,United Kingdom,online_retail_II.xlsx,Year 2009-2010,15636,Year 2009-2010:15636
17850,490697,82483,WOOD 2 DRAWER CABINET WHITE FINISH,4,4.95,2009-12-07 14:27:00,United Kingdom,online_retail_II.xlsx,Year 2009-2010,15637,Year 2009-2010:15637
17850,490697,82494L,WOODEN FRAME ANTIQUE WHITE,6,2.55,2009-12-07 14:27:00,United Kingdom,online_retail_II.xlsx,Year 2009-2010,15638,Year 2009-2010:15638
17850,490697,21523,FANCY FONT HOME SWEET HOME DOORMAT,6,5.95,2009-12-07 14:27:00,United Kingdom,online_retail_II.xlsx,Year 2009-2010,15639,Year 2009-2010:15639
17850,490697,21955,UNION JACK GUNS & ROSES  DOORMAT,6,5.95,2009-12-07 14:27:00,United Kingdom,online_retail_II.xlsx,Year 2009-2010,15640,Year 2009-2010:15640
17850,490697,85014A,BLACK/BLUE DOTS RUFFLED UMBRELLA,6,4.95,2009-12-07 14:27:00,United Kingdom,online_retail_II.xlsx,Year 2009-2010,15641,Year 2009-2010:15641
17850,490697,15056N,EDWARDIAN PARASOL NATURAL,6,4.95,2009-12-07 14:27:00,United Kingdom,online_retail_II.xlsx,Year 2009-2010,15642,Year 2009-2010:15642
17850,490697,20679,EDWARDIAN PARASOL RED,6,4.95,2009-12-07 14:27:00,United Kingdom,online_retail_II.xlsx,Year 2009-2010,15643,Year 2009-2010:15643
17850,494440,22173,METAL 4 HOOK HANGER FRENCH CHATEAU,8,2.55,2010-01-14 12:46:00,United Kingdom,online_retail_II.xlsx,Year 2009-2010,55955,Year 2009-2010:55955
17850,494440,22189,CREAM HEART CARD HOLDER,8,3.39,2010-01-14 12:46:00,United Kingdom,online_retail_II.xlsx,Year 2009-2010,55956,Year 2009-2010:55956
17850,494440,22291,"SPRING DEC , HANGING CHICK CREAM",24,1.25,2010-01-14 12:46:00,United Kingdom,online_retail_II.xlsx,Year 2009-2010,55957,Year 2009-2010:55957
17850,494440,22352,LUNCHBOX WITH CUTLERY RETROSPOT,6,2.1,2010-01-14 12:46:00,United Kingdom,online_retail_II.xlsx,Year 2009-2010,55958,Year 2009-2010:55958
17850,494440,22087,PAPER BUNTING WHITE LACE,6,2.55,2010-01-14 12:46:00,United Kingdom,online_retail_II.xlsx,Year 2009-2010,55959,Year 2009-2010:55959
17850,494440,21935,SUKI  SHOULDER BAG,10,1.45,2010-01-14 12:46:00,United Kingdom,online_retail_II.xlsx,Year 2009-2010,55960,Year 2009-2010:55960
17850,494440,21934,SKULL SHOULDER BAG,10,1.45,2010-01-14 12:46:00,United Kingdom,online_retail_II.xlsx,Year 2009-2010,55961,Year 2009-2010:55961
17850,494440,85099C,JUMBO  BAG BAROQUE BLACK WHITE,10,1.65,2010-01-14 12:46:00,United Kingdom,online_retail_II.xlsx,Year 2009-2010,55962,Year 2009-2010:55962
17850,494440,21733,RED HANGING HEART T-LIGHT HOLDER,6,2.55,2010-01-14 12:46:00,United Kingdom,online_retail_II.xlsx,Year 2009-2010,55963,Year 2009-2010:55963
17850,494440,85123A,WHITE HANGING HEART T-LIGHT HOLDER,6,2.55,2010-01-14 12:46:00,United Kingdom,online_retail_II.xlsx,Year 2009-2010,55964,Year 2009-2010:55964
17850,494440,82483,WOOD 2 DRAWER CABINET WHITE FINISH,4,4.95,2010-01-14 12:46:00,United Kingdom,online_retail_II.xlsx,Year 2009-2010,55965,Year 2009-2010:55965
17850,494440,82486,WOOD S/3 CABINET ANT WHITE FINISH,2,6.95,2010-01-14 12:46:00,United Kingdom,online_retail_II.xlsx,Year 2009-2010,55966,Year 2009-2010:55966
17850,494440,82482,WOODEN PICTURE FRAME WHITE FINISH,6,2.1,2010-01-14 12:46:00,United Kingdom,online_retail_II.xlsx,Year 2009-2010,55967,Year 2009-2010:55967
17850,494440,82494L,WOODEN FRAME ANTIQUE WHITE,6,2.55,2010-01-14 12:46:00,United Kingdom,online_retail_II.xlsx,Year 2009-2010,55968,Year 2009-2010:55968
17850,494440,21523,FANCY FONT HOME SWEET HOME DOORMAT,4,5.95,2010-01-14 12:46:00,United Kingdom,online_retail_II.xlsx,Year 2009-2010,55969,Year 2009-2010:55969
17850,494440,21955,UNION JACK GUNS & ROSES  DOORMAT,4,5.95,2010-01-14 12:46:00,United Kingdom,online_retail_II.xlsx,Year 2009-2010,55970,Year 2009-2010:55970
17850,494445,22173,METAL 4 HOOK HANGER FRENCH CHATEAU,8,2.55,2010-01-14 13:14:00,United Kingdom,online_retail_II.xlsx,Year 2009-2010,56069,Year 2009-2010:56069
17850,494445,22189,CREAM HEART CARD HOLDER,8,3.39,2010-01-14 13:14:00,United Kingdom,online_retail_II.xlsx,Year 2009-2010,56070,Year 2009-2010:56070
17850,494445,22291,"SPRING DEC , HANGING CHICK CREAM",24,1.25,2010-01-14 13:14:00,United Kingdom,online_retail_II.xlsx,Year 2009-2010,56071,Year 2009-2010:56071
17850,494445,22352,LUNCHBOX WITH CUTLERY RETROSPOT,6,2.1,2010-01-14 13:14:00,United Kingdom,online_retail_II.xlsx,Year 2009-2010,56072,Year 2009-2010:56072
17850,494445,22087,PAPER BUNTING WHITE LACE,6,2.55,2010-01-14 13:14:00,United Kingdom,online_retail_II.xlsx,Year 2009-2010,56073,Year 2009-2010:56073
17850,494445,21935,SUKI  SHOULDER BAG,10,1.45,2010-01-14 13:14:00,United Kingdom,online_retail_II.xlsx,Year 2009-2010,56074,Year 2009-2010:56074
17850,494445,21934,SKULL SHOULDER BAG,10,1.45,2010-01-14 13:14:00,United Kingdom,online_retail_II.xlsx,Year 2009-2010,56075,Year 2009-2010:56075
17850,494445,85099C,JUMBO  BAG BAROQUE BLACK WHITE,10,1.65,2010-01-14 13:14:00,United Kingdom,online_retail_II.xlsx,Year 2009-2010,56076,Year 2009-2010:56076
17850,494445,21733,RED HANGING HEART T-LIGHT HOLDER,6,2.55,2010-01-14 13:14:00,United Kingdom,online_retail_II.xlsx,Year 2009-2010,56077,Year 2009-2010:56077
17850,494445,85123A,WHITE HANGING HEART T-LIGHT HOLDER,6,2.55,2010-01-14 13:14:00,United Kingdom,online_retail_II.xlsx,Year 2009-2010,56078,Year 2009-2010:56078
17850,494445,82483,WOOD 2 DRAWER CABINET WHITE FINISH,4,4.95,2010-01-14 13:14:00,United Kingdom,online_retail_II.xlsx,Year 2009-2010,56079,Year 2009-2010:56079
17850,494445,82486,WOOD S/3 CABINET ANT WHITE FINISH,4,6.95,2010-01-14 13:14:00,United Kingdom,online_retail_II.xlsx,Year 2009-2010,56080,Year 2009-2010:56080
17850,494445,82482,WOODEN PICTURE FRAME WHITE FINISH,6,2.1,2010-01-14 13:14:00,United Kingdom,online_retail_II.xlsx,Year 2009-2010,56081,Year 2009-2010:56081
17850,494445,82494L,WOODEN FRAME ANTIQUE WHITE,6,2.55,2010-01-14 13:14:00,United Kingdom,online_retail_II.xlsx,Year 2009-2010,56082,Year 2009-2010:56082
17850,494445,21523,FANCY FONT HOME SWEET HOME DOORMAT,2,5.95,2010-01-14 13:14:00,United Kingdom,online_retail_II.xlsx,Year 2009-2010,56083,Year 2009-2010:56083
17850,494445,21955,UNION JACK GUNS & ROSES  DOORMAT,2,5.95,2010-01-14 13:14:00,United Kingdom,online_retail_II.xlsx,Year 2009-2010,56084,Year 2009-2010:56084
17850,494455,82494L,WOODEN FRAME ANTIQUE WHITE,12,2.55,2010-01-14 14:06:00,United Kingdom,online_retail_II.xlsx,Year 2009-2010,56167,Year 2009-2010:56167
17850,494455,21523,FANCY FONT HOME SWEET HOME DOORMAT,4,5.95,2010-01-14 14:06:00,United Kingdom,online_retail_II.xlsx,Year 2009-2010,56168,Year 2009-2010:56168
17850,494455,82482,WOODEN PICTURE FRAME WHITE FINISH,12,2.1,2010-01-14 14:06:00,United Kingdom,online_retail_II.xlsx,Year 2009-2010,56169,Year 2009-2010:56169
17850,494455,21955,UNION JACK GUNS & ROSES  DOORMAT,6,5.95,2010-01-14 14:06:00,United Kingdom,online_retail_II.xlsx,Year 2009-2010,56170,Year 2009-2010:56170
17850,494455,15056BL,EDWARDIAN PARASOL BLACK,6,4.95,2010-01-14 14:06:00,United Kingdom,online_retail_II.xlsx,Year 2009-2010,56171,Year 2009-2010:56171
17850,494455,20679,EDWARDIAN PARASOL RED,6,4.95,2010-01-14 14:06:00,United Kingdom,online_retail_II.xlsx,Year 2009-2010,56172,Year 2009-2010:56172
17850,494455,22087,PAPER BUNTING WHITE LACE,6,2.55,2010-01-14 14:06:00,United Kingdom,online_retail_II.xlsx,Year 2009-2010,56173,Year 2009-2010:56173
17850,494455,22173,METAL 4 HOOK HANGER FRENCH CHATEAU,8,2.55,2010-01-14 14:06:00,United Kingdom,online_retail_II.xlsx,Year 2009-2010,56174,Year 2009-2010:56174
17850,494455,22189,CREAM HEART CARD HOLDER,10,3.39,2010-01-14 14:06:00,United Kingdom,online_retail_II.xlsx,Year 2009-2010,56175,Year 2009-2010:56175
17850,494455,22291,"SPRING DEC , HANGING CHICK CREAM",24,1.25,2010-01-14 14:06:00,United Kingdom,online_retail_II.xlsx,Year 2009-2010,56176,Year 2009-2010:56176
17850,494455,22352,LUNCHBOX WITH CUTLERY RETROSPOT,6,2.1,2010-01-14 14:06:00,United Kingdom,online_retail_II.xlsx,Year 2009-2010,56177,Year 2009-2010:56177
17850,494455,21935,SUKI  SHOULDER BAG,10,1.45,2010-01-14 14:06:00,United Kingdom,online_retail_II.xlsx,Year 2009-2010,56178,Year 2009-2010:56178
17850,494455,21934,SKULL SHOULDER BAG,10,1.45,2010-01-14 14:06:00,United Kingdom,online_retail_II.xlsx,Year 2009-2010,56179,Year 2009-2010:56179
17850,494455,85099C,JUMBO  BAG BAROQUE BLACK WHITE,10,1.65,2010-01-14 14:06:00,United Kingdom,online_retail_II.xlsx,Year 2009-2010,56180,Year 2009-2010:56180
17850,494455,22275,WEEKEND BAG VINTAGE ROSE PAISLEY,8,7.65,2010-01-14 14:06:00,United Kingdom,online_retail_II.xlsx,Year 2009-2010,56181,Year 2009-2010:56181
17850,494455,21733,RED HANGING HEART T-LIGHT HOLDER,12,2.55,2010-01-14 14:06:00,United Kingdom,online_retail_II.xlsx,Year 2009-2010,56182,Year 2009-2010:56182
17850,494455,85123A,WHITE HANGING HEART T-LIGHT HOLDER,12,2.55,2010-01-14 14:06:00,United Kingdom,online_retail_II.xlsx,Year 2009-2010,56183,Year 2009-2010:56183
17850,494455,15056N,EDWARDIAN PARASOL NATURAL,6,4.95,2010-01-14 14:06:00,United Kingdom,online_retail_II.xlsx,Year 2009-2010,56184,Year 2009-2010:56184
17850,494455,82483,WOOD 2 DRAWER CABINET WHITE FINISH,4,4.95,2010-01-14 14:06:00,United Kingdom,online_retail_II.xlsx,Year 2009-2010,56185,Year 2009-2010:56185
17850,494455,82486,WOOD S/3 CABINET ANT WHITE FINISH,4,6.95,2010-01-14 14:06:00,United Kingdom,online_retail_II.xlsx,Year 2009-2010,56186,Year 2009-2010:56186
17850,494481,22173,METAL 4 HOOK HANGER FRENCH CHATEAU,8,2.55,2010-01-14 16:24:00,United Kingdom,online_retail_II.xlsx,Year 2009-2010,56728,Year 2009-2010:56728
17850,494481,22189,CREAM HEART CARD HOLDER,10,3.39,2010-01-14 16:24:00,United Kingdom,online_retail_II.xlsx,Year 2009-2010,56729,Year 2009-2010:56729
17850,494481,22291,"SPRING DEC , HANGING CHICK CREAM",24,1.25,2010-01-14 16:24:00,United Kingdom,online_retail_II.xlsx,Year 2009-2010,56730,Year 2009-2010:56730
17850,494481,22352,LUNCHBOX WITH CUTLERY RETROSPOT,6,2.1,2010-01-14 16:24:00,United Kingdom,online_retail_II.xlsx,Year 2009-2010,56731,Year 2009-2010:56731
17850,494481,21935,SUKI  SHOULDER BAG,10,1.45,2010-01-14 16:24:00,United Kingdom,online_retail_II.xlsx,Year 2009-2010,56732,Year 2009-2010:56732
17850,494481,82482,WOODEN PICTURE FRAME WHITE FINISH,12,2.1,2010-01-14 16:24:00,United Kingdom,online_retail_II.xlsx,Year 2009-2010,56733,Year 2009-2010:56733
17850,494481,82494L,WOODEN FRAME ANTIQUE WHITE,12,2.55,2010-01-14 16:24:00,United Kingdom,online_retail_II.xlsx,Year 2009-2010,56734,Year 2009-2010:56734
17850,494481,21523,FANCY FONT HOME SWEET HOME DOORMAT,4,5.95,2010-01-14 16:24:00,United Kingdom,online_retail_II.xlsx,Year 2009-2010,56735,Year 2009-2010:56735
17850,494481,21955,UNION JACK GUNS & ROSES  DOORMAT,6,5.95,2010-01-14 16:24:00,United Kingdom,online_retail_II.xlsx,Year 2009-2010,56736,Year 2009-2010:56736
17850,494481,15056BL,EDWARDIAN PARASOL BLACK,6,4.95,2010-01-14 16:24:00,United Kingdom,online_retail_II.xlsx,Year 2009-2010,56737,Year 2009-2010:56737
17850,494481,20679,EDWARDIAN PARASOL RED,6,4.95,2010-01-14 16:24:00,United Kingdom,online_retail_II.xlsx,Year 2009-2010,56738,Year 2009-2010:56738
17850,494481,22087,PAPER BUNTING WHITE LACE,6,2.55,2010-01-14 16:24:00,United Kingdom,online_retail_II.xlsx,Year 2009-2010,56739,Year 2009-2010:56739
17850,494481,21934,SKULL SHOULDER BAG,10,1.45,2010-01-14 16:24:00,United Kingdom,online_retail_II.xlsx,Year 2009-2010,56774,Year 2009-2010:56774
17850,494481,85099C,JUMBO  BAG BAROQUE BLACK WHITE,10,1.65,2010-01-14 16:24:00,United Kingdom,online_retail_II.xlsx,Year 2009-2010,56775,Year 2009-2010:56775
17850,494481,22275,WEEKEND BAG VINTAGE ROSE PAISLEY,8,7.65,2010-01-14 16:24:00,United Kingdom,online_retail_II.xlsx,Year 2009-2010,56776,Year 2009-2010:56776
17850,494481,21733,RED HANGING HEART T-LIGHT HOLDER,12,2.55,2010-01-14 16:24:00,United Kingdom,online_retail_II.xlsx,Year 2009-2010,56777,Year 2009-2010:56777
17850,494481,85123A,WHITE HANGING HEART T-LIGHT HOLDER,12,2.55,2010-01-14 16:24:00,United Kingdom,online_retail_II.xlsx,Year 2009-2010,56778,Year 2009-2010:56778
17850,494481,15056N,EDWARDIAN PARASOL NATURAL,6,4.95,2010-01-14 16:24:00,United Kingdom,online_retail_II.xlsx,Year 2009-2010,56779,Year 2009-2010:56779
17850,494481,82483,WOOD 2 DRAWER CABINET WHITE FINISH,4,4.95,2010-01-14 16:24:00,United Kingdom,online_retail_II.xlsx,Year 2009-2010,56780,Year 2009-2010:56780
17850,494481,82486,WOOD S/3 CABINET ANT WHITE FINISH,4,6.95,2010-01-14 16:24:00,United Kingdom,online_retail_II.xlsx,Year 2009-2010,56781,Year 2009-2010:56781
17850,494490,82482,WOODEN PICTURE FRAME WHITE FINISH,12,2.1,2010-01-14 17:20:00,United Kingdom,online_retail_II.xlsx,Year 2009-2010,56847,Year 2009-2010:56847
17850,494490,82494L,WOODEN FRAME ANTIQUE WHITE,12,2.55,2010-01-14 17:20:00,United Kingdom,online_retail_II.xlsx,Year 2009-2010,56848,Year 2009-2010:56848
17850,494490,21523,FANCY FONT HOME SWEET HOME DOORMAT,4,5.95,2010-01-14 17:20:00,United Kingdom,online_retail_II.xlsx,Year 2009-2010,56849,Year 2009-2010:56849
17850,494490,21955,UNION JACK GUNS & ROSES  DOORMAT,4,5.95,2010-01-14 17:20:00,United Kingdom,online_retail_II.xlsx,Year 2009-2010,56850,Year 2009-2010:56850
17850,494490,15056BL,EDWARDIAN PARASOL BLACK,6,4.95,2010-01-14 17:20:00,United Kingdom,online_retail_II.xlsx,Year 2009-2010,56851,Year 2009-2010:56851
17850,494490,20679,EDWARDIAN PARASOL RED,6,4.95,2010-01-14 17:20:00,United Kingdom,online_retail_II.xlsx,Year 2009-2010,56852,Year 2009-2010:56852
17850,494490,22087,PAPER BUNTING WHITE LACE,6,2.55,2010-01-14 17:20:00,United Kingdom,online_retail_II.xlsx,Year 2009-2010,56853,Year 2009-2010:56853
17850,494490,22173,METAL 4 HOOK HANGER FRENCH CHATEAU,8,2.55,2010-01-14 17:20:00,United Kingdom,online_retail_II.xlsx,Year 2009-2010,56854,Year 2009-2010:56854
17850,494490,22189,CREAM HEART CARD HOLDER,8,3.39,2010-01-14 17:20:00,United Kingdom,online_retail_II.xlsx,Year 2009-2010,56855,Year 2009-2010:56855
17850,494490,22291,"SPRING DEC , HANGING CHICK CREAM",24,1.25,2010-01-14 17:20:00,United Kingdom,online_retail_II.xlsx,Year 2009-2010,56856,Year 2009-2010:56856
17850,494490,22352,LUNCHBOX WITH CUTLERY RETROSPOT,6,2.1,2010-01-14 17:20:00,United Kingdom,online_retail_II.xlsx,Year 2009-2010,56857,Year 2009-2010:56857
17850,494490,21935,SUKI  SHOULDER BAG,10,1.45,2010-01-14 17:20:00,United Kingdom,online_retail_II.xlsx,Year 2009-2010,56858,Year 2009-2010:56858
17850,494490,21934,SKULL SHOULDER BAG,10,1.45,2010-01-14 17:20:00,United Kingdom,online_retail_II.xlsx,Year 2009-2010,56859,Year 2009-2010:56859
17850,494490,85099C,JUMBO  BAG BAROQUE BLACK WHITE,10,1.65,2010-01-14 17:20:00,United Kingdom,online_retail_II.xlsx,Year 2009-2010,56865,Year 2009-2010:56865
17850,494490,22275,WEEKEND BAG VINTAGE ROSE PAISLEY,6,7.65,2010-01-14 17:20:00,United Kingdom,online_retail_II.xlsx,Year 2009-2010,56866,Year 2009-2010:56866
17850,494490,21733,RED HANGING HEART T-LIGHT HOLDER,12,2.55,2010-01-14 17:20:00,United Kingdom,online_retail_II.xlsx,Year 2009-2010,56867,Year 2009-2010:56867
17850,494490,85123A,WHITE HANGING HEART T-LIGHT HOLDER,12,2.55,2010-01-14 17:20:00,United Kingdom,online_retail_II.xlsx,Year 2009-2010,56868,Year 2009-2010:56868
17850,494490,15056N,EDWARDIAN PARASOL NATURAL,6,4.95,2010-01-14 17:20:00,United Kingdom,online_retail_II.xlsx,Year 2009-2010,56869,Year 2009-2010:56869
17850,494490,82483,WOOD 2 DRAWER CABINET WHITE FINISH,4,4.95,2010-01-14 17:20:00,United Kingdom,online_retail_II.xlsx,Year 2009-2010,56870,Year 2009-2010:56870
17850,494490,82486,WOOD S/3 CABINET ANT WHITE FINISH,4,6.95,2010-01-14 17:20:00,United Kingdom,online_retail_II.xlsx,Year 2009-2010,56871,Year 2009-2010:56871
17850,494499,82482,WOODEN PICTURE FRAME WHITE FINISH,6,2.1,2010-01-14 18:03:00,United Kingdom,online_retail_II.xlsx,Year 2009-2010,57176,Year 2009-2010:57176
17850,494499,82494L,WOODEN FRAME ANTIQUE WHITE,6,2.55,2010-01-14 18:03:00,United Kingdom,online_retail_II.xlsx,Year 2009-2010,57177,Year 2009-2010:57177
17850,494499,21523,FANCY FONT HOME SWEET HOME DOORMAT,4,5.95,2010-01-14 18:03:00,United Kingdom,online_retail_II.xlsx,Year 2009-2010,57178,Year 2009-2010:57178
17850,494499,21955,UNION JACK GUNS & ROSES  DOORMAT,4,5.95,2010-01-14 18:03:00,United Kingdom,online_retail_II.xlsx,Year 2009-2010,57179,Year 2009-2010:57179
17850,494499,15056BL,EDWARDIAN PARASOL BLACK,6,4.95,2010-01-14 18:03:00,United Kingdom,online_retail_II.xlsx,Year 2009-2010,57180,Year 2009-2010:57180
17850,494499,20679,EDWARDIAN PARASOL RED,6,4.95,2010-01-14 18:03:00,United Kingdom,online_retail_II.xlsx,Year 2009-2010,57181,Year 2009-2010:57181
17850,494499,22087,PAPER BUNTING WHITE LACE,6,2.55,2010-01-14 18:03:00,United Kingdom,online_retail_II.xlsx,Year 2009-2010,57182,Year 2009-2010:57182
17850,494499,22173,METAL 4 HOOK HANGER FRENCH CHATEAU,8,2.55,2010-01-14 18:03:00,United Kingdom,online_retail_II.xlsx,Year 2009-2010,57183,Year 2009-2010:57183
17850,494499,22189,CREAM HEART CARD HOLDER,8,3.39,2010-01-14 18:03:00,United Kingdom,online_retail_II.xlsx,Year 2009-2010,57184,Year 2009-2010:57184
17850,494499,22291,"SPRING DEC , HANGING CHICK CREAM",24,1.25,2010-01-14 18:03:00,United Kingdom,online_retail_II.xlsx,Year 2009-2010,57185,Year 2009-2010:57185
17850,494499,22352,LUNCHBOX WITH CUTLERY RETROSPOT,6,2.1,2010-01-14 18:03:00,United Kingdom,online_retail_II.xlsx,Year 2009-2010,57186,Year 2009-2010:57186
17850,494499,21935,SUKI  SHOULDER BAG,10,1.45,2010-01-14 18:03:00,United Kingdom,online_retail_II.xlsx,Year 2009-2010,57187,Year 2009-2010:57187
17850,494499,21934,SKULL SHOULDER BAG,10,1.45,2010-01-14 18:03:00,United Kingdom,online_retail_II.xlsx,Year 2009-2010,57188,Year 2009-2010:57188
17850,494499,85099C,JUMBO  BAG BAROQUE BLACK WHITE,10,1.65,2010-01-14 18:03:00,United Kingdom,online_retail_II.xlsx,Year 2009-2010,57189,Year 2009-2010:57189
17850,494499,22275,WEEKEND BAG VINTAGE ROSE PAISLEY,6,7.65,2010-01-14 18:03:00,United Kingdom,online_retail_II.xlsx,Year 2009-2010,57190,Year 2009-2010:57190
17850,494499,21733,RED HANGING HEART T-LIGHT HOLDER,12,2.55,2010-01-14 18:03:00,United Kingdom,online_retail_II.xlsx,Year 2009-2010,57191,Year 2009-2010:57191
17850,494499,85123A,WHITE HANGING HEART T-LIGHT HOLDER,12,2.55,2010-01-14 18:03:00,United Kingdom,online_retail_II.xlsx,Year 2009-2010,57192,Year 2009-2010:57192
17850,494499,15056N,EDWARDIAN PARASOL NATURAL,6,4.95,2010-01-14 18:03:00,United Kingdom,online_retail_II.xlsx,Year 2009-2010,57193,Year 2009-2010:57193
17850,494499,82483,WOOD 2 DRAWER CABINET WHITE FINISH,4,4.95,2010-01-14 18:03:00,United Kingdom,online_retail_II.xlsx,Year 2009-2010,57194,Year 2009-2010:57194
17850,494499,82486,WOOD S/3 CABINET ANT WHITE FINISH,4,6.95,2010-01-14 18:03:00,United Kingdom,online_retail_II.xlsx,Year 2009-2010,57195,Year 2009-2010:57195
17850,494503,21935,SUKI  SHOULDER BAG,10,1.45,2010-01-14 18:56:00,United Kingdom,online_retail_II.xlsx,Year 2009-2010,57201,Year 2009-2010:57201
17850,494503,21934,SKULL SHOULDER BAG,10,1.45,2010-01-14 18:56:00,United Kingdom,online_retail_II.xlsx,Year 2009-2010,57202,Year 2009-2010:57202
17850,494503,85099C,JUMBO  BAG BAROQUE BLACK WHITE,10,1.65,2010-01-14 18:56:00,United Kingdom,online_retail_II.xlsx,Year 2009-2010,57203,Year 2009-2010:57203
17850,494503,22275,WEEKEND BAG VINTAGE ROSE PAISLEY,8,7.65,2010-01-14 18:56:00,United Kingdom,online_retail_II.xlsx,Year 2009-2010,57204,Year 2009-2010:57204
17850,494503,21733,RED HANGING HEART T-LIGHT HOLDER,12,2.55,2010-01-14 18:56:00,United Kingdom,online_retail_II.xlsx,Year 2009-2010,57205,Year 2009-2010:57205
17850,494503,85123A,WHITE HANGING HEART T-LIGHT HOLDER,12,2.55,2010-01-14 18:56:00,United Kingdom,online_retail_II.xlsx,Year 2009-2010,57206,Year 2009-2010:57206
17850,494503,15056N,EDWARDIAN PARASOL NATURAL,6,4.95,2010-01-14 18:56:00,United Kingdom,online_retail_II.xlsx,Year 2009-2010,57207,Year 2009-2010:57207
17850,494503,82483,WOOD 2 DRAWER CABINET WHITE FINISH,4,4.95,2010-01-14 18:56:00,United Kingdom,online_retail_II.xlsx,Year 2009-2010,57208,Year 2009-2010:57208
17850,494503,82486,WOOD S/3 CABINET ANT WHITE FINISH,4,6.95,2010-01-14 18:56:00,United Kingdom,online_retail_II.xlsx,Year 2009-2010,57209,Year 2009-2010:57209
17850,494503,82482,WOODEN PICTURE FRAME WHITE FINISH,6,2.1,2010-01-14 18:56:00,United Kingdom,online_retail_II.xlsx,Year 2009-2010,57210,Year 2009-2010:57210
17850,494503,82494L,WOODEN FRAME ANTIQUE WHITE,6,2.55,2010-01-14 18:56:00,United Kingdom,online_retail_II.xlsx,Year 2009-2010,57211,Year 2009-2010:57211
17850,494503,21523,FANCY FONT HOME SWEET HOME DOORMAT,4,5.95,2010-01-14 18:56:00,United Kingdom,online_retail_II.xlsx,Year 2009-2010,57212,Year 2009-2010:57212
17850,494503,21955,UNION JACK GUNS & ROSES  DOORMAT,4,5.95,2010-01-14 18:56:00,United Kingdom,online_retail_II.xlsx,Year 2009-2010,57213,Year 2009-2010:57213
17850,494503,15056BL,EDWARDIAN PARASOL BLACK,6,4.95,2010-01-14 18:56:00,United Kingdom,online_retail_II.xlsx,Year 2009-2010,57214,Year 2009-2010:57214
17850,494503,20679,EDWARDIAN PARASOL RED,6,4.95,2010-01-14 18:56:00,United Kingdom,online_retail_II.xlsx,Year 2009-2010,57215,Year 2009-2010:57215
17850,494503,22087,PAPER BUNTING WHITE LACE,6,2.55,2010-01-14 18:56:00,United Kingdom,online_retail_II.xlsx,Year 2009-2010,57216,Year 2009-2010:57216
17850,494503,22173,METAL 4 HOOK HANGER FRENCH CHATEAU,8,2.55,2010-01-14 18:56:00,United Kingdom,online_retail_II.xlsx,Year 2009-2010,57217,Year 2009-2010:57217
17850,494503,22189,CREAM HEART CARD HOLDER,8,3.39,2010-01-14 18:56:00,United Kingdom,online_retail_II.xlsx,Year 2009-2010,57218,Year 2009-2010:57218
17850,494503,22291,"SPRING DEC , HANGING CHICK CREAM",24,1.25,2010-01-14 18:56:00,United Kingdom,online_retail_II.xlsx,Year 2009-2010,57219,Year 2009-2010:57219
17850,494503,22352,LUNCHBOX WITH CUTLERY RETROSPOT,6,2.1,2010-01-14 18:56:00,United Kingdom,online_retail_II.xlsx,Year 2009-2010,57220,Year 2009-2010:57220
17850,494506,21935,SUKI  SHOULDER BAG,10,1.45,2010-01-14 19:36:00,United Kingdom,online_retail_II.xlsx,Year 2009-2010,57237,Year 2009-2010:57237
17850,494506,21934,SKULL SHOULDER BAG,10,1.45,2010-01-14 19:36:00,United Kingdom,online_retail_II.xlsx,Year 2009-2010,57238,Year 2009-2010:57238
17850,494506,85099C,JUMBO  BAG BAROQUE BLACK WHITE,10,1.65,2010-01-14 19:36:00,United Kingdom,online_retail_II.xlsx,Year 2009-2010,57239,Year 2009-2010:57239
17850,494506,22275,WEEKEND BAG VINTAGE ROSE PAISLEY,6,7.65,2010-01-14 19:36:00,United Kingdom,online_retail_II.xlsx,Year 2009-2010,57240,Year 2009-2010:57240
17850,494506,21733,RED HANGING HEART T-LIGHT HOLDER,6,2.55,2010-01-14 19:36:00,United Kingdom,online_retail_II.xlsx,Year 2009-2010,57241,Year 2009-2010:57241
17850,494506,85123A,WHITE HANGING HEART T-LIGHT HOLDER,6,2.55,2010-01-14 19:36:00,United Kingdom,online_retail_II.xlsx,Year 2009-2010,57242,Year 2009-2010:57242
17850,494506,15056N,EDWARDIAN PARASOL NATURAL,6,4.95,2010-01-14 19:36:00,United Kingdom,online_retail_II.xlsx,Year 2009-2010,57243,Year 2009-2010:57243
17850,494506,82483,WOOD 2 DRAWER CABINET WHITE FINISH,4,4.95,2010-01-14 19:36:00,United Kingdom,online_retail_II.xlsx,Year 2009-2010,57244,Year 2009-2010:57244
17850,494506,82486,WOOD S/3 CABINET ANT WHITE FINISH,4,6.95,2010-01-14 19:36:00,United Kingdom,online_retail_II.xlsx,Year 2009-2010,57245,Year 2009-2010:57245
17850,494506,82482,WOODEN PICTURE FRAME WHITE FINISH,6,2.1,2010-01-14 19:36:00,United Kingdom,online_retail_II.xlsx,Year 2009-2010,57246,Year 2009-2010:57246
17850,494506,82494L,WOODEN FRAME ANTIQUE WHITE,6,2.55,2010-01-14 19:36:00,United Kingdom,online_retail_II.xlsx,Year 2009-2010,57247,Year 2009-2010:57247
17850,494506,21523,FANCY FONT HOME SWEET HOME DOORMAT,4,5.95,2010-01-14 19:36:00,United Kingdom,online_retail_II.xlsx,Year 2009-2010,57248,Year 2009-2010:57248
17850,494506,21955,UNION JACK GUNS & ROSES  DOORMAT,4,5.95,2010-01-14 19:36:00,United Kingdom,online_retail_II.xlsx,Year 2009-2010,57249,Year 2009-2010:57249
17850,494506,15056BL,EDWARDIAN PARASOL BLACK,6,4.95,2010-01-14 19:36:00,United Kingdom,online_retail_II.xlsx,Year 2009-2010,57250,Year 2009-2010:57250
17850,494506,20679,EDWARDIAN PARASOL RED,6,4.95,2010-01-14 19:36:00,United Kingdom,online_retail_II.xlsx,Year 2009-2010,57251,Year 2009-2010:57251
17850,494506,22087,PAPER BUNTING WHITE LACE,6,2.55,2010-01-14 19:36:00,United Kingdom,online_retail_II.xlsx,Year 2009-2010,57252,Year 2009-2010:57252
17850,494506,22173,METAL 4 HOOK HANGER FRENCH CHATEAU,8,2.55,2010-01-14 19:36:00,United Kingdom,online_retail_II.xlsx,Year 2009-2010,57253,Year 2009-2010:57253
17850,494506,22189,CREAM HEART CARD HOLDER,8,3.39,2010-01-14 19:36:00,United Kingdom,online_retail_II.xlsx,Year 2009-2010,57254,Year 2009-2010:57254
17850,494506,22291,"SPRING DEC , HANGING CHICK CREAM",24,1.25,2010-01-14 19:36:00,United Kingdom,online_retail_II.xlsx,Year 2009-2010,57255,Year 2009-2010:57255
17850,494506,22352,LUNCHBOX WITH CUTLERY RETROSPOT,6,2.1,2010-01-14 19:36:00,United Kingdom,online_retail_II.xlsx,Year 2009-2010,57256,Year 2009-2010:57256
17850,494510,21733,RED HANGING HEART T-LIGHT HOLDER,6,2.55,2010-01-15 08:59:00,United Kingdom,online_retail_II.xlsx,Year 2009-2010,57293,Year 2009-2010:57293
17850,494510,85123A,WHITE HANGING HEART T-LIGHT HOLDER,6,2.55,2010-01-15 08:59:00,United Kingdom,online_retail_II.xlsx,Year 2009-2010,57294,Year 2009-2010:57294
17850,494510,15056N,EDWARDIAN PARASOL NATURAL,6,4.95,2010-01-15 08:59:00,United Kingdom,online_retail_II.xlsx,Year 2009-2010,57295,Year 2009-2010:57295
17850,494510,82483,WOOD 2 DRAWER CABINET WHITE FINISH,4,4.95,2010-01-15 08:59:00,United Kingdom,online_retail_II.xlsx,Year 2009-2010,57296,Year 2009-2010:57296
17850,494510,82486,WOOD S/3 CABINET ANT WHITE FINISH,4,6.95,2010-01-15 08:59:00,United Kingdom,online_retail_II.xlsx,Year 2009-2010,57297,Year 2009-2010:57297
17850,494510,82482,WOODEN PICTURE FRAME WHITE FINISH,6,2.1,2010-01-15 08:59:00,United Kingdom,online_retail_II.xlsx,Year 2009-2010,57298,Year 2009-2010:57298
17850,494510,82494L,WOODEN FRAME ANTIQUE WHITE,6,2.55,2010-01-15 08:59:00,United Kingdom,online_retail_II.xlsx,Year 2009-2010,57299,Year 2009-2010:57299
17850,494510,21523,FANCY FONT HOME SWEET HOME DOORMAT,4,5.95,2010-01-15 08:59:00,United Kingdom,online_retail_II.xlsx,Year 2009-2010,57300,Year 2009-2010:57300
17850,494510,21955,UNION JACK GUNS & ROSES  DOORMAT,4,5.95,2010-01-15 08:59:00,United Kingdom,online_retail_II.xlsx,Year 2009-2010,57301,Year 2009-2010:57301
17850,494510,15056BL,EDWARDIAN PARASOL BLACK,6,4.95,2010-01-15 08:59:00,United Kingdom,online_retail_II.xlsx,Year 2009-2010,57302,Year 2009-2010:57302
17850,494510,20679,EDWARDIAN PARASOL RED,6,4.95,2010-01-15 08:59:00,United Kingdom,online_retail_II.xlsx,Year 2009-2010,57303,Year 2009-2010:57303
17850,494510,21935,SUKI  SHOULDER BAG,10,1.45,2010-01-15 08:59:00,United Kingdom,online_retail_II.xlsx,Year 2009-2010,57304,Year 2009-2010:57304
17850,494510,21934,SKULL SHOULDER BAG,10,1.45,2010-01-15 08:59:00,United Kingdom,online_retail_II.xlsx,Year 2009-2010,57305,Year 2009-2010:57305
17850,494510,85099C,JUMBO  BAG BAROQUE BLACK WHITE,10,1.65,2010-01-15 08:59:00,United Kingdom,online_retail_II.xlsx,Year 2009-2010,57306,Year 2009-2010:57306
17850,494510,22275,WEEKEND BAG VINTAGE ROSE PAISLEY,6,7.65,2010-01-15 08:59:00,United Kingdom,online_retail_II.xlsx,Year 2009-2010,57307,Year 2009-2010:57307
17850,494510,22087,PAPER BUNTING WHITE LACE,6,2.55,2010-01-15 08:59:00,United Kingdom,online_retail_II.xlsx,Year 2009-2010,57308,Year 2009-2010:57308
17850,494510,22173,METAL 4 HOOK HANGER FRENCH CHATEAU,8,2.55,2010-01-15 08:59:00,United Kingdom,online_retail_II.xlsx,Year 2009-2010,57309,Year 2009-2010:57309
17850,494510,22189,CREAM HEART CARD HOLDER,8,3.39,2010-01-15 08:59:00,United Kingdom,online_retail_II.xlsx,Year 2009-2010,57310,Year 2009-2010:57310
17850,494510,22291,"SPRING DEC , HANGING CHICK CREAM",24,1.25,2010-01-15 08:59:00,United Kingdom,online_retail_II.xlsx,Year 2009-2010,57311,Year 2009-2010:57311
17850,494510,22352,LUNCHBOX WITH CUTLERY RETROSPOT,6,2.1,2010-01-15 08:59:00,United Kingdom,online_retail_II.xlsx,Year 2009-2010,57312,Year 2009-2010:57312
17850,494514,22352,LUNCHBOX WITH CUTLERY RETROSPOT,12,2.1,2010-01-15 10:14:00,United Kingdom,online_retail_II.xlsx,Year 2009-2010,57388,Year 2009-2010:57388
17850,494514,22087,PAPER BUNTING WHITE LACE,12,2.55,2010-01-15 10:14:00,United Kingdom,online_retail_II.xlsx,Year 2009-2010,57389,Year 2009-2010:57389
17850,494514,21935,SUKI  SHOULDER BAG,10,1.45,2010-01-15 10:14:00,United Kingdom,online_retail_II.xlsx,Year 2009-2010,57390,Year 2009-2010:57390
17850,494514,21934,SKULL SHOULDER BAG,20,1.45,2010-01-15 10:14:00,United Kingdom,online_retail_II.xlsx,Year 2009-2010,57391,Year 2009-2010:57391
17850,494514,85099C,JUMBO  BAG BAROQUE BLACK WHITE,10,1.65,2010-01-15 10:14:00,United Kingdom,online_retail_II.xlsx,Year 2009-2010,57392,Year 2009-2010:57392
17850,494514,22275,WEEKEND BAG VINTAGE ROSE PAISLEY,6,7.65,2010-01-15 10:14:00,United Kingdom,online_retail_II.xlsx,Year 2009-2010,57393,Year 2009-2010:57393
17850,494514,21733,RED HANGING HEART T-LIGHT HOLDER,12,2.55,2010-01-15 10:14:00,United Kingdom,online_retail_II.xlsx,Year 2009-2010,57394,Year 2009-2010:57394
17850,494514,85123A,WHITE HANGING HEART T-LIGHT HOLDER,12,2.55,2010-01-15 10:14:00,United Kingdom,online_retail_II.xlsx,Year 2009-2010,57395,Year 2009-2010:57395
17850,494514,82483,WOOD 2 DRAWER CABINET WHITE FINISH,6,4.95,2010-01-15 10:14:00,United Kingdom,online_retail_II.xlsx,Year 2009-2010,57396,Year 2009-2010:57396
17850,494514,82486,WOOD S/3 CABINET ANT WHITE FINISH,6,6.95,2010-01-15 10:14:00,United Kingdom,online_retail_II.xlsx,Year 2009-2010,57397,Year 2009-2010:57397
17850,494514,82482,WOODEN PICTURE FRAME WHITE FINISH,12,2.1,2010-01-15 10:14:00,United Kingdom,online_retail_II.xlsx,Year 2009-2010,57398,Year 2009-2010:57398
17850,494514,82494L,WOODEN FRAME ANTIQUE WHITE,12,2.55,2010-01-15 10:14:00,United Kingdom,online_retail_II.xlsx,Year 2009-2010,57399,Year 2009-2010:57399
17850,494514,21523,FANCY FONT HOME SWEET HOME DOORMAT,6,5.95,2010-01-15 10:14:00,United Kingdom,online_retail_II.xlsx,Year 2009-2010,57400,Year 2009-2010:57400
17850,494514,21955,UNION JACK GUNS & ROSES  DOORMAT,6,5.95,2010-01-15 10:14:00,United Kingdom,online_retail_II.xlsx,Year 2009-2010,57401,Year 2009-2010:57401
17850,494514,15056BL,EDWARDIAN PARASOL BLACK,12,4.95,2010-01-15 10:14:00,United Kingdom,online_retail_II.xlsx,Year 2009-2010,57402,Year 2009-2010:57402
17850,494514,15056N,EDWARDIAN PARASOL NATURAL,12,4.95,2010-01-15 10:14:00,United Kingdom,online_retail_II.xlsx,Year 2009-2010,57403,Year 2009-2010:57403
17850,494514,20679,EDWARDIAN PARASOL RED,12,4.95,2010-01-15 10:14:00,United Kingdom,online_retail_II.xlsx,Year 2009-2010,57404,Year 2009-2010:57404
17850,494514,22189,CREAM HEART CARD HOLDER,10,3.39,2010-01-15 10:14:00,United Kingdom,online_retail_II.xlsx,Year 2009-2010,57405,Year 2009-2010:57405
17850,494514,22291,"SPRING DEC , HANGING CHICK CREAM",24,1.25,2010-01-15 10:14:00,United Kingdom,online_retail_II.xlsx,Year 2009-2010,57406,Year 2009-2010:57406
17850,494514,22173,METAL 4 HOOK HANGER FRENCH CHATEAU,12,2.55,2010-01-15 10:14:00,United Kingdom,online_retail_II.xlsx,Year 2009-2010,57407,Year 2009-2010:57407
17850,494589,21523,FANCY FONT HOME SWEET HOME DOORMAT,6,5.95,2010-01-15 11:56:00,United Kingdom,online_retail_II.xlsx,Year 2009-2010,57533,Year 2009-2010:57533
17850,494589,21955,UNION JACK GUNS & ROSES  DOORMAT,6,5.95,2010-01-15 11:56:00,United Kingdom,online_retail_II.xlsx,Year 2009-2010,57534,Year 2009-2010:57534
17850,494589,15056BL,EDWARDIAN PARASOL BLACK,6,4.95,2010-01-15 11:56:00,United Kingdom,online_retail_II.xlsx,Year 2009-2010,57535,Year 2009-2010:57535
17850,494589,15056N,EDWARDIAN PARASOL NATURAL,6,4.95,2010-01-15 11:56:00,United Kingdom,online_retail_II.xlsx,Year 2009-2010,57536,Year 2009-2010:57536
17850,494589,20679,EDWARDIAN PARASOL RED,6,4.95,2010-01-15 11:56:00,United Kingdom,online_retail_II.xlsx,Year 2009-2010,57537,Year 2009-2010:57537
17850,494589,22173,METAL 4 HOOK HANGER FRENCH CHATEAU,8,2.55,2010-01-15 11:56:00,United Kingdom,online_retail_II.xlsx,Year 2009-2010,57538,Year 2009-2010:57538
17850,494589,22189,CREAM HEART CARD HOLDER,10,3.39,2010-01-15 11:56:00,United Kingdom,online_retail_II.xlsx,Year 2009-2010,57539,Year 2009-2010:57539
17850,494589,22291,"SPRING DEC , HANGING CHICK CREAM",24,1.25,2010-01-15 11:56:00,United Kingdom,online_retail_II.xlsx,Year 2009-2010,57540,Year 2009-2010:57540
17850,494589,22352,LUNCHBOX WITH CUTLERY RETROSPOT,6,2.1,2010-01-15 11:56:00,United Kingdom,online_retail_II.xlsx,Year 2009-2010,57541,Year 2009-2010:57541
17850,494589,22087,PAPER BUNTING WHITE LACE,6,2.55,2010-01-15 11:56:00,United Kingdom,online_retail_II.xlsx,Year 2009-2010,57542,Year 2009-2010:57542
17850,494589,21935,SUKI  SHOULDER BAG,10,1.45,2010-01-15 11:56:00,United Kingdom,online_retail_II.xlsx,Year 2009-2010,57543,Year 2009-2010:57543
17850,494589,21934,SKULL SHOULDER BAG,10,1.45,2010-01-15 11:56:00,United Kingdom,online_retail_II.xlsx,Year 2009-2010,57544,Year 2009-2010:57544
17850,494589,85099C,JUMBO  BAG BAROQUE BLACK WHITE,10,1.65,2010-01-15 11:56:00,United Kingdom,online_retail_II.xlsx,Year 2009-2010,57545,Year 2009-2010:57545
17850,494589,22275,WEEKEND BAG VINTAGE ROSE PAISLEY,4,7.65,2010-01-15 11:56:00,United Kingdom,online_retail_II.xlsx,Year 2009-2010,57546,Year 2009-2010:57546
17850,494589,21733,RED HANGING HEART T-LIGHT HOLDER,6,2.55,2010-01-15 11:56:00,United Kingdom,online_retail_II.xlsx,Year 2009-2010,57547,Year 2009-2010:57547
17850,494589,85123A,WHITE HANGING HEART T-LIGHT HOLDER,6,2.55,2010-01-15 11:56:00,United Kingdom,online_retail_II.xlsx,Year 2009-2010,57548,Year 2009-2010:57548
17850,494589,82483,WOOD 2 DRAWER CABINET WHITE FINISH,4,4.95,2010-01-15 11:56:00,United Kingdom,online_retail_II.xlsx,Year 2009-2010,57549,Year 2009-2010:57549
17850,494589,82486,WOOD S/3 CABINET ANT WHITE FINISH,4,6.95,2010-01-15 11:56:00,United Kingdom,online_retail_II.xlsx,Year 2009-2010,57550,Year 2009-2010:57550
17850,494589,82482,WOODEN PICTURE FRAME WHITE FINISH,12,2.1,2010-01-15 11:56:00,United Kingdom,online_retail_II.xlsx,Year 2009-2010,57551,Year 2009-2010:57551
17850,494589,82494L,WOODEN FRAME ANTIQUE WHITE,12,2.55,2010-01-15 11:56:00,United Kingdom,online_retail_II.xlsx,Year 2009-2010,57552,Year 2009-2010:57552
17850,494608,22291,"SPRING DEC , HANGING CHICK CREAM",24,1.25,2010-01-15 12:51:00,United Kingdom,online_retail_II.xlsx,Year 2009-2010,57622,Year 2009-2010:57622
17850,494608,22352,LUNCHBOX WITH CUTLERY RETROSPOT,6,2.1,2010-01-15 12:51:00,United Kingdom,online_retail_II.xlsx,Year 2009-2010,57623,Year 2009-2010:57623
17850,494608,22087,PAPER BUNTING WHITE LACE,6,2.55,2010-01-15 12:51:00,United Kingdom,online_retail_II.xlsx,Year 2009-2010,57624,Year 2009-2010:57624
17850,494608,21935,SUKI  SHOULDER BAG,10,1.45,2010-01-15 12:51:00,United Kingdom,online_retail_II.xlsx,Year 2009-2010,57625,Year 2009-2010:57625
17850,494608,21934,SKULL SHOULDER BAG,10,1.45,2010-01-15 12:51:00,United Kingdom,online_retail_II.xlsx,Year 2009-2010,57626,Year 2009-2010:57626
17850,494608,85099C,JUMBO  BAG BAROQUE BLACK WHITE,10,1.65,2010-01-15 12:51:00,United Kingdom,online_retail_II.xlsx,Year 2009-2010,57627,Year 2009-2010:57627
17850,494608,22275,WEEKEND BAG VINTAGE ROSE PAISLEY,6,7.65,2010-01-15 12:51:00,United Kingdom,online_retail_II.xlsx,Year 2009-2010,57628,Year 2009-2010:57628
17850,494608,21733,RED HANGING HEART T-LIGHT HOLDER,6,2.55,2010-01-15 12:51:00,United Kingdom,online_retail_II.xlsx,Year 2009-2010,57629,Year 2009-2010:57629
17850,494608,85123A,WHITE HANGING HEART T-LIGHT HOLDER,6,2.55,2010-01-15 12:51:00,United Kingdom,online_retail_II.xlsx,Year 2009-2010,57630,Year 2009-2010:57630
17850,494608,82483,WOOD 2 DRAWER CABINET WHITE FINISH,6,4.95,2010-01-15 12:51:00,United Kingdom,online_retail_II.xlsx,Year 2009-2010,57631,Year 2009-2010:57631
17850,494608,82486,WOOD S/3 CABINET ANT WHITE FINISH,6,6.95,2010-01-15 12:51:00,United Kingdom,online_retail_II.xlsx,Year 2009-2010,57632,Year 2009-2010:57632
17850,494608,82482,WOODEN PICTURE FRAME WHITE FINISH,12,2.1,2010-01-15 12:51:00,United Kingdom,online_retail_II.xlsx,Year 2009-2010,57633,Year 2009-2010:57633
17850,494608,82494L,WOODEN FRAME ANTIQUE WHITE,12,2.55,2010-01-15 12:51:00,United Kingdom,online_retail_II.xlsx,Year 2009-2010,57634,Year 2009-2010:57634
17850,494608,21523,FANCY FONT HOME SWEET HOME DOORMAT,6,5.95,2010-01-15 12:51:00,United Kingdom,online_retail_II.xlsx,Year 2009-2010,57635,Year 2009-2010:57635
17850,494608,21955,UNION JACK GUNS & ROSES  DOORMAT,6,5.95,2010-01-15 12:51:00,United Kingdom,online_retail_II.xlsx,Year 2009-2010,57636,Year 2009-2010:57636
17850,494608,15056BL,EDWARDIAN PARASOL BLACK,6,4.95,2010-01-15 12:51:00,United Kingdom,online_retail_II.xlsx,Year 2009-2010,57637,Year 2009-2010:57637
17850,494608,15056N,EDWARDIAN PARASOL NATURAL,6,4.95,2010-01-15 12:51:00,United Kingdom,online_retail_II.xlsx,Year 2009-2010,57638,Year 2009-2010:57638
17850,494608,20679,EDWARDIAN PARASOL RED,6,4.95,2010-01-15 12:51:00,United Kingdom,online_retail_II.xlsx,Year 2009-2010,57639,Year 2009-2010:57639
17850,494608,22173,METAL 4 HOOK HANGER FRENCH CHATEAU,8,2.55,2010-01-15 12:51:00,United Kingdom,online_retail_II.xlsx,Year 2009-2010,57640,Year 2009-2010:57640
17850,494608,22189,CREAM HEART CARD HOLDER,10,3.39,2010-01-15 12:51:00,United Kingdom,online_retail_II.xlsx,Year 2009-2010,57641,Year 2009-2010:57641
17850,494614,21523,FANCY FONT HOME SWEET HOME DOORMAT,6,5.95,2010-01-15 13:32:00,United Kingdom,online_retail_II.xlsx,Year 2009-2010,57682,Year 2009-2010:57682
17850,494614,21955,UNION JACK GUNS & ROSES  DOORMAT,6,5.95,2010-01-15 13:32:00,United Kingdom,online_retail_II.xlsx,Year 2009-2010,57683,Year 2009-2010:57683
17850,494614,15056BL,EDWARDIAN PARASOL BLACK,6,4.95,2010-01-15 13:32:00,United Kingdom,online_retail_II.xlsx,Year 2009-2010,57684,Year 2009-2010:57684
17850,494614,15056N,EDWARDIAN PARASOL NATURAL,6,4.95,2010-01-15 13:32:00,United Kingdom,online_retail_II.xlsx,Year 2009-2010,57685,Year 2009-2010:57685
17850,494614,20679,EDWARDIAN PARASOL RED,6,4.95,2010-01-15 13:32:00,United Kingdom,online_retail_II.xlsx,Year 2009-2010,57686,Year 2009-2010:57686
17850,494614,22173,METAL 4 HOOK HANGER FRENCH CHATEAU,8,2.55,2010-01-15 13:32:00,United Kingdom,online_retail_II.xlsx,Year 2009-2010,57687,Year 2009-2010:57687
17850,494614,22189,CREAM HEART CARD HOLDER,10,3.39,2010-01-15 13:32:00,United Kingdom,online_retail_II.xlsx,Year 2009-2010,57688,Year 2009-2010:57688
17850,494614,22291,"SPRING DEC , HANGING CHICK CREAM",24,1.25,2010-01-15 13:32:00,United Kingdom,online_retail_II.xlsx,Year 2009-2010,57689,Year 2009-2010:57689
17850,494614,22352,LUNCHBOX WITH CUTLERY RETROSPOT,6,2.1,2010-01-15 13:32:00,United Kingdom,online_retail_II.xlsx,Year 2009-2010,57690,Year 2009-2010:57690
17850,494614,22087,PAPER BUNTING WHITE LACE,6,2.55,2010-01-15 13:32:00,United Kingdom,online_retail_II.xlsx,Year 2009-2010,57691,Year 2009-2010:57691
17850,494614,21935,SUKI  SHOULDER BAG,10,1.45,2010-01-15 13:32:00,United Kingdom,online_retail_II.xlsx,Year 2009-2010,57692,Year 2009-2010:57692
17850,494614,21934,SKULL SHOULDER BAG,10,1.45,2010-01-15 13:32:00,United Kingdom,online_retail_II.xlsx,Year 2009-2010,57693,Year 2009-2010:57693
17850,494614,85099C,JUMBO  BAG BAROQUE BLACK WHITE,10,1.65,2010-01-15 13:32:00,United Kingdom,online_retail_II.xlsx,Year 2009-2010,57694,Year 2009-2010:57694
17850,494614,22275,WEEKEND BAG VINTAGE ROSE PAISLEY,4,7.65,2010-01-15 13:32:00,United Kingdom,online_retail_II.xlsx,Year 2009-2010,57695,Year 2009-2010:57695
17850,494614,21733,RED HANGING HEART T-LIGHT HOLDER,6,2.55,2010-01-15 13:32:00,United Kingdom,online_retail_II.xlsx,Year 2009-2010,57696,Year 2009-2010:57696
17850,494614,85123A,WHITE HANGING HEART T-LIGHT HOLDER,6,2.55,2010-01-15 13:32:00,United Kingdom,online_retail_II.xlsx,Year 2009-2010,57697,Year 2009-2010:57697
17850,494614,82483,WOOD 2 DRAWER CABINET WHITE FINISH,6,4.95,2010-01-15 13:32:00,United Kingdom,online_retail_II.xlsx,Year 2009-2010,57698,Year 2009-2010:57698
17850,494614,82486,WOOD S/3 CABINET ANT WHITE FINISH,6,6.95,2010-01-15 13:32:00,United Kingdom,online_retail_II.xlsx,Year 2009-2010,57699,Year 2009-2010:57699
17850,494614,82482,WOODEN PICTURE FRAME WHITE FINISH,12,2.1,2010-01-15 13:32:00,United Kingdom,online_retail_II.xlsx,Year 2009-2010,57700,Year 2009-2010:57700
17850,494614,82494L,WOODEN FRAME ANTIQUE WHITE,12,2.55,2010-01-15 13:32:00,United Kingdom,online_retail_II.xlsx,Year 2009-2010,57701,Year 2009-2010:57701
17850,494642,21523,FANCY FONT HOME SWEET HOME DOORMAT,6,5.95,2010-01-17 11:35:00,United Kingdom,online_retail_II.xlsx,Year 2009-2010,58149,Year 2009-2010:58149
17850,494642,21955,UNION JACK GUNS & ROSES  DOORMAT,6,5.95,2010-01-17 11:35:00,United Kingdom,online_retail_II.xlsx,Year 2009-2010,58150,Year 2009-2010:58150
17850,494642,15056BL,EDWARDIAN PARASOL BLACK,6,4.95,2010-01-17 11:35:00,United Kingdom,online_retail_II.xlsx,Year 2009-2010,58151,Year 2009-2010:58151
17850,494642,15056N,EDWARDIAN PARASOL NATURAL,6,4.95,2010-01-17 11:35:00,United Kingdom,online_retail_II.xlsx,Year 2009-2010,58152,Year 2009-2010:58152
17850,494642,20679,EDWARDIAN PARASOL RED,6,4.95,2010-01-17 11:35:00,United Kingdom,online_retail_II.xlsx,Year 2009-2010,58153,Year 2009-2010:58153
17850,494642,22173,METAL 4 HOOK HANGER FRENCH CHATEAU,8,2.55,2010-01-17 11:35:00,United Kingdom,online_retail_II.xlsx,Year 2009-2010,58154,Year 2009-2010:58154
17850,494642,22189,CREAM HEART CARD HOLDER,10,3.39,2010-01-17 11:35:00,United Kingdom,online_retail_II.xlsx,Year 2009-2010,58155,Year 2009-2010:58155
17850,494642,22291,"SPRING DEC , HANGING CHICK CREAM",24,1.25,2010-01-17 11:35:00,United Kingdom,online_retail_II.xlsx,Year 2009-2010,58156,Year 2009-2010:58156
17850,494642,22352,LUNCHBOX WITH CUTLERY RETROSPOT,6,2.1,2010-01-17 11:35:00,United Kingdom,online_retail_II.xlsx,Year 2009-2010,58157,Year 2009-2010:58157
17850,494642,22087,PAPER BUNTING WHITE LACE,6,2.55,2010-01-17 11:35:00,United Kingdom,online_retail_II.xlsx,Year 2009-2010,58158,Year 2009-2010:58158
17850,494642,21935,SUKI  SHOULDER BAG,10,1.45,2010-01-17 11:35:00,United Kingdom,online_retail_II.xlsx,Year 2009-2010,58159,Year 2009-2010:58159
17850,494642,21934,SKULL SHOULDER BAG,10,1.45,2010-01-17 11:35:00,United Kingdom,online_retail_II.xlsx,Year 2009-2010,58160,Year 2009-2010:58160
17850,494642,85099C,JUMBO  BAG BAROQUE BLACK WHITE,10,1.65,2010-01-17 11:35:00,United Kingdom,online_retail_II.xlsx,Year 2009-2010,58161,Year 2009-2010:58161
17850,494642,22275,WEEKEND BAG VINTAGE ROSE PAISLEY,6,7.65,2010-01-17 11:35:00,United Kingdom,online_retail_II.xlsx,Year 2009-2010,58162,Year 2009-2010:58162
17850,494642,21733,RED HANGING HEART T-LIGHT HOLDER,6,2.55,2010-01-17 11:35:00,United Kingdom,online_retail_II.xlsx,Year 2009-2010,58163,Year 2009-2010:58163
17850,494642,85123A,WHITE HANGING HEART T-LIGHT HOLDER,6,2.55,2010-01-17 11:35:00,United Kingdom,online_retail_II.xlsx,Year 2009-2010,58164,Year 2009-2010:58164
17850,494642,82483,WOOD 2 DRAWER CABINET WHITE FINISH,6,4.95,2010-01-17 11:35:00,United Kingdom,online_retail_II.xlsx,Year 2009-2010,58165,Year 2009-2010:58165
17850,494642,82486,WOOD S/3 CABINET ANT WHITE FINISH,6,6.95,2010-01-17 11:35:00,United Kingdom,online_retail_II.xlsx,Year 2009-2010,58166,Year 2009-2010:58166
17850,494642,82482,WOODEN PICTURE FRAME WHITE FINISH,12,2.1,2010-01-17 11:35:00,United Kingdom,online_retail_II.xlsx,Year 2009-2010,58167,Year 2009-2010:58167
17850,494642,82494L,WOODEN FRAME ANTIQUE WHITE,12,2.55,2010-01-17 11:35:00,United Kingdom,online_retail_II.xlsx,Year 2009-2010,58168,Year 2009-2010:58168
17850,494648,21523,FANCY FONT HOME SWEET HOME DOORMAT,6,5.95,2010-01-17 12:26:00,United Kingdom,online_retail_II.xlsx,Year 2009-2010,58359,Year 2009-2010:58359
17850,494648,21955,UNION JACK GUNS & ROSES  DOORMAT,6,5.95,2010-01-17 12:26:00,United Kingdom,online_retail_II.xlsx,Year 2009-2010,58360,Year 2009-2010:58360
17850,494648,15056BL,EDWARDIAN PARASOL BLACK,6,4.95,2010-01-17 12:26:00,United Kingdom,online_retail_II.xlsx,Year 2009-2010,58361,Year 2009-2010:58361
17850,494648,15056N,EDWARDIAN PARASOL NATURAL,6,4.95,2010-01-17 12:26:00,United Kingdom,online_retail_II.xlsx,Year 2009-2010,58362,Year 2009-2010:58362
17850,494648,20679,EDWARDIAN PARASOL RED,6,4.95,2010-01-17 12:26:00,United Kingdom,online_retail_II.xlsx,Year 2009-2010,58363,Year 2009-2010:58363
17850,494648,22173,METAL 4 HOOK HANGER FRENCH CHATEAU,8,2.55,2010-01-17 12:26:00,United Kingdom,online_retail_II.xlsx,Year 2009-2010,58364,Year 2009-2010:58364
17850,494648,22189,CREAM HEART CARD HOLDER,10,3.39,2010-01-17 12:26:00,United Kingdom,online_retail_II.xlsx,Year 2009-2010,58365,Year 2009-2010:58365
17850,494648,22291,"SPRING DEC , HANGING CHICK CREAM",24,1.25,2010-01-17 12:26:00,United Kingdom,online_retail_II.xlsx,Year 2009-2010,58366,Year 2009-2010:58366
17850,494648,22352,LUNCHBOX WITH CUTLERY RETROSPOT,6,2.1,2010-01-17 12:26:00,United Kingdom,online_retail_II.xlsx,Year 2009-2010,58367,Year 2009-2010:58367
17850,494648,22087,PAPER BUNTING WHITE LACE,6,2.55,2010-01-17 12:26:00,United Kingdom,online_retail_II.xlsx,Year 2009-2010,58368,Year 2009-2010:58368
17850,494648,21935,SUKI  SHOULDER BAG,10,1.45,2010-01-17 12:26:00,United Kingdom,online_retail_II.xlsx,Year 2009-2010,58369,Year 2009-2010:58369
17850,494648,21934,SKULL SHOULDER BAG,10,1.45,2010-01-17 12:26:00,United Kingdom,online_retail_II.xlsx,Year 2009-2010,58370,Year 2009-2010:58370
17850,494648,85099C,JUMBO  BAG BAROQUE BLACK WHITE,10,1.65,2010-01-17 12:26:00,United Kingdom,online_retail_II.xlsx,Year 2009-2010,58371,Year 2009-2010:58371
17850,494648,22275,WEEKEND BAG VINTAGE ROSE PAISLEY,4,7.65,2010-01-17 12:26:00,United Kingdom,online_retail_II.xlsx,Year 2009-2010,58372,Year 2009-2010:58372
17850,494648,21733,RED HANGING HEART T-LIGHT HOLDER,6,2.55,2010-01-17 12:26:00,United Kingdom,online_retail_II.xlsx,Year 2009-2010,58373,Year 2009-2010:58373
17850,494648,85123A,WHITE HANGING HEART T-LIGHT HOLDER,6,2.55,2010-01-17 12:26:00,United Kingdom,online_retail_II.xlsx,Year 2009-2010,58374,Year 2009-2010:58374
17850,494648,82483,WOOD 2 DRAWER CABINET WHITE FINISH,4,4.95,2010-01-17 12:26:00,United Kingdom,online_retail_II.xlsx,Year 2009-2010,58375,Year 2009-2010:58375
17850,494648,82486,WOOD S/3 CABINET ANT WHITE FINISH,4,6.95,2010-01-17 12:26:00,United Kingdom,online_retail_II.xlsx,Year 2009-2010,58376,Year 2009-2010:58376
17850,494648,82482,WOODEN PICTURE FRAME WHITE FINISH,6,2.1,2010-01-17 12:26:00,United Kingdom,online_retail_II.xlsx,Year 2009-2010,58377,Year 2009-2010:58377
17850,494648,82494L,WOODEN FRAME ANTIQUE WHITE,6,2.55,2010-01-17 12:26:00,United Kingdom,online_retail_II.xlsx,Year 2009-2010,58378,Year 2009-2010:58378
17850,494655,22173,METAL 4 HOOK HANGER FRENCH CHATEAU,8,2.55,2010-01-17 12:55:00,United Kingdom,online_retail_II.xlsx,Year 2009-2010,58506,Year 2009-2010:58506
17850,494655,22189,CREAM HEART CARD HOLDER,10,3.39,2010-01-17 12:55:00,United Kingdom,online_retail_II.xlsx,Year 2009-2010,58507,Year 2009-2010:58507
17850,494655,22291,"SPRING DEC , HANGING CHICK CREAM",24,1.25,2010-01-17 12:55:00,United Kingdom,online_retail_II.xlsx,Year 2009-2010,58508,Year 2009-2010:58508
17850,494655,22352,LUNCHBOX WITH CUTLERY RETROSPOT,6,2.1,2010-01-17 12:55:00,United Kingdom,online_retail_II.xlsx,Year 2009-2010,58509,Year 2009-2010:58509
17850,494655,22087,PAPER BUNTING WHITE LACE,6,2.55,2010-01-17 12:55:00,United Kingdom,online_retail_II.xlsx,Year 2009-2010,58510,Year 2009-2010:58510
17850,494655,21935,SUKI  SHOULDER BAG,10,1.45,2010-01-17 12:55:00,United Kingdom,online_retail_II.xlsx,Year 2009-2010,58511,Year 2009-2010:58511
17850,494655,21934,SKULL SHOULDER BAG,10,1.45,2010-01-17 12:55:00,United Kingdom,online_retail_II.xlsx,Year 2009-2010,58512,Year 2009-2010:58512
17850,494655,85099C,JUMBO  BAG BAROQUE BLACK WHITE,10,1.65,2010-01-17 12:55:00,United Kingdom,online_retail_II.xlsx,Year 2009-2010,58513,Year 2009-2010:58513
17850,494655,21733,RED HANGING HEART T-LIGHT HOLDER,6,2.55,2010-01-17 12:55:00,United Kingdom,online_retail_II.xlsx,Year 2009-2010,58514,Year 2009-2010:58514
17850,494655,85123A,WHITE HANGING HEART T-LIGHT HOLDER,6,2.55,2010-01-17 12:55:00,United Kingdom,online_retail_II.xlsx,Year 2009-2010,58515,Year 2009-2010:58515
17850,494655,82483,WOOD 2 DRAWER CABINET WHITE FINISH,2,4.95,2010-01-17 12:55:00,United Kingdom,online_retail_II.xlsx,Year 2009-2010,58516,Year 2009-2010:58516
17850,494655,82486,WOOD S/3 CABINET ANT WHITE FINISH,2,6.95,2010-01-17 12:55:00,United Kingdom,online_retail_II.xlsx,Year 2009-2010,58517,Year 2009-2010:58517
17850,494655,82482,WOODEN PICTURE FRAME WHITE FINISH,6,2.1,2010-01-17 12:55:00,United Kingdom,online_retail_II.xlsx,Year 2009-2010,58518,Year 2009-2010:58518
17850,494655,82494L,WOODEN FRAME ANTIQUE WHITE,6,2.55,2010-01-17 12:55:00,United Kingdom,online_retail_II.xlsx,Year 2009-2010,58519,Year 2009-2010:58519
17850,494656,22173,METAL 4 HOOK HANGER FRENCH CHATEAU,8,2.55,2010-01-17 13:14:00,United Kingdom,online_retail_II.xlsx,Year 2009-2010,58520,Year 2009-2010:58520
17850,494656,22189,CREAM HEART CARD HOLDER,10,3.39,2010-01-17 13:14:00,United Kingdom,online_retail_II.xlsx,Year 2009-2010,58521,Year 2009-2010:58521
17850,494656,22291,"SPRING DEC , HANGING CHICK CREAM",24,1.25,2010-01-17 13:14:00,United Kingdom,online_retail_II.xlsx,Year 2009-2010,58522,Year 2009-2010:58522
17850,494656,22352,LUNCHBOX WITH CUTLERY RETROSPOT,6,2.1,2010-01-17 13:14:00,United Kingdom,online_retail_II.xlsx,Year 2009-2010,58523,Year 2009-2010:58523
17850,494656,22087,PAPER BUNTING WHITE LACE,6,2.55,2010-01-17 13:14:00,United Kingdom,online_retail_II.xlsx,Year 2009-2010,58524,Year 2009-2010:58524
17850,494656,21935,SUKI  SHOULDER BAG,10,1.45,2010-01-17 13:14:00,United Kingdom,online_retail_II.xlsx,Year 2009-2010,58525,Year 2009-2010:58525
17850,494656,21934,SKULL SHOULDER BAG,10,1.45,2010-01-17 13:14:00,United Kingdom,online_retail_II.xlsx,Year 2009-2010,58526,Year 2009-2010:58526
17850,494656,85099C,JUMBO  BAG BAROQUE BLACK WHITE,10,1.65,2010-01-17 13:14:00,United Kingdom,online_retail_II.xlsx,Year 2009-2010,58527,Year 2009-2010:58527
17850,494656,22275,WEEKEND BAG VINTAGE ROSE PAISLEY,4,7.65,2010-01-17 13:14:00,United Kingdom,online_retail_II.xlsx,Year 2009-2010,58528,Year 2009-2010:58528
17850,494656,21733,RED HANGING HEART T-LIGHT HOLDER,6,2.55,2010-01-17 13:14:00,United Kingdom,online_retail_II.xlsx,Year 2009-2010,58529,Year 2009-2010:58529
17850,494656,85123A,WHITE HANGING HEART T-LIGHT HOLDER,6,2.55,2010-01-17 13:14:00,United Kingdom,online_retail_II.xlsx,Year 2009-2010,58530,Year 2009-2010:58530
17850,494656,82483,WOOD 2 DRAWER CABINET WHITE FINISH,4,4.95,2010-01-17 13:14:00,United Kingdom,online_retail_II.xlsx,Year 2009-2010,58531,Year 2009-2010:58531
17850,494656,82486,WOOD S/3 CABINET ANT WHITE FINISH,4,6.95,2010-01-17 13:14:00,United Kingdom,online_retail_II.xlsx,Year 2009-2010,58532,Year 2009-2010:58532
17850,494656,82482,WOODEN PICTURE FRAME WHITE FINISH,6,2.1,2010-01-17 13:14:00,United Kingdom,online_retail_II.xlsx,Year 2009-2010,58533,Year 2009-2010:58533
17850,494656,82494L,WOODEN FRAME ANTIQUE WHITE,6,2.55,2010-01-17 13:14:00,United Kingdom,online_retail_II.xlsx,Year 2009-2010,58534,Year 2009-2010:58534
17850,494659,15056BL,EDWARDIAN PARASOL BLACK,6,4.95,2010-01-17 13:41:00,United Kingdom,online_retail_II.xlsx,Year 2009-2010,58575,Year 2009-2010:58575
17850,494659,15056N,EDWARDIAN PARASOL NATURAL,6,4.95,2010-01-17 13:41:00,United Kingdom,online_retail_II.xlsx,Year 2009-2010,58576,Year 2009-2010:58576
17850,494659,20679,EDWARDIAN PARASOL RED,6,4.95,2010-01-17 13:41:00,United Kingdom,online_retail_II.xlsx,Year 2009-2010,58577,Year 2009-2010:58577
17850,494659,22173,METAL 4 HOOK HANGER FRENCH CHATEAU,8,2.55,2010-01-17 13:41:00,United Kingdom,online_retail_II.xlsx,Year 2009-2010,58578,Year 2009-2010:58578
17850,494659,22189,CREAM HEART CARD HOLDER,10,3.39,2010-01-17 13:41:00,United Kingdom,online_retail_II.xlsx,Year 2009-2010,58579,Year 2009-2010:58579
17850,494659,22291,"SPRING DEC , HANGING CHICK CREAM",24,1.25,2010-01-17 13:41:00,United Kingdom,online_retail_II.xlsx,Year 2009-2010,58580,Year 2009-2010:58580
17850,494659,22352,LUNCHBOX WITH CUTLERY RETROSPOT,6,2.1,2010-01-17 13:41:00,United Kingdom,online_retail_II.xlsx,Year 2009-2010,58581,Year 2009-2010:58581
17850,494659,22087,PAPER BUNTING WHITE LACE,6,2.55,2010-01-17 13:41:00,United Kingdom,online_retail_II.xlsx,Year 2009-2010,58582,Year 2009-2010:58582
17850,494659,21935,SUKI  SHOULDER BAG,10,1.45,2010-01-17 13:41:00,United Kingdom,online_retail_II.xlsx,Year 2009-2010,58583,Year 2009-2010:58583
17850,494659,21934,SKULL SHOULDER BAG,10,1.45,2010-01-17 13:41:00,United Kingdom,online_retail_II.xlsx,Year 2009-2010,58584,Year 2009-2010:58584
17850,494659,85099C,JUMBO  BAG BAROQUE BLACK WHITE,10,1.65,2010-01-17 13:41:00,United Kingdom,online_retail_II.xlsx,Year 2009-2010,58585,Year 2009-2010:58585
17850,494659,22275,WEEKEND BAG VINTAGE ROSE PAISLEY,4,7.65,2010-01-17 13:41:00,United Kingdom,online_retail_II.xlsx,Year 2009-2010,58586,Year 2009-2010:58586
17850,494659,21733,RED HANGING HEART T-LIGHT HOLDER,6,2.55,2010-01-17 13:41:00,United Kingdom,online_retail_II.xlsx,Year 2009-2010,58587,Year 2009-2010:58587
17850,494659,85123A,WHITE HANGING HEART T-LIGHT HOLDER,6,2.55,2010-01-17 13:41:00,United Kingdom,online_retail_II.xlsx,Year 2009-2010,58588,Year 2009-2010:58588
17850,494659,82483,WOOD 2 DRAWER CABINET WHITE FINISH,4,4.95,2010-01-17 13:41:00,United Kingdom,online_retail_II.xlsx,Year 2009-2010,58589,Year 2009-2010:58589
17850,494659,82486,WOOD S/3 CABINET ANT WHITE FINISH,4,6.95,2010-01-17 13:41:00,United Kingdom,online_retail_II.xlsx,Year 2009-2010,58590,Year 2009-2010:58590
17850,494659,82482,WOODEN PICTURE FRAME WHITE FINISH,6,2.1,2010-01-17 13:41:00,United Kingdom,online_retail_II.xlsx,Year 2009-2010,58591,Year 2009-2010:58591
17850,494659,82494L,WOODEN FRAME ANTIQUE WHITE,6,2.55,2010-01-17 13:41:00,United Kingdom,online_retail_II.xlsx,Year 2009-2010,58592,Year 2009-2010:58592
13085,496092,21871,SAVE THE PLANET MUG,24,1.25,2010-01-29 10:06:00,United Kingdom,online_retail_II.xlsx,Year 2009-2010,74249,Year 2009-2010:74249
13085,496092,22244,"HOOK, 3 HANGER ,MAGIC GARDEN",12,1.95,2010-01-29 10:06:00,United Kingdom,online_retail_II.xlsx,Year 2009-2010,74250,Year 2009-2010:74250
13085,496092,22245,"HOOK, 1 HANGER ,MAGIC GARDEN",12,0.85,2010-01-29 10:06:00,United Kingdom,online_retail_II.xlsx,Year 2009-2010,74251,Year 2009-2010:74251
13085,496092,22326,ROUND SNACK BOXES SET OF4 WOODLAND,6,2.95,2010-01-29 10:06:00,United Kingdom,online_retail_II.xlsx,Year 2009-2010,74252,Year 2009-2010:74252
13085,496092,22328,ROUND SNACK BOXES SET OF 4 FRUITS,6,2.95,2010-01-29 10:06:00,United Kingdom,online_retail_II.xlsx,Year 2009-2010,74253,Year 2009-2010:74253
13085,496092,22414,DOORMAT NEIGHBOURHOOD WITCH,2,6.75,2010-01-29 10:06:00,United Kingdom,online_retail_II.xlsx,Year 2009-2010,74254,Year 2009-2010:74254
13085,496092,21563,RED HEART SHAPE LOVE BUCKET,6,2.95,2010-01-29 10:06:00,United Kingdom,online_retail_II.xlsx,Year 2009-2010,74255,Year 2009-2010:74255
13085,496092,21564,PINK  HEART SHAPE LOVE BUCKET,6,2.95,2010-01-29 10:06:00,United Kingdom,online_retail_II.xlsx,Year 2009-2010,74256,Year 2009-2010:74256
13085,496092,22136,LOVE HEART SOCK HANGER,12,1.65,2010-01-29 10:06:00,United Kingdom,online_retail_II.xlsx,Year 2009-2010,74257,Year 2009-2010:74257
13085,496092,84992,72 SWEETHEART FAIRY CAKE CASES,24,0.55,2010-01-29 10:06:00,United Kingdom,online_retail_II.xlsx,Year 2009-2010,74258,Year 2009-2010:74258
13085,496092,21068,VINTAGE BILLBOARD LOVE/HATE MUG,12,1.25,2010-01-29 10:06:00,United Kingdom,online_retail_II.xlsx,Year 2009-2010,74259,Year 2009-2010:74259
13085,496092,21955,DOORMAT UNION JACK GUNS AND ROSES,6,6.75,2010-01-29 10:06:00,United Kingdom,online_retail_II.xlsx,Year 2009-2010,74260,Year 2009-2010:74260
13085,496092,48138,DOOR MAT UNION FLAG,6,6.75,2010-01-29 10:06:00,United Kingdom,online_retail_II.xlsx,Year 2009-2010,74261,Year 2009-2010:74261
13085,496092,79323P,PINK CHERRY LIGHTS,8,6.75,2010-01-29 10:06:00,United Kingdom,online_retail_II.xlsx,Year 2009-2010,74262,Year 2009-2010:74262
13085,496092,79323W,WHITE CHERRY LIGHTS,8,6.75,2010-01-29 10:06:00,United Kingdom,online_retail_II.xlsx,Year 2009-2010,74263,Year 2009-2010:74263
13085,496092,21137,BLACK RECORD COVER FRAME,8,3.75,2010-01-29 10:06:00,United Kingdom,online_retail_II.xlsx,Year 2009-2010,74264,Year 2009-2010:74264
13085,496092,22041,"RECORD FRAME 7"" SINGLE SIZE",6,2.55,2010-01-29 10:06:00,United Kingdom,online_retail_II.xlsx,Year 2009-2010,74265,Year 2009-2010:74265
13085,496166,22245,"HOOK, 1 HANGER ,MAGIC GARDEN",12,0.85,2010-01-29 11:42:00,United Kingdom,online_retail_II.xlsx,Year 2009-2010,74396,Year 2009-2010:74396
13085,496166,22326,ROUND SNACK BOXES SET OF4 WOODLAND,12,2.95,2010-01-29 11:42:00,United Kingdom,online_retail_II.xlsx,Year 2009-2010,74397,Year 2009-2010:74397
13085,496166,22328,ROUND SNACK BOXES SET OF 4 FRUITS,12,2.95,2010-01-29 11:42:00,United Kingdom,online_retail_II.xlsx,Year 2009-2010,74398,Year 2009-2010:74398
13085,496166,22414,DOORMAT NEIGHBOURHOOD WITCH,2,6.75,2010-01-29 11:42:00,United Kingdom,online_retail_II.xlsx,Year 2009-2010,74399,Year 2009-2010:74399
13085,496166,21198,WHITE HEART CONFETTI IN TUBE,12,1.65,2010-01-29 11:42:00,United Kingdom,online_retail_II.xlsx,Year 2009-2010,74400,Year 2009-2010:74400
13085,496166,21199,PINK  HEART CONFETTI IN TUBE,12,1.65,2010-01-29 11:42:00,United Kingdom,online_retail_II.xlsx,Year 2009-2010,74401,Year 2009-2010:74401
13085,496166,21563,RED HEART SHAPE LOVE BUCKET,6,2.95,2010-01-29 11:42:00,United Kingdom,online_retail_II.xlsx,Year 2009-2010,74402,Year 2009-2010:74402
13085,496166,21564,PINK  HEART SHAPE LOVE BUCKET,6,2.95,2010-01-29 11:42:00,United Kingdom,online_retail_II.xlsx,Year 2009-2010,74403,Year 2009-2010:74403
13085,496166,22136,LOVE HEART SOCK HANGER,12,1.65,2010-01-29 11:42:00,United Kingdom,online_retail_II.xlsx,Year 2009-2010,74404,Year 2009-2010:74404
13085,496166,84992,72 SWEETHEART FAIRY CAKE CASES,24,0.55,2010-01-29 11:42:00,United Kingdom,online_retail_II.xlsx,Year 2009-2010,74405,Year 2009-2010:74405
13085,496166,21068,VINTAGE BILLBOARD LOVE/HATE MUG,12,1.25,2010-01-29 11:42:00,United Kingdom,online_retail_II.xlsx,Year 2009-2010,74406,Year 2009-2010:74406
13085,496166,22244,"HOOK, 3 HANGER ,MAGIC GARDEN",12,1.95,2010-01-29 11:42:00,United Kingdom,online_retail_II.xlsx,Year 2009-2010,74407,Year 2009-2010:74407
13085,496166,21955,DOORMAT UNION JACK GUNS AND ROSES,6,6.75,2010-01-29 11:42:00,United Kingdom,online_retail_II.xlsx,Year 2009-2010,74408,Year 2009-2010:74408
13085,496166,48138,DOOR MAT UNION FLAG,6,6.75,2010-01-29 11:42:00,United Kingdom,online_retail_II.xlsx,Year 2009-2010,74409,Year 2009-2010:74409
13085,496166,79323P,PINK CHERRY LIGHTS,8,6.75,2010-01-29 11:42:00,United Kingdom,online_retail_II.xlsx,Year 2009-2010,74410,Year 2009-2010:74410
13085,496166,79323W,WHITE CHERRY LIGHTS,8,6.75,2010-01-29 11:42:00,United Kingdom,online_retail_II.xlsx,Year 2009-2010,74411,Year 2009-2010:74411
13085,496166,21137,BLACK RECORD COVER FRAME,8,3.75,2010-01-29 11:42:00,United Kingdom,online_retail_II.xlsx,Year 2009-2010,74412,Year 2009-2010:74412
13085,496166,22041,"RECORD FRAME 7"" SINGLE SIZE",6,2.55,2010-01-29 11:42:00,United Kingdom,online_retail_II.xlsx,Year 2009-2010,74413,Year 2009-2010:74413
13085,496166,40046A,RED DAISY PAPER LAMPSHADE,12,1.25,2010-01-29 11:42:00,United Kingdom,online_retail_II.xlsx,Year 2009-2010,74414,Year 2009-2010:74414
17850,499036,22249,DECORATION WHITE CHICK MAGIC GARDEN,16,0.72,2010-02-24 13:06:00,United Kingdom,online_retail_II.xlsx,Year 2009-2010,101631,Year 2009-2010:101631
17850,499036,85099C,JUMBO  BAG BAROQUE BLACK WHITE,10,1.65,2010-02-24 13:06:00,United Kingdom,online_retail_II.xlsx,Year 2009-2010,101632,Year 2009-2010:101632
17850,499036,22275,WEEKEND BAG VINTAGE ROSE PAISLEY,6,7.65,2010-02-24 13:06:00,United Kingdom,online_retail_II.xlsx,Year 2009-2010,101633,Year 2009-2010:101633
17850,499036,22084,PAPER CHAIN KIT EMPIRE,12,2.55,2010-02-24 13:06:00,United Kingdom,online_retail_II.xlsx,Year 2009-2010,101634,Year 2009-2010:101634
17850,499036,82483,WOOD 2 DRAWER CABINET WHITE FINISH,6,5.95,2010-02-24 13:06:00,United Kingdom,online_retail_II.xlsx,Year 2009-2010,101635,Year 2009-2010:101635
17850,499036,82486,WOOD S/3 CABINET ANT WHITE FINISH,6,6.95,2010-02-24 13:06:00,United Kingdom,online_retail_II.xlsx,Year 2009-2010,101636,Year 2009-2010:101636
17850,499036,82494L,WOODEN FRAME ANTIQUE WHITE,12,2.55,2010-02-24 13:06:00,United Kingdom,online_retail_II.xlsx,Year 2009-2010,101637,Year 2009-2010:101637
17850,499036,21523,DOOR MAT FANCY FONT HOME SWEET HOME,6,6.35,2010-02-24 13:06:00,United Kingdom,online_retail_II.xlsx,Year 2009-2010,101638,Year 2009-2010:101638
17850,499036,21955,DOOR MAT UNION JACK GUNS AND ROSES,6,6.35,2010-02-24 13:06:00,United Kingdom,online_retail_II.xlsx,Year 2009-2010,101639,Year 2009-2010:101639
17850,499036,22354,RETRO SPOT PADDED SEAT CUSHION,12,3.39,2010-02-24 13:06:00,United Kingdom,online_retail_II.xlsx,Year 2009-2010,101640,Year 2009-2010:101640
17850,499036,15056P,EDWARDIAN PARASOL PINK,12,4.95,2010-02-24 13:06:00,United Kingdom,online_retail_II.xlsx,Year 2009-2010,101641,Year 2009-2010:101641
17850,499036,15056BL,EDWARDIAN PARASOL BLACK,6,4.95,2010-02-24 13:06:00,United Kingdom,online_retail_II.xlsx,Year 2009-2010,101642,Year 2009-2010:101642
17850,499036,15056N,EDWARDIAN PARASOL NATURAL,6,4.95,2010-02-24 13:06:00,United Kingdom,online_retail_II.xlsx,Year 2009-2010,101643,Year 2009-2010:101643
17850,499036,20679,EDWARDIAN PARASOL RED,6,4.95,2010-02-24 13:06:00,United Kingdom,online_retail_II.xlsx,Year 2009-2010,101644,Year 2009-2010:101644
17850,499036,22083,PAPER CHAIN KIT RETRO SPOT,12,2.55,2010-02-24 13:06:00,United Kingdom,online_retail_II.xlsx,Year 2009-2010,101645,Year 2009-2010:101645
17850,499036,22247,BUNNY DECORATION MAGIC GARDEN,16,0.72,2010-02-24 13:06:00,United Kingdom,online_retail_II.xlsx,Year 2009-2010,101646,Year 2009-2010:101646
17850,499036,22305,COFFEE MUG PINK PAISLEY DESIGN,12,2.1,2010-02-24 13:06:00,United Kingdom,online_retail_II.xlsx,Year 2009-2010,101647,Year 2009-2010:101647
17850,499036,22304,COFFEE MUG BLUE PAISLEY DESIGN,12,2.1,2010-02-24 13:06:00,United Kingdom,online_retail_II.xlsx,Year 2009-2010,101648,Year 2009-2010:101648
17850,499036,22173,METAL 4 HOOK HANGER FRENCH CHATEAU,12,2.55,2010-02-24 13:06:00,United Kingdom,online_retail_II.xlsx,Year 2009-2010,101649,Year 2009-2010:101649
17850,499036,22189,CREAM HEART CARD HOLDER,10,3.39,2010-02-24 13:06:00,United Kingdom,online_retail_II.xlsx,Year 2009-2010,101650,Year 2009-2010:101650
17850,499036,22291,"SPRING DEC , HANGING CHICK CREAM",24,1.25,2010-02-24 13:06:00,United Kingdom,online_retail_II.xlsx,Year 2009-2010,101651,Year 2009-2010:101651
17850,499242,22173,METAL 4 HOOK HANGER FRENCH CHATEAU,8,2.55,2010-02-25 13:29:00,United Kingdom,online_retail_II.xlsx,Year 2009-2010,103039,Year 2009-2010:103039
17850,499242,85099C,JUMBO  BAG BAROQUE BLACK WHITE,10,1.65,2010-02-25 13:29:00,United Kingdom,online_retail_II.xlsx,Year 2009-2010,103040,Year 2009-2010:103040
17850,499242,22275,WEEKEND BAG VINTAGE ROSE PAISLEY,8,7.65,2010-02-25 13:29:00,United Kingdom,online_retail_II.xlsx,Year 2009-2010,103041,Year 2009-2010:103041
17850,499242,22084,PAPER CHAIN KIT EMPIRE,12,2.55,2010-02-25 13:29:00,United Kingdom,online_retail_II.xlsx,Year 2009-2010,103042,Year 2009-2010:103042
17850,499242,85123A,WHITE HANGING HEART T-LIGHT HOLDER,12,2.55,2010-02-25 13:29:00,United Kingdom,online_retail_II.xlsx,Year 2009-2010,103043,Year 2009-2010:103043
17850,499242,82486,WOOD S/3 CABINET ANT WHITE FINISH,8,6.95,2010-02-25 13:29:00,United Kingdom,online_retail_II.xlsx,Year 2009-2010,103044,Year 2009-2010:103044
17850,499242,82494L,WOODEN FRAME ANTIQUE WHITE,12,2.55,2010-02-25 13:29:00,United Kingdom,online_retail_II.xlsx,Year 2009-2010,103045,Year 2009-2010:103045
17850,499242,22354,RETRO SPOT PADDED SEAT CUSHION,8,3.39,2010-02-25 13:29:00,United Kingdom,online_retail_II.xlsx,Year 2009-2010,103046,Year 2009-2010:103046
17850,499242,15056P,EDWARDIAN PARASOL PINK,6,4.95,2010-02-25 13:29:00,United Kingdom,online_retail_II.xlsx,Year 2009-2010,103047,Year 2009-2010:103047
17850,499242,22189,CREAM HEART CARD HOLDER,8,3.39,2010-02-25 13:29:00,United Kingdom,online_retail_II.xlsx,Year 2009-2010,103048,Year 2009-2010:103048
17850,499242,22291,"SPRING DEC , HANGING CHICK CREAM",24,1.25,2010-02-25 13:29:00,United Kingdom,online_retail_II.xlsx,Year 2009-2010,103049,Year 2009-2010:103049
17850,499242,22083,PAPER CHAIN KIT RETRO SPOT,12,2.55,2010-02-25 13:29:00,United Kingdom,online_retail_II.xlsx,Year 2009-2010,103050,Year 2009-2010:103050
17850,499242,22247,BUNNY DECORATION MAGIC GARDEN,16,0.72,2010-02-25 13:29:00,United Kingdom,online_retail_II.xlsx,Year 2009-2010,103051,Year 2009-2010:103051
17850,499242,22249,DECORATION WHITE CHICK MAGIC GARDEN,16,0.72,2010-02-25 13:29:00,United Kingdom,online_retail_II.xlsx,Year 2009-2010,103052,Year 2009-2010:103052
17850,499404,22173,METAL 4 HOOK HANGER FRENCH CHATEAU,8,2.55,2010-02-26 14:24:00,United Kingdom,online_retail_II.xlsx,Year 2009-2010,104598,Year 2009-2010:104598
17850,499404,22189,CREAM HEART CARD HOLDER,10,3.39,2010-02-26 14:24:00,United Kingdom,online_retail_II.xlsx,Year 2009-2010,104599,Year 2009-2010:104599
17850,499404,22291,"SPRING DEC , HANGING CHICK CREAM",24,1.25,2010-02-26 14:24:00,United Kingdom,online_retail_II.xlsx,Year 2009-2010,104600,Year 2009-2010:104600
17850,499404,22083,PAPER CHAIN KIT RETRO SPOT,12,2.55,2010-02-26 14:24:00,United Kingdom,online_retail_II.xlsx,Year 2009-2010,104601,Year 2009-2010:104601
17850,499404,22247,BUNNY DECORATION MAGIC GARDEN,16,0.72,2010-02-26 14:24:00,United Kingdom,online_retail_II.xlsx,Year 2009-2010,104602,Year 2009-2010:104602
17850,499404,22249,DECORATION WHITE CHICK MAGIC GARDEN,16,0.72,2010-02-26 14:24:00,United Kingdom,online_retail_II.xlsx,Year 2009-2010,104603,Year 2009-2010:104603
17850,499404,85099C,JUMBO  BAG BAROQUE BLACK WHITE,10,1.65,2010-02-26 14:24:00,United Kingdom,online_retail_II.xlsx,Year 2009-2010,104604,Year 2009-2010:104604
17850,499404,22275,WEEKEND BAG VINTAGE ROSE PAISLEY,6,7.65,2010-02-26 14:24:00,United Kingdom,online_retail_II.xlsx,Year 2009-2010,104605,Year 2009-2010:104605
17850,499404,22084,PAPER CHAIN KIT EMPIRE,12,2.55,2010-02-26 14:24:00,United Kingdom,online_retail_II.xlsx,Year 2009-2010,104606,Year 2009-2010:104606
17850,499404,82486,WOOD S/3 CABINET ANT WHITE FINISH,4,6.95,2010-02-26 14:24:00,United Kingdom,online_retail_II.xlsx,Year 2009-2010,104607,Year 2009-2010:104607
17850,499404,82494L,WOODEN FRAME ANTIQUE WHITE,6,2.55,2010-02-26 14:24:00,United Kingdom,online_retail_II.xlsx,Year 2009-2010,104608,Year 2009-2010:104608
17850,499404,21523,DOOR MAT FANCY FONT HOME SWEET HOME,4,6.35,2010-02-26 14:24:00,United Kingdom,online_retail_II.xlsx,Year 2009-2010,104609,Year 2009-2010:104609
17850,499404,21955,DOOR MAT UNION JACK GUNS AND ROSES,4,6.35,2010-02-26 14:24:00,United Kingdom,online_retail_II.xlsx,Year 2009-2010,104610,Year 2009-2010:104610
17850,499404,22354,RETRO SPOT PADDED SEAT CUSHION,8,3.39,2010-02-26 14:24:00,United Kingdom,online_retail_II.xlsx,Year 2009-2010,104611,Year 2009-2010:104611
17850,499404,15056P,EDWARDIAN PARASOL PINK,6,4.95,2010-02-26 14:24:00,United Kingdom,online_retail_II.xlsx,Year 2009-2010,104612,Year 2009-2010:104612
17850,499404,22305,COFFEE MUG PINK PAISLEY DESIGN,12,2.1,2010-02-26 14:24:00,United Kingdom,online_retail_II.xlsx,Year 2009-2010,104613,Year 2009-2010:104613
17850,499404,22304,COFFEE MUG BLUE PAISLEY DESIGN,12,2.1,2010-02-26 14:24:00,United Kingdom,online_retail_II.xlsx,Year 2009-2010,104614,Year 2009-2010:104614
17850,499754,22189,CREAM HEART CARD HOLDER,10,3.39,2010-03-02 12:01:00,United Kingdom,online_retail_II.xlsx,Year 2009-2010,107633,Year 2009-2010:107633
17850,499754,22291,"SPRING DEC , HANGING CHICK CREAM",24,1.25,2010-03-02 12:01:00,United Kingdom,online_retail_II.xlsx,Year 2009-2010,107634,Year 2009-2010:107634
17850,499754,22083,PAPER CHAIN KIT RETRO SPOT,12,2.55,2010-03-02 12:01:00,United Kingdom,online_retail_II.xlsx,Year 2009-2010,107635,Year 2009-2010:107635
17850,499754,22247,BUNNY DECORATION MAGIC GARDEN,16,0.72,2010-03-02 12:01:00,United Kingdom,online_retail_II.xlsx,Year 2009-2010,107636,Year 2009-2010:107636
17850,499754,22249,DECORATION WHITE CHICK MAGIC GARDEN,16,0.72,2010-03-02 12:01:00,United Kingdom,online_retail_II.xlsx,Year 2009-2010,107637,Year 2009-2010:107637
17850,499754,85099C,JUMBO  BAG BAROQUE BLACK WHITE,10,1.65,2010-03-02 12:01:00,United Kingdom,online_retail_II.xlsx,Year 2009-2010,107638,Year 2009-2010:107638
17850,499754,22275,WEEKEND BAG VINTAGE ROSE PAISLEY,4,7.65,2010-03-02 12:01:00,United Kingdom,online_retail_II.xlsx,Year 2009-2010,107639,Year 2009-2010:107639
17850,499754,22084,PAPER CHAIN KIT EMPIRE,12,2.55,2010-03-02 12:01:00,United Kingdom,online_retail_II.xlsx,Year 2009-2010,107640,Year 2009-2010:107640
17850,499754,82486,WOOD S/3 CABINET ANT WHITE FINISH,4,6.95,2010-03-02 12:01:00,United Kingdom,online_retail_II.xlsx,Year 2009-2010,107641,Year 2009-2010:107641
17850,499754,82494L,WOODEN FRAME ANTIQUE WHITE,6,2.55,2010-03-02 12:01:00,United Kingdom,online_retail_II.xlsx,Year 2009-2010,107642,Year 2009-2010:107642
17850,499754,21523,DOOR MAT FANCY FONT HOME SWEET HOME,4,6.35,2010-03-02 12:01:00,United Kingdom,online_retail_II.xlsx,Year 2009-2010,107643,Year 2009-2010:107643
17850,499754,21955,DOOR MAT UNION JACK GUNS AND ROSES,4,6.35,2010-03-02 12:01:00,United Kingdom,online_retail_II.xlsx,Year 2009-2010,107644,Year 2009-2010:107644
17850,499754,22354,RETRO SPOT PADDED SEAT CUSHION,8,3.39,2010-03-02 12:01:00,United Kingdom,online_retail_II.xlsx,Year 2009-2010,107645,Year 2009-2010:107645
17850,499754,15056P,EDWARDIAN PARASOL PINK,6,4.95,2010-03-02 12:01:00,United Kingdom,online_retail_II.xlsx,Year 2009-2010,107646,Year 2009-2010:107646
17850,499801,46000P,POLYESTER FILLER PAD 65CMx65CM,12,4.25,2010-03-02 15:45:00,United Kingdom,online_retail_II.xlsx,Year 2009-2010,108612,Year 2009-2010:108612
17850,499801,79323LP,LIGHT PINK CHERRY LIGHTS,8,5.45,2010-03-02 15:45:00,United Kingdom,online_retail_II.xlsx,Year 2009-2010,108613,Year 2009-2010:108613
17850,499801,79323W,WHITE CHERRY LIGHTS,8,5.45,2010-03-02 15:45:00,United Kingdom,online_retail_II.xlsx,Year 2009-2010,108614,Year 2009-2010:108614
17850,499801,79323GR,GREEN CHERRY LIGHTS,8,5.45,2010-03-02 15:45:00,United Kingdom,online_retail_II.xlsx,Year 2009-2010,108615,Year 2009-2010:108615
17850,499801,84909A,PINK PAISLEY QUILT,8,12.75,2010-03-02 15:45:00,United Kingdom,online_retail_II.xlsx,Year 2009-2010,108616,Year 2009-2010:108616
17850,499801,84657,GREEN ROSE CUSHION COVER,12,1.65,2010-03-02 15:45:00,United Kingdom,online_retail_II.xlsx,Year 2009-2010,108617,Year 2009-2010:108617
17850,499801,15056BL,EDWARDIAN PARASOL BLACK,6,4.95,2010-03-02 15:45:00,United Kingdom,online_retail_II.xlsx,Year 2009-2010,108618,Year 2009-2010:108618
17850,499801,15056N,EDWARDIAN PARASOL NATURAL,6,4.95,2010-03-02 15:45:00,United Kingdom,online_retail_II.xlsx,Year 2009-2010,108619,Year 2009-2010:108619
17850,499801,20679,EDWARDIAN PARASOL RED,6,4.95,2010-03-02 15:45:00,United Kingdom,online_retail_II.xlsx,Year 2009-2010,108620,Year 2009-2010:108620
17850,499875,22189,CREAM HEART CARD HOLDER,8,3.39,2010-03-03 09:06:00,United Kingdom,online_retail_II.xlsx,Year 2009-2010,109074,Year 2009-2010:109074
17850,499875,22291,"SPRING DEC , HANGING CHICK CREAM",24,1.25,2010-03-03 09:06:00,United Kingdom,online_retail_II.xlsx,Year 2009-2010,109075,Year 2009-2010:109075
17850,499875,22083,PAPER CHAIN KIT RETRO SPOT,12,2.55,2010-03-03 09:06:00,United Kingdom,online_retail_II.xlsx,Year 2009-2010,109076,Year 2009-2010:109076
17850,499875,22247,BUNNY DECORATION MAGIC GARDEN,16,0.72,2010-03-03 09:06:00,United Kingdom,online_retail_II.xlsx,Year 2009-2010,109077,Year 2009-2010:109077
17850,499875,22249,DECORATION WHITE CHICK MAGIC GARDEN,16,0.72,2010-03-03 09:06:00,United Kingdom,online_retail_II.xlsx,Year 2009-2010,109078,Year 2009-2010:109078
17850,499875,85099C,JUMBO  BAG BAROQUE BLACK WHITE,10,1.65,2010-03-03 09:06:00,United Kingdom,online_retail_II.xlsx,Year 2009-2010,109079,Year 2009-2010:109079
17850,499875,22275,WEEKEND BAG VINTAGE ROSE PAISLEY,8,7.65,2010-03-03 09:06:00,United Kingdom,online_retail_II.xlsx,Year 2009-2010,109080,Year 2009-2010:109080
17850,499875,22084,PAPER CHAIN KIT EMPIRE,12,2.55,2010-03-03 09:06:00,United Kingdom,online_retail_II.xlsx,Year 2009-2010,109081,Year 2009-2010:109081
17850,499875,85123A,WHITE HANGING HEART T-LIGHT HOLDER,12,2.55,2010-03-03 09:06:00,United Kingdom,online_retail_II.xlsx,Year 2009-2010,109082,Year 2009-2010:109082
17850,499875,82486,WOOD S/3 CABINET ANT WHITE FINISH,6,6.95,2010-03-03 09:06:00,United Kingdom,online_retail_II.xlsx,Year 2009-2010,109083,Year 2009-2010:109083
17850,499875,82494L,WOODEN FRAME ANTIQUE WHITE,6,2.55,2010-03-03 09:06:00,United Kingdom,online_retail_II.xlsx,Year 2009-2010,109084,Year 2009-2010:109084
17850,499875,22354,RETRO SPOT PADDED SEAT CUSHION,8,3.39,2010-03-03 09:06:00,United Kingdom,online_retail_II.xlsx,Year 2009-2010,109085,Year 2009-2010:109085
17850,499875,15056P,EDWARDIAN PARASOL PINK,6,4.95,2010-03-03 09:06:00,United Kingdom,online_retail_II.xlsx,Year 2009-2010,109086,Year 2009-2010:109086
17850,499876,15056BL,EDWARDIAN PARASOL BLACK,6,4.95,2010-03-03 09:10:00,United Kingdom,online_retail_II.xlsx,Year 2009-2010,109087,Year 2009-2010:109087
17850,499876,15056N,EDWARDIAN PARASOL NATURAL,6,4.95,2010-03-03 09:10:00,United Kingdom,online_retail_II.xlsx,Year 2009-2010,109088,Year 2009-2010:109088
17850,499876,20679,EDWARDIAN PARASOL RED,6,4.95,2010-03-03 09:10:00,United Kingdom,online_retail_II.xlsx,Year 2009-2010,109089,Year 2009-2010:109089
17850,499876,46000P,POLYESTER FILLER PAD 65CMx65CM,12,4.25,2010-03-03 09:10:00,United Kingdom,online_retail_II.xlsx,Year 2009-2010,109090,Year 2009-2010:109090
17850,499876,79323LP,LIGHT PINK CHERRY LIGHTS,8,5.45,2010-03-03 09:10:00,United Kingdom,online_retail_II.xlsx,Year 2009-2010,109091,Year 2009-2010:109091
17850,499876,79323W,WHITE CHERRY LIGHTS,8,5.45,2010-03-03 09:10:00,United Kingdom,online_retail_II.xlsx,Year 2009-2010,109092,Year 2009-2010:109092
17850,499876,79323GR,GREEN CHERRY LIGHTS,8,5.45,2010-03-03 09:10:00,United Kingdom,online_retail_II.xlsx,Year 2009-2010,109093,Year 2009-2010:109093
17850,499876,84909A,PINK PAISLEY QUILT,8,12.75,2010-03-03 09:10:00,United Kingdom,online_retail_II.xlsx,Year 2009-2010,109094,Year 2009-2010:109094
17850,499876,84657,GREEN ROSE CUSHION COVER,12,1.65,2010-03-03 09:10:00,United Kingdom,online_retail_II.xlsx,Year 2009-2010,109095,Year 2009-2010:109095
17850,499876,84619,BLUE GINGHAM ROSE QUILT,8,12.75,2010-03-03 09:10:00,United Kingdom,online_retail_II.xlsx,Year 2009-2010,109096,Year 2009-2010:109096
17850,499876,84623,PINK GINGHAM ROSE FLOOR CUSHION,16,2.95,2010-03-03 09:10:00,United Kingdom,online_retail_II.xlsx,Year 2009-2010,109097,Year 2009-2010:109097
17850,499882,46000P,POLYESTER FILLER PAD 65CMx65CM,12,4.25,2010-03-03 10:43:00,United Kingdom,online_retail_II.xlsx,Year 2009-2010,109197,Year 2009-2010:109197
17850,499882,79323LP,LIGHT PINK CHERRY LIGHTS,8,5.45,2010-03-03 10:43:00,United Kingdom,online_retail_II.xlsx,Year 2009-2010,109198,Year 2009-2010:109198
17850,499882,79323W,WHITE CHERRY LIGHTS,8,5.45,2010-03-03 10:43:00,United Kingdom,online_retail_II.xlsx,Year 2009-2010,109199,Year 2009-2010:109199
17850,499882,79323GR,GREEN CHERRY LIGHTS,8,5.45,2010-03-03 10:43:00,United Kingdom,online_retail_II.xlsx,Year 2009-2010,109200,Year 2009-2010:109200
17850,499882,84909A,PINK PAISLEY QUILT,8,12.75,2010-03-03 10:43:00,United Kingdom,online_retail_II.xlsx,Year 2009-2010,109201,Year 2009-2010:109201
17850,499882,84657,GREEN ROSE CUSHION COVER,12,1.65,2010-03-03 10:43:00,United Kingdom,online_retail_II.xlsx,Year 2009-2010,109202,Year 2009-2010:109202
17850,499882,15056BL,EDWARDIAN PARASOL BLACK,6,4.95,2010-03-03 10:43:00,United Kingdom,online_retail_II.xlsx,Year 2009-2010,109203,Year 2009-2010:109203
17850,499882,15056N,EDWARDIAN PARASOL NATURAL,6,4.95,2010-03-03 10:43:00,United Kingdom,online_retail_II.xlsx,Year 2009-2010,109204,Year 2009-2010:109204
17850,499882,20679,EDWARDIAN PARASOL RED,6,4.95,2010-03-03 10:43:00,United Kingdom,online_retail_II.xlsx,Year 2009-2010,109205,Year 2009-2010:109205
17850,500083,46000P,POLYESTER FILLER PAD 65CMx65CM,12,4.25,2010-03-04 11:53:00,United Kingdom,online_retail_II.xlsx,Year 2009-2010,111357,Year 2009-2010:111357
17850,500083,79323LP,LIGHT PINK CHERRY LIGHTS,8,5.45,2010-03-04 11:53:00,United Kingdom,online_retail_II.xlsx,Year 2009-2010,111358,Year 2009-2010:111358
17850,500083,79323W,WHITE CHERRY LIGHTS,8,5.45,2010-03-04 11:53:00,United Kingdom,online_retail_II.xlsx,Year 2009-2010,111359,Year 2009-2010:111359
17850,500083,79323GR,GREEN CHERRY LIGHTS,8,5.45,2010-03-04 11:53:00,United Kingdom,online_retail_II.xlsx,Year 2009-2010,111360,Year 2009-2010:111360
17850,500083,84909A,PINK PAISLEY QUILT,8,12.75,2010-03-04 11:53:00,United Kingdom,online_retail_II.xlsx,Year 2009-2010,111361,Year 2009-2010:111361
17850,500083,84657,GREEN ROSE CUSHION COVER,12,1.65,2010-03-04 11:53:00,United Kingdom,online_retail_II.xlsx,Year 2009-2010,111362,Year 2009-2010:111362
17850,500083,15056BL,EDWARDIAN PARASOL BLACK,6,4.95,2010-03-04 11:53:00,United Kingdom,online_retail_II.xlsx,Year 2009-2010,111363,Year 2009-2010:111363
17850,500083,15056N,EDWARDIAN PARASOL NATURAL,6,4.95,2010-03-04 11:53:00,United Kingdom,online_retail_II.xlsx,Year 2009-2010,111364,Year 2009-2010:111364
17850,500083,20679,EDWARDIAN PARASOL RED,6,4.95,2010-03-04 11:53:00,United Kingdom,online_retail_II.xlsx,Year 2009-2010,111365,Year 2009-2010:111365
17850,504862,71053,WHITE METAL LANTERN,12,3.39,2010-04-18 12:07:00,United Kingdom,online_retail_II.xlsx,Year 2009-2010,161731,Year 2009-2010:161731
17850,504862,84406B,CREAM CUPID HEARTS COAT HANGER,6,2.75,2010-04-18 12:07:00,United Kingdom,online_retail_II.xlsx,Year 2009-2010,161732,Year 2009-2010:161732
17850,504862,82494L,WOODEN FRAME ANTIQUE WHITE,6,2.55,2010-04-18 12:07:00,United Kingdom,online_retail_II.xlsx,Year 2009-2010,161733,Year 2009-2010:161733
17850,504862,82482,WOODEN PICTURE FRAME WHITE FINISH,6,2.1,2010-04-18 12:07:00,United Kingdom,online_retail_II.xlsx,Year 2009-2010,161734,Year 2009-2010:161734
17850,504862,82483,WOOD 2 DRAWER CABINET WHITE FINISH,4,4.95,2010-04-18 12:07:00,United Kingdom,online_retail_II.xlsx,Year 2009-2010,161735,Year 2009-2010:161735
17850,504862,82486,WOOD S/3 CABINET ANT WHITE FINISH,4,6.95,2010-04-18 12:07:00,United Kingdom,online_retail_II.xlsx,Year 2009-2010,161736,Year 2009-2010:161736
17850,504862,22251,BIRDHOUSE DECORATION MAGIC GARDEN,12,1.06,2010-04-18 12:07:00,United Kingdom,online_retail_II.xlsx,Year 2009-2010,161737,Year 2009-2010:161737
17850,504862,20727,LUNCH BAG  BLACK SKULL.,6,1.45,2010-04-18 12:07:00,United Kingdom,online_retail_II.xlsx,Year 2009-2010,161738,Year 2009-2010:161738
17850,504862,20725,LUNCH BAG RED SPOTTY,6,1.45,2010-04-18 12:07:00,United Kingdom,online_retail_II.xlsx,Year 2009-2010,161739,Year 2009-2010:161739
17850,504862,21932,SCANDINAVIAN PAISLEY PICNIC BAG,6,2.55,2010-04-18 12:07:00,United Kingdom,online_retail_II.xlsx,Year 2009-2010,161740,Year 2009-2010:161740
17850,504862,21933,PINK VINTAGE PAISLEY PICNIC BAG,6,2.55,2010-04-18 12:07:00,United Kingdom,online_retail_II.xlsx,Year 2009-2010,161741,Year 2009-2010:161741
17850,504862,22276,WASH BAG VINTAGE ROSE PAISLEY,12,2.1,2010-04-18 12:07:00,United Kingdom,online_retail_II.xlsx,Year 2009-2010,161742,Year 2009-2010:161742
17850,504862,22275,WEEKEND BAG VINTAGE ROSE PAISLEY,4,7.65,2010-04-18 12:07:00,United Kingdom,online_retail_II.xlsx,Year 2009-2010,161743,Year 2009-2010:161743
17850,504862,22558,CLOTHES PEGS RETROSPOT PACK 24,12,1.06,2010-04-18 12:07:00,United Kingdom,online_retail_II.xlsx,Year 2009-2010,161744,Year 2009-2010:161744
17850,504862,21155,RED SPOTTY PEG BAG,12,1.69,2010-04-18 12:07:00,United Kingdom,online_retail_II.xlsx,Year 2009-2010,161745,Year 2009-2010:161745
17850,504862,85162C,WHITE RETRODISC LAMPSHADE,6,1.95,2010-04-18 12:07:00,United Kingdom,online_retail_II.xlsx,Year 2009-2010,161746,Year 2009-2010:161746
17850,504862,84875D,BLUE SQUARE COMPACT MIRROR,12,1.25,2010-04-18 12:07:00,United Kingdom,online_retail_II.xlsx,Year 2009-2010,161747,Year 2009-2010:161747
17850,504862,84875B,GREEN SQUARE COMPACT MIRROR,12,1.25,2010-04-18 12:07:00,United Kingdom,online_retail_II.xlsx,Year 2009-2010,161748,Year 2009-2010:161748
17850,504862,84666,SQUARE CHERRY BLOSSOM CABINET,2,3.95,2010-04-18 12:07:00,United Kingdom,online_retail_II.xlsx,Year 2009-2010,161749,Year 2009-2010:161749
17850,504862,84664,CHERRY BLOSSOM BATHROOM CABINET,2,4.95,2010-04-18 12:07:00,United Kingdom,online_retail_II.xlsx,Year 2009-2010,161750,Year 2009-2010:161750
17850,504862,22382,LUNCH BAG SPACEBOY DESIGN,6,1.45,2010-04-18 12:07:00,United Kingdom,online_retail_II.xlsx,Year 2009-2010,161751,Year 2009-2010:161751
17850,504881,71053,WHITE METAL LANTERN,6,3.39,2010-04-18 13:00:00,United Kingdom,online_retail_II.xlsx,Year 2009-2010,162152,Year 2009-2010:162152
17850,504881,84406B,CREAM CUPID HEARTS COAT HANGER,6,2.75,2010-04-18 13:00:00,United Kingdom,online_retail_II.xlsx,Year 2009-2010,162153,Year 2009-2010:162153
17850,504881,82494L,WOODEN FRAME ANTIQUE WHITE,6,2.55,2010-04-18 13:00:00,United Kingdom,online_retail_II.xlsx,Year 2009-2010,162154,Year 2009-2010:162154
17850,504881,82482,WOODEN PICTURE FRAME WHITE FINISH,6,2.1,2010-04-18 13:00:00,United Kingdom,online_retail_II.xlsx,Year 2009-2010,162155,Year 2009-2010:162155
17850,504881,82483,WOOD 2 DRAWER CABINET WHITE FINISH,4,4.95,2010-04-18 13:00:00,United Kingdom,online_retail_II.xlsx,Year 2009-2010,162156,Year 2009-2010:162156
17850,504881,82486,WOOD S/3 CABINET ANT WHITE FINISH,4,6.95,2010-04-18 13:00:00,United Kingdom,online_retail_II.xlsx,Year 2009-2010,162157,Year 2009-2010:162157
17850,504881,22251,BIRDHOUSE DECORATION MAGIC GARDEN,12,1.06,2010-04-18 13:00:00,United Kingdom,online_retail_II.xlsx,Year 2009-2010,162158,Year 2009-2010:162158
17850,504881,20727,LUNCH BAG  BLACK SKULL.,6,1.45,2010-04-18 13:00:00,United Kingdom,online_retail_II.xlsx,Year 2009-2010,162159,Year 2009-2010:162159
17850,504881,20725,LUNCH BAG RED SPOTTY,6,1.45,2010-04-18 13:00:00,United Kingdom,online_retail_II.xlsx,Year 2009-2010,162160,Year 2009-2010:162160
17850,504881,21932,SCANDINAVIAN PAISLEY PICNIC BAG,6,2.55,2010-04-18 13:00:00,United Kingdom,online_retail_II.xlsx,Year 2009-2010,162161,Year 2009-2010:162161
17850,504881,21933,PINK VINTAGE PAISLEY PICNIC BAG,6,2.55,2010-04-18 13:00:00,United Kingdom,online_retail_II.xlsx,Year 2009-2010,162162,Year 2009-2010:162162
17850,504881,22276,WASH BAG VINTAGE ROSE PAISLEY,12,2.1,2010-04-18 13:00:00,United Kingdom,online_retail_II.xlsx,Year 2009-2010,162163,Year 2009-2010:162163
17850,504881,22275,WEEKEND BAG VINTAGE ROSE PAISLEY,4,7.65,2010-04-18 13:00:00,United Kingdom,online_retail_II.xlsx,Year 2009-2010,162164,Year 2009-2010:162164
17850,504881,22558,CLOTHES PEGS RETROSPOT PACK 24,12,1.06,2010-04-18 13:00:00,United Kingdom,online_retail_II.xlsx,Year 2009-2010,162165,Year 2009-2010:162165
17850,504881,21155,RED SPOTTY PEG BAG,12,1.69,2010-04-18 13:00:00,United Kingdom,online_retail_II.xlsx,Year 2009-2010,162166,Year 2009-2010:162166
17850,504881,85162C,WHITE RETRODISC LAMPSHADE,4,1.95,2010-04-18 13:00:00,United Kingdom,online_retail_II.xlsx,Year 2009-2010,162167,Year 2009-2010:162167
17850,504881,84875D,BLUE SQUARE COMPACT MIRROR,12,1.25,2010-04-18 13:00:00,United Kingdom,online_retail_II.xlsx,Year 2009-2010,162168,Year 2009-2010:162168
17850,504881,84875B,GREEN SQUARE COMPACT MIRROR,12,1.25,2010-04-18 13:00:00,United Kingdom,online_retail_II.xlsx,Year 2009-2010,162169,Year 2009-2010:162169
17850,504881,84666,SQUARE CHERRY BLOSSOM CABINET,2,3.95,2010-04-18 13:00:00,United Kingdom,online_retail_II.xlsx,Year 2009-2010,162170,Year 2009-2010:162170
17850,504881,84664,CHERRY BLOSSOM BATHROOM CABINET,2,4.95,2010-04-18 13:00:00,United Kingdom,online_retail_II.xlsx,Year 2009-2010,162171,Year 2009-2010:162171
17850,504881,22382,LUNCH BAG SPACEBOY DESIGN,6,1.45,2010-04-18 13:00:00,United Kingdom,online_retail_II.xlsx,Year 2009-2010,162172,Year 2009-2010:162172
17850,504887,84875D,BLUE SQUARE COMPACT MIRROR,12,1.25,2010-04-18 13:40:00,United Kingdom,online_retail_II.xlsx,Year 2009-2010,162317,Year 2009-2010:162317
17850,504887,84875B,GREEN SQUARE COMPACT MIRROR,12,1.25,2010-04-18 13:40:00,United Kingdom,online_retail_II.xlsx,Year 2009-2010,162318,Year 2009-2010:162318
17850,504887,84666,SQUARE CHERRY BLOSSOM CABINET,2,3.95,2010-04-18 13:40:00,United Kingdom,online_retail_II.xlsx,Year 2009-2010,162319,Year 2009-2010:162319
17850,504887,84664,CHERRY BLOSSOM BATHROOM CABINET,2,4.95,2010-04-18 13:40:00,United Kingdom,online_retail_II.xlsx,Year 2009-2010,162320,Year 2009-2010:162320
17850,504887,71053,WHITE METAL LANTERN,6,3.39,2010-04-18 13:40:00,United Kingdom,online_retail_II.xlsx,Year 2009-2010,162321,Year 2009-2010:162321
17850,504887,84406B,CREAM CUPID HEARTS COAT HANGER,6,2.75,2010-04-18 13:40:00,United Kingdom,online_retail_II.xlsx,Year 2009-2010,162322,Year 2009-2010:162322
17850,504887,82494L,WOODEN FRAME ANTIQUE WHITE,6,2.55,2010-04-18 13:40:00,United Kingdom,online_retail_II.xlsx,Year 2009-2010,162323,Year 2009-2010:162323
17850,504887,82482,WOODEN PICTURE FRAME WHITE FINISH,6,2.1,2010-04-18 13:40:00,United Kingdom,online_retail_II.xlsx,Year 2009-2010,162324,Year 2009-2010:162324
17850,504887,82483,WOOD 2 DRAWER CABINET WHITE FINISH,4,4.95,2010-04-18 13:40:00,United Kingdom,online_retail_II.xlsx,Year 2009-2010,162325,Year 2009-2010:162325
17850,504887,82486,WOOD S/3 CABINET ANT WHITE FINISH,4,6.95,2010-04-18 13:40:00,United Kingdom,online_retail_II.xlsx,Year 2009-2010,162326,Year 2009-2010:162326
17850,504887,22251,BIRDHOUSE DECORATION MAGIC GARDEN,12,1.06,2010-04-18 13:40:00,United Kingdom,online_retail_II.xlsx,Year 2009-2010,162327,Year 2009-2010:162327
17850,504887,20727,LUNCH BAG  BLACK SKULL.,6,1.45,2010-04-18 13:40:00,United Kingdom,online_retail_II.xlsx,Year 2009-2010,162328,Year 2009-2010:162328
17850,504887,20725,LUNCH BAG RED SPOTTY,6,1.45,2010-04-18 13:40:00,United Kingdom,online_retail_II.xlsx,Year 2009-2010,162329,Year 2009-2010:162329
17850,504887,21932,SCANDINAVIAN PAISLEY PICNIC BAG,6,2.55,2010-04-18 13:40:00,United Kingdom,online_retail_II.xlsx,Year 2009-2010,162330,Year 2009-2010:162330
17850,504887,21933,PINK VINTAGE PAISLEY PICNIC BAG,6,2.55,2010-04-18 13:40:00,United Kingdom,online_retail_II.xlsx,Year 2009-2010,162331,Year 2009-2010:162331
17850,504887,22276,WASH BAG VINTAGE ROSE PAISLEY,12,2.1,2010-04-18 13:40:00,United Kingdom,online_retail_II.xlsx,Year 2009-2010,162332,Year 2009-2010:162332
17850,504887,22275,WEEKEND BAG VINTAGE ROSE PAISLEY,4,7.65,2010-04-18 13:40:00,United Kingdom,online_retail_II.xlsx,Year 2009-2010,162333,Year 2009-2010:162333
17850,504887,22558,CLOTHES PEGS RETROSPOT PACK 24,12,1.06,2010-04-18 13:40:00,United Kingdom,online_retail_II.xlsx,Year 2009-2010,162334,Year 2009-2010:162334
17850,504887,21155,RED SPOTTY PEG BAG,12,1.69,2010-04-18 13:40:00,United Kingdom,online_retail_II.xlsx,Year 2009-2010,162335,Year 2009-2010:162335
17850,504887,85162C,WHITE RETRODISC LAMPSHADE,4,1.95,2010-04-18 13:40:00,United Kingdom,online_retail_II.xlsx,Year 2009-2010,162336,Year 2009-2010:162336
17850,504887,22382,LUNCH BAG SPACEBOY DESIGN,6,1.45,2010-04-18 13:40:00,United Kingdom,online_retail_II.xlsx,Year 2009-2010,162337,Year 2009-2010:162337
17850,504900,71053,WHITE METAL LANTERN,12,3.39,2010-04-18 15:12:00,United Kingdom,online_retail_II.xlsx,Year 2009-2010,162631,Year 2009-2010:162631
17850,504900,84406B,CREAM CUPID HEARTS COAT HANGER,6,2.75,2010-04-18 15:12:00,United Kingdom,online_retail_II.xlsx,Year 2009-2010,162632,Year 2009-2010:162632
17850,504900,82494L,WOODEN FRAME ANTIQUE WHITE,6,2.55,2010-04-18 15:12:00,United Kingdom,online_retail_II.xlsx,Year 2009-2010,162633,Year 2009-2010:162633
17850,504900,82482,WOODEN PICTURE FRAME WHITE FINISH,6,2.1,2010-04-18 15:12:00,United Kingdom,online_retail_II.xlsx,Year 2009-2010,162634,Year 2009-2010:162634
17850,504900,82483,WOOD 2 DRAWER CABINET WHITE FINISH,4,4.95,2010-04-18 15:12:00,United Kingdom,online_retail_II.xlsx,Year 2009-2010,162635,Year 2009-2010:162635
17850,504900,82486,WOOD S/3 CABINET ANT WHITE FINISH,4,6.95,2010-04-18 15:12:00,United Kingdom,online_retail_II.xlsx,Year 2009-2010,162636,Year 2009-2010:162636
17850,504900,22251,BIRDHOUSE DECORATION MAGIC GARDEN,12,1.06,2010-04-18 15:12:00,United Kingdom,online_retail_II.xlsx,Year 2009-2010,162637,Year 2009-2010:162637
17850,504900,20727,LUNCH BAG  BLACK SKULL.,6,1.45,2010-04-18 15:12:00,United Kingdom,online_retail_II.xlsx,Year 2009-2010,162638,Year 2009-2010:162638
17850,504900,20725,LUNCH BAG RED SPOTTY,6,1.45,2010-04-18 15:12:00,United Kingdom,online_retail_II.xlsx,Year 2009-2010,162639,Year 2009-2010:162639
17850,504900,21932,SCANDINAVIAN PAISLEY PICNIC BAG,6,2.55,2010-04-18 15:12:00,United Kingdom,online_retail_II.xlsx,Year 2009-2010,162640,Year 2009-2010:162640
17850,504900,21933,PINK VINTAGE PAISLEY PICNIC BAG,6,2.55,2010-04-18 15:12:00,United Kingdom,online_retail_II.xlsx,Year 2009-2010,162641,Year 2009-2010:162641
17850,504900,22276,WASH BAG VINTAGE ROSE PAISLEY,12,2.1,2010-04-18 15:12:00,United Kingdom,online_retail_II.xlsx,Year 2009-2010,162642,Year 2009-2010:162642
17850,504900,22275,WEEKEND BAG VINTAGE ROSE PAISLEY,6,7.65,2010-04-18 15:12:00,United Kingdom,online_retail_II.xlsx,Year 2009-2010,162643,Year 2009-2010:162643
17850,504900,22558,CLOTHES PEGS RETROSPOT PACK 24,24,1.06,2010-04-18 15:12:00,United Kingdom,online_retail_II.xlsx,Year 2009-2010,162644,Year 2009-2010:162644
17850,504900,21155,RED SPOTTY PEG BAG,12,1.69,2010-04-18 15:12:00,United Kingdom,online_retail_II.xlsx,Year 2009-2010,162645,Year 2009-2010:162645
17850,504900,85162C,WHITE RETRODISC LAMPSHADE,6,1.95,2010-04-18 15:12:00,United Kingdom,online_retail_II.xlsx,Year 2009-2010,162646,Year 2009-2010:162646
17850,504900,84875D,BLUE SQUARE COMPACT MIRROR,12,1.25,2010-04-18 15:12:00,United Kingdom,online_retail_II.xlsx,Year 2009-2010,162647,Year 2009-2010:162647
17850,504900,84875B,GREEN SQUARE COMPACT MIRROR,12,1.25,2010-04-18 15:12:00,United Kingdom,online_retail_II.xlsx,Year 2009-2010,162648,Year 2009-2010:162648
17850,504900,84666,SQUARE CHERRY BLOSSOM CABINET,4,3.95,2010-04-18 15:12:00,United Kingdom,online_retail_II.xlsx,Year 2009-2010,162649,Year 2009-2010:162649
17850,504900,84664,CHERRY BLOSSOM BATHROOM CABINET,4,4.95,2010-04-18 15:12:00,United Kingdom,online_retail_II.xlsx,Year 2009-2010,162650,Year 2009-2010:162650
17850,504900,22382,LUNCH BAG SPACEBOY DESIGN,6,1.45,2010-04-18 15:12:00,United Kingdom,online_retail_II.xlsx,Year 2009-2010,162651,Year 2009-2010:162651
17850,504906,71053,WHITE METAL LANTERN,12,3.39,2010-04-19 07:14:00,United Kingdom,online_retail_II.xlsx,Year 2009-2010,162898,Year 2009-2010:162898
17850,504906,84406B,CREAM CUPID HEARTS COAT HANGER,12,2.75,2010-04-19 07:14:00,United Kingdom,online_retail_II.xlsx,Year 2009-2010,162899,Year 2009-2010:162899
17850,504906,82494L,WOODEN FRAME ANTIQUE WHITE,6,2.55,2010-04-19 07:14:00,United Kingdom,online_retail_II.xlsx,Year 2009-2010,162900,Year 2009-2010:162900
17850,504906,82482,WOODEN PICTURE FRAME WHITE FINISH,6,2.1,2010-04-19 07:14:00,United Kingdom,online_retail_II.xlsx,Year 2009-2010,162901,Year 2009-2010:162901
17850,504906,82483,WOOD 2 DRAWER CABINET WHITE FINISH,4,4.95,2010-04-19 07:14:00,United Kingdom,online_retail_II.xlsx,Year 2009-2010,162902,Year 2009-2010:162902
17850,504906,82486,WOOD S/3 CABINET ANT WHITE FINISH,4,6.95,2010-04-19 07:14:00,United Kingdom,online_retail_II.xlsx,Year 2009-2010,162903,Year 2009-2010:162903
17850,504906,22251,BIRDHOUSE DECORATION MAGIC GARDEN,12,1.06,2010-04-19 07:14:00,United Kingdom,online_retail_II.xlsx,Year 2009-2010,162904,Year 2009-2010:162904
17850,504906,20727,LUNCH BAG  BLACK SKULL.,12,1.45,2010-04-19 07:14:00,United Kingdom,online_retail_II.xlsx,Year 2009-2010,162905,Year 2009-2010:162905
17850,504906,20725,LUNCH BAG RED SPOTTY,6,1.45,2010-04-19 07:14:00,United Kingdom,online_retail_II.xlsx,Year 2009-2010,162906,Year 2009-2010:162906
17850,504906,21932,SCANDINAVIAN PAISLEY PICNIC BAG,6,2.55,2010-04-19 07:14:00,United Kingdom,online_retail_II.xlsx,Year 2009-2010,162907,Year 2009-2010:162907
17850,504906,21933,PINK VINTAGE PAISLEY PICNIC BAG,6,2.55,2010-04-19 07:14:00,United Kingdom,online_retail_II.xlsx,Year 2009-2010,162908,Year 2009-2010:162908
17850,504906,22276,WASH BAG VINTAGE ROSE PAISLEY,12,2.1,2010-04-19 07:14:00,United Kingdom,online_retail_II.xlsx,Year 2009-2010,162909,Year 2009-2010:162909
17850,504906,22275,WEEKEND BAG VINTAGE ROSE PAISLEY,6,7.65,2010-04-19 07:14:00,United Kingdom,online_retail_II.xlsx,Year 2009-2010,162910,Year 2009-2010:162910
17850,504906,22558,CLOTHES PEGS RETROSPOT PACK 24,24,1.06,2010-04-19 07:14:00,United Kingdom,online_retail_II.xlsx,Year 2009-2010,162911,Year 2009-2010:162911
17850,504906,21155,RED SPOTTY PEG BAG,12,1.69,2010-04-19 07:14:00,United Kingdom,online_retail_II.xlsx,Year 2009-2010,162912,Year 2009-2010:162912
17850,504906,85162C,WHITE RETRODISC LAMPSHADE,6,1.95,2010-04-19 07:14:00,United Kingdom,online_retail_II.xlsx,Year 2009-2010,162913,Year 2009-2010:162913
17850,504906,84875D,BLUE SQUARE COMPACT MIRROR,12,1.25,2010-04-19 07:14:00,United Kingdom,online_retail_II.xlsx,Year 2009-2010,162914,Year 2009-2010:162914
17850,504906,84875B,GREEN SQUARE COMPACT MIRROR,12,1.25,2010-04-19 07:14:00,United Kingdom,online_retail_II.xlsx,Year 2009-2010,162915,Year 2009-2010:162915
17850,504906,84666,SQUARE CHERRY BLOSSOM CABINET,4,3.95,2010-04-19 07:14:00,United Kingdom,online_retail_II.xlsx,Year 2009-2010,162916,Year 2009-2010:162916
17850,504906,84664,CHERRY BLOSSOM BATHROOM CABINET,4,4.95,2010-04-19 07:14:00,United Kingdom,online_retail_II.xlsx,Year 2009-2010,162917,Year 2009-2010:162917
17850,504906,22382,LUNCH BAG SPACEBOY DESIGN,12,1.45,2010-04-19 07:14:00,United Kingdom,online_retail_II.xlsx,Year 2009-2010,162918,Year 2009-2010:162918
17850,504907,71053,WHITE METAL LANTERN,12,3.39,2010-04-19 08:19:00,United Kingdom,online_retail_II.xlsx,Year 2009-2010,162919,Year 2009-2010:162919
17850,504907,84406B,CREAM CUPID HEARTS COAT HANGER,12,2.75,2010-04-19 08:19:00,United Kingdom,online_retail_II.xlsx,Year 2009-2010,162920,Year 2009-2010:162920
17850,504907,82494L,WOODEN FRAME ANTIQUE WHITE,6,2.55,2010-04-19 08:19:00,United Kingdom,online_retail_II.xlsx,Year 2009-2010,162921,Year 2009-2010:162921
17850,504907,82482,WOODEN PICTURE FRAME WHITE FINISH,6,2.1,2010-04-19 08:19:00,United Kingdom,online_retail_II.xlsx,Year 2009-2010,162922,Year 2009-2010:162922
17850,504907,82483,WOOD 2 DRAWER CABINET WHITE FINISH,4,4.95,2010-04-19 08:19:00,United Kingdom,online_retail_II.xlsx,Year 2009-2010,162923,Year 2009-2010:162923
17850,504907,82486,WOOD S/3 CABINET ANT WHITE FINISH,4,6.95,2010-04-19 08:19:00,United Kingdom,online_retail_II.xlsx,Year 2009-2010,162924,Year 2009-2010:162924
17850,504907,22251,BIRDHOUSE DECORATION MAGIC GARDEN,12,1.06,2010-04-19 08:19:00,United Kingdom,online_retail_II.xlsx,Year 2009-2010,162925,Year 2009-2010:162925
17850,504907,20727,LUNCH BAG  BLACK SKULL.,12,1.45,2010-04-19 08:19:00,United Kingdom,online_retail_II.xlsx,Year 2009-2010,162926,Year 2009-2010:162926
17850,504907,20725,LUNCH BAG RED SPOTTY,6,1.45,2010-04-19 08:19:00,United Kingdom,online_retail_II.xlsx,Year 2009-2010,162927,Year 2009-2010:162927
17850,504907,21932,SCANDINAVIAN PAISLEY PICNIC BAG,6,2.55,2010-04-19 08:19:00,United Kingdom,online_retail_II.xlsx,Year 2009-2010,162928,Year 2009-2010:162928
17850,504907,21933,PINK VINTAGE PAISLEY PICNIC BAG,6,2.55,2010-04-19 08:19:00,United Kingdom,online_retail_II.xlsx,Year 2009-2010,162929,Year 2009-2010:162929
17850,504907,22276,WASH BAG VINTAGE ROSE PAISLEY,12,2.1,2010-04-19 08:19:00,United Kingdom,online_retail_II.xlsx,Year 2009-2010,162930,Year 2009-2010:162930
17850,504907,22275,WEEKEND BAG VINTAGE ROSE PAISLEY,6,7.65,2010-04-19 08:19:00,United Kingdom,online_retail_II.xlsx,Year 2009-2010,162931,Year 2009-2010:162931
17850,504907,22558,CLOTHES PEGS RETROSPOT PACK 24,24,1.06,2010-04-19 08:19:00,United Kingdom,online_retail_II.xlsx,Year 2009-2010,162932,Year 2009-2010:162932
17850,504907,21155,RED SPOTTY PEG BAG,12,1.69,2010-04-19 08:19:00,United Kingdom,online_retail_II.xlsx,Year 2009-2010,162933,Year 2009-2010:162933
17850,504907,85162C,WHITE RETRODISC LAMPSHADE,6,1.95,2010-04-19 08:19:00,United Kingdom,online_retail_II.xlsx,Year 2009-2010,162934,Year 2009-2010:162934
17850,504907,84875D,BLUE SQUARE COMPACT MIRROR,12,1.25,2010-04-19 08:19:00,United Kingdom,online_retail_II.xlsx,Year 2009-2010,162935,Year 2009-2010:162935
17850,504907,84875B,GREEN SQUARE COMPACT MIRROR,12,1.25,2010-04-19 08:19:00,United Kingdom,online_retail_II.xlsx,Year 2009-2010,162936,Year 2009-2010:162936
17850,504907,84666,SQUARE CHERRY BLOSSOM CABINET,4,3.95,2010-04-19 08:19:00,United Kingdom,online_retail_II.xlsx,Year 2009-2010,162937,Year 2009-2010:162937
17850,504907,84664,CHERRY BLOSSOM BATHROOM CABINET,4,4.95,2010-04-19 08:19:00,United Kingdom,online_retail_II.xlsx,Year 2009-2010,162938,Year 2009-2010:162938
17850,504907,22382,LUNCH BAG SPACEBOY DESIGN,12,1.45,2010-04-19 08:19:00,United Kingdom,online_retail_II.xlsx,Year 2009-2010,162939,Year 2009-2010:162939
17850,504910,71053,WHITE METAL LANTERN,12,3.39,2010-04-19 09:35:00,United Kingdom,online_retail_II.xlsx,Year 2009-2010,162980,Year 2009-2010:162980
17850,504910,84406B,CREAM CUPID HEARTS COAT HANGER,12,2.75,2010-04-19 09:35:00,United Kingdom,online_retail_II.xlsx,Year 2009-2010,162981,Year 2009-2010:162981
17850,504910,82494L,WOODEN FRAME ANTIQUE WHITE,12,2.55,2010-04-19 09:35:00,United Kingdom,online_retail_II.xlsx,Year 2009-2010,162982,Year 2009-2010:162982
17850,504910,82482,WOODEN PICTURE FRAME WHITE FINISH,12,2.1,2010-04-19 09:35:00,United Kingdom,online_retail_II.xlsx,Year 2009-2010,162983,Year 2009-2010:162983
17850,504910,82483,WOOD 2 DRAWER CABINET WHITE FINISH,6,4.95,2010-04-19 09:35:00,United Kingdom,online_retail_II.xlsx,Year 2009-2010,162984,Year 2009-2010:162984
17850,504910,82486,WOOD S/3 CABINET ANT WHITE FINISH,6,6.95,2010-04-19 09:35:00,United Kingdom,online_retail_II.xlsx,Year 2009-2010,162985,Year 2009-2010:162985
17850,504910,22251,BIRDHOUSE DECORATION MAGIC GARDEN,24,1.06,2010-04-19 09:35:00,United Kingdom,online_retail_II.xlsx,Year 2009-2010,162986,Year 2009-2010:162986
17850,504910,20727,LUNCH BAG  BLACK SKULL.,12,1.45,2010-04-19 09:35:00,United Kingdom,online_retail_II.xlsx,Year 2009-2010,162987,Year 2009-2010:162987
17850,504910,20725,LUNCH BAG RED SPOTTY,12,1.45,2010-04-19 09:35:00,United Kingdom,online_retail_II.xlsx,Year 2009-2010,162988,Year 2009-2010:162988
17850,504910,22382,LUNCH BAG SPACEBOY DESIGN,12,1.45,2010-04-19 09:35:00,United Kingdom,online_retail_II.xlsx,Year 2009-2010,162989,Year 2009-2010:162989
17850,504910,21932,SCANDINAVIAN PAISLEY PICNIC BAG,12,2.55,2010-04-19 09:35:00,United Kingdom,online_retail_II.xlsx,Year 2009-2010,162990,Year 2009-2010:162990
17850,504910,21933,PINK VINTAGE PAISLEY PICNIC BAG,12,2.55,2010-04-19 09:35:00,United Kingdom,online_retail_II.xlsx,Year 2009-2010,162991,Year 2009-2010:162991
17850,504910,22276,WASH BAG VINTAGE ROSE PAISLEY,24,2.1,2010-04-19 09:35:00,United Kingdom,online_retail_II.xlsx,Year 2009-2010,162992,Year 2009-2010:162992
17850,504910,22275,WEEKEND BAG VINTAGE ROSE PAISLEY,6,7.65,2010-04-19 09:35:00,United Kingdom,online_retail_II.xlsx,Year 2009-2010,162993,Year 2009-2010:162993
17850,504910,22558,CLOTHES PEGS RETROSPOT PACK 24,24,1.06,2010-04-19 09:35:00,United Kingdom,online_retail_II.xlsx,Year 2009-2010,162994,Year 2009-2010:162994
17850,504910,21155,RED SPOTTY PEG BAG,12,1.69,2010-04-19 09:35:00,United Kingdom,online_retail_II.xlsx,Year 2009-2010,162995,Year 2009-2010:162995
17850,504910,85162C,WHITE RETRODISC LAMPSHADE,12,1.95,2010-04-19 09:35:00,United Kingdom,online_retail_II.xlsx,Year 2009-2010,162996,Year 2009-2010:162996
17850,504910,84875D,BLUE SQUARE COMPACT MIRROR,24,1.25,2010-04-19 09:35:00,United Kingdom,online_retail_II.xlsx,Year 2009-2010,162997,Year 2009-2010:162997
17850,504910,84875B,GREEN SQUARE COMPACT MIRROR,24,1.25,2010-04-19 09:35:00,United Kingdom,online_retail_II.xlsx,Year 2009-2010,162998,Year 2009-2010:162998
17850,504910,84666,SQUARE CHERRY BLOSSOM CABINET,6,3.95,2010-04-19 09:35:00,United Kingdom,online_retail_II.xlsx,Year 2009-2010,162999,Year 2009-2010:162999
17850,504910,84664,CHERRY BLOSSOM BATHROOM CABINET,6,4.95,2010-04-19 09:35:00,United Kingdom,online_retail_II.xlsx,Year 2009-2010,163000,Year 2009-2010:163000
17850,504934,71053,WHITE METAL LANTERN,12,3.39,2010-04-19 11:15:00,United Kingdom,online_retail_II.xlsx,Year 2009-2010,164571,Year 2009-2010:164571
17850,504934,84406B,CREAM CUPID HEARTS COAT HANGER,6,2.75,2010-04-19 11:15:00,United Kingdom,online_retail_II.xlsx,Year 2009-2010,164572,Year 2009-2010:164572
17850,504934,82494L,WOODEN FRAME ANTIQUE WHITE,6,2.55,2010-04-19 11:15:00,United Kingdom,online_retail_II.xlsx,Year 2009-2010,164573,Year 2009-2010:164573
17850,504934,82482,WOODEN PICTURE FRAME WHITE FINISH,6,2.1,2010-04-19 11:15:00,United Kingdom,online_retail_II.xlsx,Year 2009-2010,164574,Year 2009-2010:164574
17850,504934,22251,BIRDHOUSE DECORATION MAGIC GARDEN,12,1.06,2010-04-19 11:15:00,United Kingdom,online_retail_II.xlsx,Year 2009-2010,164575,Year 2009-2010:164575
17850,504934,20727,LUNCH BAG  BLACK SKULL.,6,1.45,2010-04-19 11:15:00,United Kingdom,online_retail_II.xlsx,Year 2009-2010,164576,Year 2009-2010:164576
17850,504934,20725,LUNCH BAG RED SPOTTY,6,1.45,2010-04-19 11:15:00,United Kingdom,online_retail_II.xlsx,Year 2009-2010,164577,Year 2009-2010:164577
17850,504934,22382,LUNCH BAG SPACEBOY DESIGN,6,1.45,2010-04-19 11:15:00,United Kingdom,online_retail_II.xlsx,Year 2009-2010,164578,Year 2009-2010:164578
17850,504934,21932,SCANDINAVIAN PAISLEY PICNIC BAG,6,2.55,2010-04-19 11:15:00,United Kingdom,online_retail_II.xlsx,Year 2009-2010,164579,Year 2009-2010:164579
17850,504934,21933,PINK VINTAGE PAISLEY PICNIC BAG,6,2.55,2010-04-19 11:15:00,United Kingdom,online_retail_II.xlsx,Year 2009-2010,164580,Year 2009-2010:164580
17850,504934,22276,WASH BAG VINTAGE ROSE PAISLEY,12,2.1,2010-04-19 11:15:00,United Kingdom,online_retail_II.xlsx,Year 2009-2010,164581,Year 2009-2010:164581
17850,504934,22275,WEEKEND BAG VINTAGE ROSE PAISLEY,4,7.65,2010-04-19 11:15:00,United Kingdom,online_retail_II.xlsx,Year 2009-2010,164582,Year 2009-2010:164582
17850,504934,22558,CLOTHES PEGS RETROSPOT PACK 24,24,1.06,2010-04-19 11:15:00,United Kingdom,online_retail_II.xlsx,Year 2009-2010,164583,Year 2009-2010:164583
17850,504934,21155,RED SPOTTY PEG BAG,12,1.69,2010-04-19 11:15:00,United Kingdom,online_retail_II.xlsx,Year 2009-2010,164584,Year 2009-2010:164584
17850,504934,85162C,WHITE RETRODISC LAMPSHADE,6,1.95,2010-04-19 11:15:00,United Kingdom,online_retail_II.xlsx,Year 2009-2010,164585,Year 2009-2010:164585
17850,504934,84875D,BLUE SQUARE COMPACT MIRROR,12,1.25,2010-04-19 11:15:00,United Kingdom,online_retail_II.xlsx,Year 2009-2010,164586,Year 2009-2010:164586
17850,504934,84875B,GREEN SQUARE COMPACT MIRROR,12,1.25,2010-04-19 11:15:00,United Kingdom,online_retail_II.xlsx,Year 2009-2010,164587,Year 2009-2010:164587
17850,504934,84666,SQUARE CHERRY BLOSSOM CABINET,3,3.95,2010-04-19 11:15:00,United Kingdom,online_retail_II.xlsx,Year 2009-2010,164588,Year 2009-2010:164588
17850,504934,84664,CHERRY BLOSSOM BATHROOM CABINET,3,4.95,2010-04-19 11:15:00,United Kingdom,online_retail_II.xlsx,Year 2009-2010,164589,Year 2009-2010:164589
17850,505001,71053,WHITE METAL LANTERN,6,3.39,2010-04-19 12:38:00,United Kingdom,online_retail_II.xlsx,Year 2009-2010,165037,Year 2009-2010:165037
17850,505001,84406B,CREAM CUPID HEARTS COAT HANGER,6,2.75,2010-04-19 12:38:00,United Kingdom,online_retail_II.xlsx,Year 2009-2010,165038,Year 2009-2010:165038
17850,505001,82494L,WOODEN FRAME ANTIQUE WHITE,6,2.55,2010-04-19 12:38:00,United Kingdom,online_retail_II.xlsx,Year 2009-2010,165039,Year 2009-2010:165039
17850,505001,82482,WOODEN PICTURE FRAME WHITE FINISH,6,2.1,2010-04-19 12:38:00,United Kingdom,online_retail_II.xlsx,Year 2009-2010,165040,Year 2009-2010:165040
17850,505001,22251,BIRDHOUSE DECORATION MAGIC GARDEN,12,1.06,2010-04-19 12:38:00,United Kingdom,online_retail_II.xlsx,Year 2009-2010,165041,Year 2009-2010:165041
17850,505001,20727,LUNCH BAG  BLACK SKULL.,6,1.45,2010-04-19 12:38:00,United Kingdom,online_retail_II.xlsx,Year 2009-2010,165042,Year 2009-2010:165042
17850,505001,20725,LUNCH BAG RED SPOTTY,6,1.45,2010-04-19 12:38:00,United Kingdom,online_retail_II.xlsx,Year 2009-2010,165043,Year 2009-2010:165043
17850,505001,22382,LUNCH BAG SPACEBOY DESIGN,6,1.45,2010-04-19 12:38:00,United Kingdom,online_retail_II.xlsx,Year 2009-2010,165044,Year 2009-2010:165044
17850,505001,21932,SCANDINAVIAN PAISLEY PICNIC BAG,6,2.55,2010-04-19 12:38:00,United Kingdom,online_retail_II.xlsx,Year 2009-2010,165045,Year 2009-2010:165045
17850,505001,21933,PINK VINTAGE PAISLEY PICNIC BAG,6,2.55,2010-04-19 12:38:00,United Kingdom,online_retail_II.xlsx,Year 2009-2010,165046,Year 2009-2010:165046
17850,505001,22276,WASH BAG VINTAGE ROSE PAISLEY,12,2.1,2010-04-19 12:38:00,United Kingdom,online_retail_II.xlsx,Year 2009-2010,165047,Year 2009-2010:165047
17850,505001,22558,CLOTHES PEGS RETROSPOT PACK 24,12,1.06,2010-04-19 12:38:00,United Kingdom,online_retail_II.xlsx,Year 2009-2010,165048,Year 2009-2010:165048
17850,505001,21155,RED SPOTTY PEG BAG,12,1.69,2010-04-19 12:38:00,United Kingdom,online_retail_II.xlsx,Year 2009-2010,165049,Year 2009-2010:165049
17850,505001,85162C,WHITE RETRODISC LAMPSHADE,4,1.95,2010-04-19 12:38:00,United Kingdom,online_retail_II.xlsx,Year 2009-2010,165050,Year 2009-2010:165050
17850,505001,84875D,BLUE SQUARE COMPACT MIRROR,12,1.25,2010-04-19 12:38:00,United Kingdom,online_retail_II.xlsx,Year 2009-2010,165051,Year 2009-2010:165051
17850,505001,84875B,GREEN SQUARE COMPACT MIRROR,12,1.25,2010-04-19 12:38:00,United Kingdom,online_retail_II.xlsx,Year 2009-2010,165052,Year 2009-2010:165052
17850,505001,84666,SQUARE CHERRY BLOSSOM CABINET,3,3.95,2010-04-19 12:38:00,United Kingdom,online_retail_II.xlsx,Year 2009-2010,165053,Year 2009-2010:165053
17850,505001,84664,CHERRY BLOSSOM BATHROOM CABINET,3,4.95,2010-04-19 12:38:00,United Kingdom,online_retail_II.xlsx,Year 2009-2010,165054,Year 2009-2010:165054
17850,505001,82483,WOOD 2 DRAWER CABINET WHITE FINISH,4,4.95,2010-04-19 12:38:00,United Kingdom,online_retail_II.xlsx,Year 2009-2010,165055,Year 2009-2010:165055
17850,505001,82486,WOOD S/3 CABINET ANT WHITE FINISH,4,6.95,2010-04-19 12:38:00,United Kingdom,online_retail_II.xlsx,Year 2009-2010,165056,Year 2009-2010:165056
17850,505011,71053,WHITE METAL LANTERN,6,3.39,2010-04-19 13:15:00,United Kingdom,online_retail_II.xlsx,Year 2009-2010,165158,Year 2009-2010:165158
17850,505011,84406B,CREAM CUPID HEARTS COAT HANGER,6,2.75,2010-04-19 13:15:00,United Kingdom,online_retail_II.xlsx,Year 2009-2010,165159,Year 2009-2010:165159
17850,505011,82494L,WOODEN FRAME ANTIQUE WHITE,6,2.55,2010-04-19 13:15:00,United Kingdom,online_retail_II.xlsx,Year 2009-2010,165160,Year 2009-2010:165160
17850,505011,82482,WOODEN PICTURE FRAME WHITE FINISH,6,2.1,2010-04-19 13:15:00,United Kingdom,online_retail_II.xlsx,Year 2009-2010,165161,Year 2009-2010:165161
17850,505011,82483,WOOD 2 DRAWER CABINET WHITE FINISH,4,4.95,2010-04-19 13:15:00,United Kingdom,online_retail_II.xlsx,Year 2009-2010,165162,Year 2009-2010:165162
17850,505011,82486,WOOD S/3 CABINET ANT WHITE FINISH,4,6.95,2010-04-19 13:15:00,United Kingdom,online_retail_II.xlsx,Year 2009-2010,165163,Year 2009-2010:165163
17850,505011,22251,BIRDHOUSE DECORATION MAGIC GARDEN,12,1.06,2010-04-19 13:15:00,United Kingdom,online_retail_II.xlsx,Year 2009-2010,165164,Year 2009-2010:165164
17850,505011,20727,LUNCH BAG  BLACK SKULL.,6,1.45,2010-04-19 13:15:00,United Kingdom,online_retail_II.xlsx,Year 2009-2010,165165,Year 2009-2010:165165
17850,505011,20725,LUNCH BAG RED SPOTTY,6,1.45,2010-04-19 13:15:00,United Kingdom,online_retail_II.xlsx,Year 2009-2010,165166,Year 2009-2010:165166
17850,505011,22382,LUNCH BAG SPACEBOY DESIGN,6,1.45,2010-04-19 13:15:00,United Kingdom,online_retail_II.xlsx,Year 2009-2010,165167,Year 2009-2010:165167
17850,505011,22276,WASH BAG VINTAGE ROSE PAISLEY,12,2.1,2010-04-19 13:15:00,United Kingdom,online_retail_II.xlsx,Year 2009-2010,165168,Year 2009-2010:165168
17850,505011,22258,FELT FARM ANIMAL RABBIT,12,1.06,2010-04-19 13:15:00,United Kingdom,online_retail_II.xlsx,Year 2009-2010,165169,Year 2009-2010:165169
17850,505011,21155,RED SPOTTY PEG BAG,6,1.69,2010-04-19 13:15:00,United Kingdom,online_retail_II.xlsx,Year 2009-2010,165170,Year 2009-2010:165170
17850,505011,85162C,WHITE RETRODISC LAMPSHADE,4,1.95,2010-04-19 13:15:00,United Kingdom,online_retail_II.xlsx,Year 2009-2010,165211,Year 2009-2010:165211
17850,505011,84875D,BLUE SQUARE COMPACT MIRROR,12,1.25,2010-04-19 13:15:00,United Kingdom,online_retail_II.xlsx,Year 2009-2010,165212,Year 2009-2010:165212
17850,505011,84875B,GREEN SQUARE COMPACT MIRROR,12,1.25,2010-04-19 13:15:00,United Kingdom,online_retail_II.xlsx,Year 2009-2010,165213,Year 2009-2010:165213
17850,505017,71053,WHITE METAL LANTERN,6,3.39,2010-04-19 14:03:00,United Kingdom,online_retail_II.xlsx,Year 2009-2010,165524,Year 2009-2010:165524
17850,505017,84406B,CREAM CUPID HEARTS COAT HANGER,6,2.75,2010-04-19 14:03:00,United Kingdom,online_retail_II.xlsx,Year 2009-2010,165525,Year 2009-2010:165525
17850,505017,82494L,WOODEN FRAME ANTIQUE WHITE,6,2.55,2010-04-19 14:03:00,United Kingdom,online_retail_II.xlsx,Year 2009-2010,165526,Year 2009-2010:165526
17850,505017,82482,WOODEN PICTURE FRAME WHITE FINISH,6,2.1,2010-04-19 14:03:00,United Kingdom,online_retail_II.xlsx,Year 2009-2010,165527,Year 2009-2010:165527
17850,505017,82483,WOOD 2 DRAWER CABINET WHITE FINISH,4,4.95,2010-04-19 14:03:00,United Kingdom,online_retail_II.xlsx,Year 2009-2010,165528,Year 2009-2010:165528
17850,505017,82486,WOOD S/3 CABINET ANT WHITE FINISH,4,6.95,2010-04-19 14:03:00,United Kingdom,online_retail_II.xlsx,Year 2009-2010,165529,Year 2009-2010:165529
17850,505017,22251,BIRDHOUSE DECORATION MAGIC GARDEN,12,1.06,2010-04-19 14:03:00,United Kingdom,online_retail_II.xlsx,Year 2009-2010,165530,Year 2009-2010:165530
17850,505017,20725,LUNCH BAG RED SPOTTY,6,1.45,2010-04-19 14:03:00,United Kingdom,online_retail_II.xlsx,Year 2009-2010,165531,Year 2009-2010:165531
17850,505017,20727,LUNCH BAG  BLACK SKULL.,6,1.45,2010-04-19 14:03:00,United Kingdom,online_retail_II.xlsx,Year 2009-2010,165532,Year 2009-2010:165532
17850,505017,22382,LUNCH BAG SPACEBOY DESIGN,6,1.45,2010-04-19 14:03:00,United Kingdom,online_retail_II.xlsx,Year 2009-2010,165533,Year 2009-2010:165533
17850,505017,21932,SCANDINAVIAN PAISLEY PICNIC BAG,6,2.55,2010-04-19 14:03:00,United Kingdom,online_retail_II.xlsx,Year 2009-2010,165534,Year 2009-2010:165534
17850,505017,21933,PINK VINTAGE PAISLEY PICNIC BAG,6,2.55,2010-04-19 14:03:00,United Kingdom,online_retail_II.xlsx,Year 2009-2010,165535,Year 2009-2010:165535
17850,505017,22276,WASH BAG VINTAGE ROSE PAISLEY,12,2.1,2010-04-19 14:03:00,United Kingdom,online_retail_II.xlsx,Year 2009-2010,165536,Year 2009-2010:165536
17850,505017,22558,CLOTHES PEGS RETROSPOT PACK 24,12,1.06,2010-04-19 14:03:00,United Kingdom,online_retail_II.xlsx,Year 2009-2010,165537,Year 2009-2010:165537
17850,505017,21155,RED SPOTTY PEG BAG,6,1.69,2010-04-19 14:03:00,United Kingdom,online_retail_II.xlsx,Year 2009-2010,165538,Year 2009-2010:165538
17850,505017,85162C,WHITE RETRODISC LAMPSHADE,4,1.95,2010-04-19 14:03:00,United Kingdom,online_retail_II.xlsx,Year 2009-2010,165539,Year 2009-2010:165539
17850,505017,84875D,BLUE SQUARE COMPACT MIRROR,12,1.25,2010-04-19 14:03:00,United Kingdom,online_retail_II.xlsx,Year 2009-2010,165540,Year 2009-2010:165540
17850,505017,84875B,GREEN SQUARE COMPACT MIRROR,12,1.25,2010-04-19 14:03:00,United Kingdom,online_retail_II.xlsx,Year 2009-2010,165541,Year 2009-2010:165541
17850,505017,84666,SQUARE CHERRY BLOSSOM CABINET,2,3.95,2010-04-19 14:03:00,United Kingdom,online_retail_II.xlsx,Year 2009-2010,165542,Year 2009-2010:165542
17850,505017,84664,CHERRY BLOSSOM BATHROOM CABINET,2,4.95,2010-04-19 14:03:00,United Kingdom,online_retail_II.xlsx,Year 2009-2010,165543,Year 2009-2010:165543
17850,505052,71053,WHITE METAL LANTERN,6,3.39,2010-04-19 14:52:00,United Kingdom,online_retail_II.xlsx,Year 2009-2010,165759,Year 2009-2010:165759
17850,505052,84406B,CREAM CUPID HEARTS COAT HANGER,6,2.75,2010-04-19 14:52:00,United Kingdom,online_retail_II.xlsx,Year 2009-2010,165760,Year 2009-2010:165760
17850,505052,82494L,WOODEN FRAME ANTIQUE WHITE,6,2.55,2010-04-19 14:52:00,United Kingdom,online_retail_II.xlsx,Year 2009-2010,165761,Year 2009-2010:165761
17850,505052,82482,WOODEN PICTURE FRAME WHITE FINISH,6,2.1,2010-04-19 14:52:00,United Kingdom,online_retail_II.xlsx,Year 2009-2010,165762,Year 2009-2010:165762
17850,505052,82483,WOOD 2 DRAWER CABINET WHITE FINISH,4,4.95,2010-04-19 14:52:00,United Kingdom,online_retail_II.xlsx,Year 2009-2010,165763,Year 2009-2010:165763
17850,505052,82486,WOOD S/3 CABINET ANT WHITE FINISH,4,6.95,2010-04-19 14:52:00,United Kingdom,online_retail_II.xlsx,Year 2009-2010,165764,Year 2009-2010:165764
17850,505052,22251,BIRDHOUSE DECORATION MAGIC GARDEN,12,1.06,2010-04-19 14:52:00,United Kingdom,online_retail_II.xlsx,Year 2009-2010,165765,Year 2009-2010:165765
17850,505052,20725,LUNCH BAG RED SPOTTY,6,1.45,2010-04-19 14:52:00,United Kingdom,online_retail_II.xlsx,Year 2009-2010,165766,Year 2009-2010:165766
17850,505052,20727,LUNCH BAG  BLACK SKULL.,6,1.45,2010-04-19 14:52:00,United Kingdom,online_retail_II.xlsx,Year 2009-2010,165767,Year 2009-2010:165767
17850,505052,22382,LUNCH BAG SPACEBOY DESIGN,6,1.45,2010-04-19 14:52:00,United Kingdom,online_retail_II.xlsx,Year 2009-2010,165768,Year 2009-2010:165768
17850,505052,21932,SCANDINAVIAN PAISLEY PICNIC BAG,6,2.55,2010-04-19 14:52:00,United Kingdom,online_retail_II.xlsx,Year 2009-2010,165769,Year 2009-2010:165769
17850,505052,21933,PINK VINTAGE PAISLEY PICNIC BAG,6,2.55,2010-04-19 14:52:00,United Kingdom,online_retail_II.xlsx,Year 2009-2010,165770,Year 2009-2010:165770
17850,505052,22276,WASH BAG VINTAGE ROSE PAISLEY,12,2.1,2010-04-19 14:52:00,United Kingdom,online_retail_II.xlsx,Year 2009-2010,165771,Year 2009-2010:165771
17850,505052,22558,CLOTHES PEGS RETROSPOT PACK 24,18,1.06,2010-04-19 14:52:00,United Kingdom,online_retail_II.xlsx,Year 2009-2010,165772,Year 2009-2010:165772
17850,505052,21155,RED SPOTTY PEG BAG,12,1.69,2010-04-19 14:52:00,United Kingdom,online_retail_II.xlsx,Year 2009-2010,165773,Year 2009-2010:165773
17850,505052,85162C,WHITE RETRODISC LAMPSHADE,6,1.95,2010-04-19 14:52:00,United Kingdom,online_retail_II.xlsx,Year 2009-2010,165774,Year 2009-2010:165774
17850,505052,84875D,BLUE SQUARE COMPACT MIRROR,12,1.25,2010-04-19 14:52:00,United Kingdom,online_retail_II.xlsx,Year 2009-2010,165775,Year 2009-2010:165775
17850,505052,84875B,GREEN SQUARE COMPACT MIRROR,12,1.25,2010-04-19 14:52:00,United Kingdom,online_retail_II.xlsx,Year 2009-2010,165776,Year 2009-2010:165776
17850,505052,84666,SQUARE CHERRY BLOSSOM CABINET,3,3.95,2010-04-19 14:52:00,United Kingdom,online_retail_II.xlsx,Year 2009-2010,165777,Year 2009-2010:165777
17850,505052,84664,CHERRY BLOSSOM BATHROOM CABINET,3,4.95,2010-04-19 14:52:00,United Kingdom,online_retail_II.xlsx,Year 2009-2010,165778,Year 2009-2010:165778
17850,505052,22275,WEEKEND BAG VINTAGE ROSE PAISLEY,6,7.65,2010-04-19 14:52:00,United Kingdom,online_retail_II.xlsx,Year 2009-2010,165779,Year 2009-2010:165779
17850,505068,71053,WHITE METAL LANTERN,6,3.39,2010-04-19 16:50:00,United Kingdom,online_retail_II.xlsx,Year 2009-2010,165993,Year 2009-2010:165993
17850,505068,84406B,CREAM CUPID HEARTS COAT HANGER,6,2.75,2010-04-19 16:50:00,United Kingdom,online_retail_II.xlsx,Year 2009-2010,165994,Year 2009-2010:165994
17850,505068,82494L,WOODEN FRAME ANTIQUE WHITE,12,2.55,2010-04-19 16:50:00,United Kingdom,online_retail_II.xlsx,Year 2009-2010,165995,Year 2009-2010:165995
17850,505068,82482,WOODEN PICTURE FRAME WHITE FINISH,12,2.1,2010-04-19 16:50:00,United Kingdom,online_retail_II.xlsx,Year 2009-2010,165996,Year 2009-2010:165996
17850,505068,82483,WOOD 2 DRAWER CABINET WHITE FINISH,6,4.95,2010-04-19 16:50:00,United Kingdom,online_retail_II.xlsx,Year 2009-2010,165997,Year 2009-2010:165997
17850,505068,82486,WOOD S/3 CABINET ANT WHITE FINISH,6,6.95,2010-04-19 16:50:00,United Kingdom,online_retail_II.xlsx,Year 2009-2010,165998,Year 2009-2010:165998
17850,505068,22251,BIRDHOUSE DECORATION MAGIC GARDEN,12,1.06,2010-04-19 16:50:00,United Kingdom,online_retail_II.xlsx,Year 2009-2010,165999,Year 2009-2010:165999
17850,505068,20725,LUNCH BAG RED SPOTTY,6,1.45,2010-04-19 16:50:00,United Kingdom,online_retail_II.xlsx,Year 2009-2010,166000,Year 2009-2010:166000
17850,505068,20727,LUNCH BAG  BLACK SKULL.,6,1.45,2010-04-19 16:50:00,United Kingdom,online_retail_II.xlsx,Year 2009-2010,166001,Year 2009-2010:166001
17850,505068,22382,LUNCH BAG SPACEBOY DESIGN,6,1.45,2010-04-19 16:50:00,United Kingdom,online_retail_II.xlsx,Year 2009-2010,166002,Year 2009-2010:166002
17850,505068,21932,SCANDINAVIAN PAISLEY PICNIC BAG,6,2.55,2010-04-19 16:50:00,United Kingdom,online_retail_II.xlsx,Year 2009-2010,166003,Year 2009-2010:166003
17850,505068,21933,PINK VINTAGE PAISLEY PICNIC BAG,6,2.55,2010-04-19 16:50:00,United Kingdom,online_retail_II.xlsx,Year 2009-2010,166004,Year 2009-2010:166004
17850,505068,22276,WASH BAG VINTAGE ROSE PAISLEY,12,2.1,2010-04-19 16:50:00,United Kingdom,online_retail_II.xlsx,Year 2009-2010,166005,Year 2009-2010:166005
17850,505068,22558,CLOTHES PEGS RETROSPOT PACK 24,18,1.06,2010-04-19 16:50:00,United Kingdom,online_retail_II.xlsx,Year 2009-2010,166006,Year 2009-2010:166006
17850,505068,21155,RED SPOTTY PEG BAG,12,1.69,2010-04-19 16:50:00,United Kingdom,online_retail_II.xlsx,Year 2009-2010,166007,Year 2009-2010:166007
17850,505068,85162C,WHITE RETRODISC LAMPSHADE,6,1.95,2010-04-19 16:50:00,United Kingdom,online_retail_II.xlsx,Year 2009-2010,166008,Year 2009-2010:166008
17850,505068,84875D,BLUE SQUARE COMPACT MIRROR,12,1.25,2010-04-19 16:50:00,United Kingdom,online_retail_II.xlsx,Year 2009-2010,166009,Year 2009-2010:166009
17850,505068,84875B,GREEN SQUARE COMPACT MIRROR,12,1.25,2010-04-19 16:50:00,United Kingdom,online_retail_II.xlsx,Year 2009-2010,166010,Year 2009-2010:166010
17850,505068,84666,SQUARE CHERRY BLOSSOM CABINET,3,3.95,2010-04-19 16:50:00,United Kingdom,online_retail_II.xlsx,Year 2009-2010,166011,Year 2009-2010:166011
17850,505068,84664,CHERRY BLOSSOM BATHROOM CABINET,3,4.95,2010-04-19 16:50:00,United Kingdom,online_retail_II.xlsx,Year 2009-2010,166012,Year 2009-2010:166012
17850,505068,22275,WEEKEND BAG VINTAGE ROSE PAISLEY,6,7.65,2010-04-19 16:50:00,United Kingdom,online_retail_II.xlsx,Year 2009-2010,166013,Year 2009-2010:166013
17850,505075,84664,CHERRY BLOSSOM BATHROOM CABINET,4,4.95,2010-04-20 08:44:00,United Kingdom,online_retail_II.xlsx,Year 2009-2010,166030,Year 2009-2010:166030
17850,505075,22275,WEEKEND BAG VINTAGE ROSE PAISLEY,6,7.65,2010-04-20 08:44:00,United Kingdom,online_retail_II.xlsx,Year 2009-2010,166031,Year 2009-2010:166031
17850,505075,71053,WHITE METAL LANTERN,12,3.39,2010-04-20 08:44:00,United Kingdom,online_retail_II.xlsx,Year 2009-2010,166032,Year 2009-2010:166032
17850,505075,84406B,CREAM CUPID HEARTS COAT HANGER,12,2.75,2010-04-20 08:44:00,United Kingdom,online_retail_II.xlsx,Year 2009-2010,166033,Year 2009-2010:166033
17850,505075,82494L,WOODEN FRAME ANTIQUE WHITE,12,2.55,2010-04-20 08:44:00,United Kingdom,online_retail_II.xlsx,Year 2009-2010,166034,Year 2009-2010:166034
17850,505075,82482,WOODEN PICTURE FRAME WHITE FINISH,12,2.1,2010-04-20 08:44:00,United Kingdom,online_retail_II.xlsx,Year 2009-2010,166035,Year 2009-2010:166035
17850,505075,82483,WOOD 2 DRAWER CABINET WHITE FINISH,4,4.95,2010-04-20 08:44:00,United Kingdom,online_retail_II.xlsx,Year 2009-2010,166036,Year 2009-2010:166036
17850,505075,22558,CLOTHES PEGS RETROSPOT PACK 24,18,1.06,2010-04-20 08:44:00,United Kingdom,online_retail_II.xlsx,Year 2009-2010,166037,Year 2009-2010:166037
17850,505075,21155,RED SPOTTY PEG BAG,12,1.69,2010-04-20 08:44:00,United Kingdom,online_retail_II.xlsx,Year 2009-2010,166038,Year 2009-2010:166038
17850,505075,85162C,WHITE RETRODISC LAMPSHADE,6,1.95,2010-04-20 08:44:00,United Kingdom,online_retail_II.xlsx,Year 2009-2010,166039,Year 2009-2010:166039
17850,505075,84875D,BLUE SQUARE COMPACT MIRROR,12,1.25,2010-04-20 08:44:00,United Kingdom,online_retail_II.xlsx,Year 2009-2010,166040,Year 2009-2010:166040
17850,505075,84875B,GREEN SQUARE COMPACT MIRROR,12,1.25,2010-04-20 08:44:00,United Kingdom,online_retail_II.xlsx,Year 2009-2010,166041,Year 2009-2010:166041
17850,505075,84666,SQUARE CHERRY BLOSSOM CABINET,4,3.95,2010-04-20 08:44:00,United Kingdom,online_retail_II.xlsx,Year 2009-2010,166042,Year 2009-2010:166042
17850,505075,82486,WOOD S/3 CABINET ANT WHITE FINISH,4,6.95,2010-04-20 08:44:00,United Kingdom,online_retail_II.xlsx,Year 2009-2010,166043,Year 2009-2010:166043
17850,505075,22251,BIRDHOUSE DECORATION MAGIC GARDEN,12,1.06,2010-04-20 08:44:00,United Kingdom,online_retail_II.xlsx,Year 2009-2010,166044,Year 2009-2010:166044
17850,505075,20725,LUNCH BAG RED SPOTTY,6,1.45,2010-04-20 08:44:00,United Kingdom,online_retail_II.xlsx,Year 2009-2010,166045,Year 2009-2010:166045
17850,505075,20727,LUNCH BAG  BLACK SKULL.,6,1.45,2010-04-20 08:44:00,United Kingdom,online_retail_II.xlsx,Year 2009-2010,166046,Year 2009-2010:166046
17850,505075,22382,LUNCH BAG SPACEBOY DESIGN,6,1.45,2010-04-20 08:44:00,United Kingdom,online_retail_II.xlsx,Year 2009-2010,166047,Year 2009-2010:166047
17850,505075,21932,SCANDINAVIAN PAISLEY PICNIC BAG,6,2.55,2010-04-20 08:44:00,United Kingdom,online_retail_II.xlsx,Year 2009-2010,166048,Year 2009-2010:166048
17850,505075,21933,PINK VINTAGE PAISLEY PICNIC BAG,6,2.55,2010-04-20 08:44:00,United Kingdom,online_retail_II.xlsx,Year 2009-2010,166049,Year 2009-2010:166049
17850,505075,22276,WASH BAG VINTAGE ROSE PAISLEY,12,2.1,2010-04-20 08:44:00,United Kingdom,online_retail_II.xlsx,Year 2009-2010,166050,Year 2009-2010:166050
17850,505076,71053,WHITE METAL LANTERN,6,3.39,2010-04-20 09:29:00,United Kingdom,online_retail_II.xlsx,Year 2009-2010,166051,Year 2009-2010:166051
17850,505076,84406B,CREAM CUPID HEARTS COAT HANGER,6,2.75,2010-04-20 09:29:00,United Kingdom,online_retail_II.xlsx,Year 2009-2010,166052,Year 2009-2010:166052
17850,505076,82494L,WOODEN FRAME ANTIQUE WHITE,6,2.55,2010-04-20 09:29:00,United Kingdom,online_retail_II.xlsx,Year 2009-2010,166053,Year 2009-2010:166053
17850,505076,82482,WOODEN PICTURE FRAME WHITE FINISH,6,2.1,2010-04-20 09:29:00,United Kingdom,online_retail_II.xlsx,Year 2009-2010,166054,Year 2009-2010:166054
17850,505076,82483,WOOD 2 DRAWER CABINET WHITE FINISH,6,4.95,2010-04-20 09:29:00,United Kingdom,online_retail_II.xlsx,Year 2009-2010,166055,Year 2009-2010:166055
17850,505076,82486,WOOD S/3 CABINET ANT WHITE FINISH,6,6.95,2010-04-20 09:29:00,United Kingdom,online_retail_II.xlsx,Year 2009-2010,166056,Year 2009-2010:166056
17850,505076,20725,LUNCH BAG RED SPOTTY,6,1.45,2010-04-20 09:29:00,United Kingdom,online_retail_II.xlsx,Year 2009-2010,166057,Year 2009-2010:166057
17850,505076,20727,LUNCH BAG  BLACK SKULL.,6,1.45,2010-04-20 09:29:00,United Kingdom,online_retail_II.xlsx,Year 2009-2010,166058,Year 2009-2010:166058
17850,505076,22382,LUNCH BAG SPACEBOY DESIGN,6,1.45,2010-04-20 09:29:00,United Kingdom,online_retail_II.xlsx,Year 2009-2010,166059,Year 2009-2010:166059
17850,505076,21932,SCANDINAVIAN PAISLEY PICNIC BAG,6,2.55,2010-04-20 09:29:00,United Kingdom,online_retail_II.xlsx,Year 2009-2010,166060,Year 2009-2010:166060
17850,505076,21933,PINK VINTAGE PAISLEY PICNIC BAG,6,2.55,2010-04-20 09:29:00,United Kingdom,online_retail_II.xlsx,Year 2009-2010,166061,Year 2009-2010:166061
17850,505076,22276,WASH BAG VINTAGE ROSE PAISLEY,6,2.1,2010-04-20 09:29:00,United Kingdom,online_retail_II.xlsx,Year 2009-2010,166062,Year 2009-2010:166062
17850,505076,22558,CLOTHES PEGS RETROSPOT PACK 24,12,1.06,2010-04-20 09:29:00,United Kingdom,online_retail_II.xlsx,Year 2009-2010,166063,Year 2009-2010:166063
17850,505076,21155,RED SPOTTY PEG BAG,6,1.69,2010-04-20 09:29:00,United Kingdom,online_retail_II.xlsx,Year 2009-2010,166064,Year 2009-2010:166064
17850,505076,85162C,WHITE RETRODISC LAMPSHADE,4,1.95,2010-04-20 09:29:00,United Kingdom,online_retail_II.xlsx,Year 2009-2010,166065,Year 2009-2010:166065
17850,505076,84875D,BLUE SQUARE COMPACT MIRROR,12,1.25,2010-04-20 09:29:00,United Kingdom,online_retail_II.xlsx,Year 2009-2010,166066,Year 2009-2010:166066
17850,505076,84875B,GREEN SQUARE COMPACT MIRROR,12,1.25,2010-04-20 09:29:00,United Kingdom,online_retail_II.xlsx,Year 2009-2010,166067,Year 2009-2010:166067
17850,505076,84666,SQUARE CHERRY BLOSSOM CABINET,2,3.95,2010-04-20 09:29:00,United Kingdom,online_retail_II.xlsx,Year 2009-2010,166068,Year 2009-2010:166068
17850,505076,84664,CHERRY BLOSSOM BATHROOM CABINET,2,4.95,2010-04-20 09:29:00,United Kingdom,online_retail_II.xlsx,Year 2009-2010,166069,Year 2009-2010:166069
17850,505076,22275,WEEKEND BAG VINTAGE ROSE PAISLEY,6,7.65,2010-04-20 09:29:00,United Kingdom,online_retail_II.xlsx,Year 2009-2010,166070,Year 2009-2010:166070
17850,505087,84664,CHERRY BLOSSOM BATHROOM CABINET,4,4.95,2010-04-20 10:23:00,United Kingdom,online_retail_II.xlsx,Year 2009-2010,166169,Year 2009-2010:166169
17850,505087,22275,WEEKEND BAG VINTAGE ROSE PAISLEY,6,7.65,2010-04-20 10:23:00,United Kingdom,online_retail_II.xlsx,Year 2009-2010,166170,Year 2009-2010:166170
17850,505087,71053,WHITE METAL LANTERN,12,3.39,2010-04-20 10:23:00,United Kingdom,online_retail_II.xlsx,Year 2009-2010,166171,Year 2009-2010:166171
17850,505087,84406B,CREAM CUPID HEARTS COAT HANGER,12,2.75,2010-04-20 10:23:00,United Kingdom,online_retail_II.xlsx,Year 2009-2010,166172,Year 2009-2010:166172
17850,505087,82494L,WOODEN FRAME ANTIQUE WHITE,12,2.55,2010-04-20 10:23:00,United Kingdom,online_retail_II.xlsx,Year 2009-2010,166173,Year 2009-2010:166173
17850,505087,82482,WOODEN PICTURE FRAME WHITE FINISH,12,2.1,2010-04-20 10:23:00,United Kingdom,online_retail_II.xlsx,Year 2009-2010,166174,Year 2009-2010:166174
17850,505087,82483,WOOD 2 DRAWER CABINET WHITE FINISH,4,4.95,2010-04-20 10:23:00,United Kingdom,online_retail_II.xlsx,Year 2009-2010,166175,Year 2009-2010:166175
17850,505087,82486,WOOD S/3 CABINET ANT WHITE FINISH,4,6.95,2010-04-20 10:23:00,United Kingdom,online_retail_II.xlsx,Year 2009-2010,166176,Year 2009-2010:166176
17850,505087,22251,BIRDHOUSE DECORATION MAGIC GARDEN,12,1.06,2010-04-20 10:23:00,United Kingdom,online_retail_II.xlsx,Year 2009-2010,166177,Year 2009-2010:166177
17850,505087,20725,LUNCH BAG RED SPOTTY,6,1.45,2010-04-20 10:23:00,United Kingdom,online_retail_II.xlsx,Year 2009-2010,166178,Year 2009-2010:166178
17850,505087,20727,LUNCH BAG  BLACK SKULL.,6,1.45,2010-04-20 10:23:00,United Kingdom,online_retail_II.xlsx,Year 2009-2010,166179,Year 2009-2010:166179
17850,505087,22382,LUNCH BAG SPACEBOY DESIGN,6,1.45,2010-04-20 10:23:00,United Kingdom,online_retail_II.xlsx,Year 2009-2010,166180,Year 2009-2010:166180
17850,505087,21932,SCANDINAVIAN PAISLEY PICNIC BAG,6,2.55,2010-04-20 10:23:00,United Kingdom,online_retail_II.xlsx,Year 2009-2010,166181,Year 2009-2010:166181
17850,505087,21933,PINK VINTAGE PAISLEY PICNIC BAG,6,2.55,2010-04-20 10:23:00,United Kingdom,online_retail_II.xlsx,Year 2009-2010,166182,Year 2009-2010:166182
17850,505087,22276,WASH BAG VINTAGE ROSE PAISLEY,12,2.1,2010-04-20 10:23:00,United Kingdom,online_retail_II.xlsx,Year 2009-2010,166183,Year 2009-2010:166183
17850,505087,22558,CLOTHES PEGS RETROSPOT PACK 24,18,1.06,2010-04-20 10:23:00,United Kingdom,online_retail_II.xlsx,Year 2009-2010,166184,Year 2009-2010:166184
17850,505087,21155,RED SPOTTY PEG BAG,12,1.69,2010-04-20 10:23:00,United Kingdom,online_retail_II.xlsx,Year 2009-2010,166185,Year 2009-2010:166185
17850,505087,85162C,WHITE RETRODISC LAMPSHADE,6,1.95,2010-04-20 10:23:00,United Kingdom,online_retail_II.xlsx,Year 2009-2010,166186,Year 2009-2010:166186
17850,505087,84875D,BLUE SQUARE COMPACT MIRROR,12,1.25,2010-04-20 10:23:00,United Kingdom,online_retail_II.xlsx,Year 2009-2010,166187,Year 2009-2010:166187
17850,505087,84875B,GREEN SQUARE COMPACT MIRROR,12,1.25,2010-04-20 10:23:00,United Kingdom,online_retail_II.xlsx,Year 2009-2010,166188,Year 2009-2010:166188
17850,505087,84666,SQUARE CHERRY BLOSSOM CABINET,4,3.95,2010-04-20 10:23:00,United Kingdom,online_retail_II.xlsx,Year 2009-2010,166189,Year 2009-2010:166189
17850,505144,84664,CHERRY BLOSSOM BATHROOM CABINET,4,4.95,2010-04-20 11:24:00,United Kingdom,online_retail_II.xlsx,Year 2009-2010,166280,Year 2009-2010:166280
17850,505144,22275,WEEKEND BAG VINTAGE ROSE PAISLEY,6,7.65,2010-04-20 11:24:00,United Kingdom,online_retail_II.xlsx,Year 2009-2010,166281,Year 2009-2010:166281
17850,505144,71053,WHITE METAL LANTERN,12,3.39,2010-04-20 11:24:00,United Kingdom,online_retail_II.xlsx,Year 2009-2010,166282,Year 2009-2010:166282
17850,505144,84406B,CREAM CUPID HEARTS COAT HANGER,12,2.75,2010-04-20 11:24:00,United Kingdom,online_retail_II.xlsx,Year 2009-2010,166283,Year 2009-2010:166283
17850,505144,82494L,WOODEN FRAME ANTIQUE WHITE,6,2.55,2010-04-20 11:24:00,United Kingdom,online_retail_II.xlsx,Year 2009-2010,166284,Year 2009-2010:166284
17850,505144,82482,WOODEN PICTURE FRAME WHITE FINISH,6,2.1,2010-04-20 11:24:00,United Kingdom,online_retail_II.xlsx,Year 2009-2010,166285,Year 2009-2010:166285
17850,505144,82483,WOOD 2 DRAWER CABINET WHITE FINISH,4,4.95,2010-04-20 11:24:00,United Kingdom,online_retail_II.xlsx,Year 2009-2010,166286,Year 2009-2010:166286
17850,505144,82486,WOOD S/3 CABINET ANT WHITE FINISH,4,6.95,2010-04-20 11:24:00,United Kingdom,online_retail_II.xlsx,Year 2009-2010,166287,Year 2009-2010:166287
17850,505144,22251,BIRDHOUSE DECORATION MAGIC GARDEN,12,1.06,2010-04-20 11:24:00,United Kingdom,online_retail_II.xlsx,Year 2009-2010,166288,Year 2009-2010:166288
17850,505144,20725,LUNCH BAG RED SPOTTY,6,1.45,2010-04-20 11:24:00,United Kingdom,online_retail_II.xlsx,Year 2009-2010,166289,Year 2009-2010:166289
17850,505144,20727,LUNCH BAG  BLACK SKULL.,6,1.45,2010-04-20 11:24:00,United Kingdom,online_retail_II.xlsx,Year 2009-2010,166290,Year 2009-2010:166290
17850,505144,22382,LUNCH BAG SPACEBOY DESIGN,6,1.45,2010-04-20 11:24:00,United Kingdom,online_retail_II.xlsx,Year 2009-2010,166291,Year 2009-2010:166291
17850,505144,21932,SCANDINAVIAN PAISLEY PICNIC BAG,6,2.55,2010-04-20 11:24:00,United Kingdom,online_retail_II.xlsx,Year 2009-2010,166292,Year 2009-2010:166292
17850,505144,21933,PINK VINTAGE PAISLEY PICNIC BAG,6,2.55,2010-04-20 11:24:00,United Kingdom,online_retail_II.xlsx,Year 2009-2010,166293,Year 2009-2010:166293
17850,505144,22276,WASH BAG VINTAGE ROSE PAISLEY,12,2.1,2010-04-20 11:24:00,United Kingdom,online_retail_II.xlsx,Year 2009-2010,166294,Year 2009-2010:166294
17850,505144,22558,CLOTHES PEGS RETROSPOT PACK 24,18,1.06,2010-04-20 11:24:00,United Kingdom,online_retail_II.xlsx,Year 2009-2010,166295,Year 2009-2010:166295
17850,505144,21155,RED SPOTTY PEG BAG,12,1.69,2010-04-20 11:24:00,United Kingdom,online_retail_II.xlsx,Year 2009-2010,166296,Year 2009-2010:166296
17850,505144,85162C,WHITE RETRODISC LAMPSHADE,6,1.95,2010-04-20 11:24:00,United Kingdom,online_retail_II.xlsx,Year 2009-2010,166297,Year 2009-2010:166297
17850,505144,84875D,BLUE SQUARE COMPACT MIRROR,12,1.25,2010-04-20 11:24:00,United Kingdom,online_retail_II.xlsx,Year 2009-2010,166298,Year 2009-2010:166298
17850,505144,84875B,GREEN SQUARE COMPACT MIRROR,12,1.25,2010-04-20 11:24:00,United Kingdom,online_retail_II.xlsx,Year 2009-2010,166299,Year 2009-2010:166299
17850,505144,84666,SQUARE CHERRY BLOSSOM CABINET,4,3.95,2010-04-20 11:24:00,United Kingdom,online_retail_II.xlsx,Year 2009-2010,166300,Year 2009-2010:166300
17850,505169,84664,CHERRY BLOSSOM BATHROOM CABINET,4,4.95,2010-04-20 12:49:00,United Kingdom,online_retail_II.xlsx,Year 2009-2010,166542,Year 2009-2010:166542
17850,505169,22275,WEEKEND BAG VINTAGE ROSE PAISLEY,6,7.65,2010-04-20 12:49:00,United Kingdom,online_retail_II.xlsx,Year 2009-2010,166543,Year 2009-2010:166543
17850,505169,71053,WHITE METAL LANTERN,12,3.39,2010-04-20 12:49:00,United Kingdom,online_retail_II.xlsx,Year 2009-2010,166544,Year 2009-2010:166544
17850,505169,84406B,CREAM CUPID HEARTS COAT HANGER,12,2.75,2010-04-20 12:49:00,United Kingdom,online_retail_II.xlsx,Year 2009-2010,166545,Year 2009-2010:166545
17850,505169,82494L,WOODEN FRAME ANTIQUE WHITE,6,2.55,2010-04-20 12:49:00,United Kingdom,online_retail_II.xlsx,Year 2009-2010,166546,Year 2009-2010:166546
17850,505169,82482,WOODEN PICTURE FRAME WHITE FINISH,12,2.1,2010-04-20 12:49:00,United Kingdom,online_retail_II.xlsx,Year 2009-2010,166547,Year 2009-2010:166547
17850,505169,82483,WOOD 2 DRAWER CABINET WHITE FINISH,4,4.95,2010-04-20 12:49:00,United Kingdom,online_retail_II.xlsx,Year 2009-2010,166548,Year 2009-2010:166548
17850,505169,82486,WOOD S/3 CABINET ANT WHITE FINISH,4,6.95,2010-04-20 12:49:00,United Kingdom,online_retail_II.xlsx,Year 2009-2010,166549,Year 2009-2010:166549
17850,505169,22251,BIRDHOUSE DECORATION MAGIC GARDEN,12,1.06,2010-04-20 12:49:00,United Kingdom,online_retail_II.xlsx,Year 2009-2010,166550,Year 2009-2010:166550
17850,505169,20725,LUNCH BAG RED SPOTTY,6,1.45,2010-04-20 12:49:00,United Kingdom,online_retail_II.xlsx,Year 2009-2010,166551,Year 2009-2010:166551
17850,505169,20727,LUNCH BAG  BLACK SKULL.,6,1.45,2010-04-20 12:49:00,United Kingdom,online_retail_II.xlsx,Year 2009-2010,166552,Year 2009-2010:166552
17850,505169,22382,LUNCH BAG SPACEBOY DESIGN,6,1.45,2010-04-20 12:49:00,United Kingdom,online_retail_II.xlsx,Year 2009-2010,166553,Year 2009-2010:166553
17850,505169,21932,SCANDINAVIAN PAISLEY PICNIC BAG,6,2.55,2010-04-20 12:49:00,United Kingdom,online_retail_II.xlsx,Year 2009-2010,166554,Year 2009-2010:166554
17850,505169,21933,PINK VINTAGE PAISLEY PICNIC BAG,6,2.55,2010-04-20 12:49:00,United Kingdom,online_retail_II.xlsx,Year 2009-2010,166555,Year 2009-2010:166555
17850,505169,22276,WASH BAG VINTAGE ROSE PAISLEY,12,2.1,2010-04-20 12:49:00,United Kingdom,online_retail_II.xlsx,Year 2009-2010,166556,Year 2009-2010:166556
17850,505169,22558,CLOTHES PEGS RETROSPOT PACK 24,18,1.06,2010-04-20 12:49:00,United Kingdom,online_retail_II.xlsx,Year 2009-2010,166557,Year 2009-2010:166557
17850,505169,21155,RED SPOTTY PEG BAG,12,1.69,2010-04-20 12:49:00,United Kingdom,online_retail_II.xlsx,Year 2009-2010,166558,Year 2009-2010:166558
17850,505169,85162C,WHITE RETRODISC LAMPSHADE,6,1.95,2010-04-20 12:49:00,United Kingdom,online_retail_II.xlsx,Year 2009-2010,166559,Year 2009-2010:166559
17850,505169,84875D,BLUE SQUARE COMPACT MIRROR,12,1.25,2010-04-20 12:49:00,United Kingdom,online_retail_II.xlsx,Year 2009-2010,166560,Year 2009-2010:166560
17850,505169,84875B,GREEN SQUARE COMPACT MIRROR,12,1.25,2010-04-20 12:49:00,United Kingdom,online_retail_II.xlsx,Year 2009-2010,166561,Year 2009-2010:166561
17850,505169,84666,SQUARE CHERRY BLOSSOM CABINET,4,3.95,2010-04-20 12:49:00,United Kingdom,online_retail_II.xlsx,Year 2009-2010,166562,Year 2009-2010:166562
17850,505174,84666,SQUARE CHERRY BLOSSOM CABINET,2,3.95,2010-04-20 13:24:00,United Kingdom,online_retail_II.xlsx,Year 2009-2010,166629,Year 2009-2010:166629
17850,505174,84664,CHERRY BLOSSOM BATHROOM CABINET,2,4.95,2010-04-20 13:24:00,United Kingdom,online_retail_II.xlsx,Year 2009-2010,166630,Year 2009-2010:166630
17850,505174,71053,WHITE METAL LANTERN,6,3.39,2010-04-20 13:24:00,United Kingdom,online_retail_II.xlsx,Year 2009-2010,166631,Year 2009-2010:166631
17850,505174,84406B,CREAM CUPID HEARTS COAT HANGER,6,2.75,2010-04-20 13:24:00,United Kingdom,online_retail_II.xlsx,Year 2009-2010,166632,Year 2009-2010:166632
17850,505174,82494L,WOODEN FRAME ANTIQUE WHITE,6,2.55,2010-04-20 13:24:00,United Kingdom,online_retail_II.xlsx,Year 2009-2010,166633,Year 2009-2010:166633
17850,505174,82482,WOODEN PICTURE FRAME WHITE FINISH,6,2.1,2010-04-20 13:24:00,United Kingdom,online_retail_II.xlsx,Year 2009-2010,166634,Year 2009-2010:166634
17850,505174,20725,LUNCH BAG RED SPOTTY,6,1.45,2010-04-20 13:24:00,United Kingdom,online_retail_II.xlsx,Year 2009-2010,166635,Year 2009-2010:166635
17850,505174,20727,LUNCH BAG  BLACK SKULL.,6,1.45,2010-04-20 13:24:00,United Kingdom,online_retail_II.xlsx,Year 2009-2010,166636,Year 2009-2010:166636
17850,505174,22382,LUNCH BAG SPACEBOY DESIGN,6,1.45,2010-04-20 13:24:00,United Kingdom,online_retail_II.xlsx,Year 2009-2010,166637,Year 2009-2010:166637
17850,505174,21932,SCANDINAVIAN PAISLEY PICNIC BAG,6,2.55,2010-04-20 13:24:00,United Kingdom,online_retail_II.xlsx,Year 2009-2010,166638,Year 2009-2010:166638
17850,505174,21933,PINK VINTAGE PAISLEY PICNIC BAG,6,2.55,2010-04-20 13:24:00,United Kingdom,online_retail_II.xlsx,Year 2009-2010,166639,Year 2009-2010:166639
17850,505174,22276,WASH BAG VINTAGE ROSE PAISLEY,12,2.1,2010-04-20 13:24:00,United Kingdom,online_retail_II.xlsx,Year 2009-2010,166640,Year 2009-2010:166640
17850,505174,22558,CLOTHES PEGS RETROSPOT PACK 24,12,1.06,2010-04-20 13:24:00,United Kingdom,online_retail_II.xlsx,Year 2009-2010,166641,Year 2009-2010:166641
17850,505174,21155,RED SPOTTY PEG BAG,6,1.69,2010-04-20 13:24:00,United Kingdom,online_retail_II.xlsx,Year 2009-2010,166642,Year 2009-2010:166642
17850,505174,85162C,WHITE RETRODISC LAMPSHADE,4,1.95,2010-04-20 13:24:00,United Kingdom,online_retail_II.xlsx,Year 2009-2010,166643,Year 2009-2010:166643
17850,505174,84875D,BLUE SQUARE COMPACT MIRROR,12,1.25,2010-04-20 13:24:00,United Kingdom,online_retail_II.xlsx,Year 2009-2010,166644,Year 2009-2010:166644
17850,505174,84875B,GREEN SQUARE COMPACT MIRROR,12,1.25,2010-04-20 13:24:00,United Kingdom,online_retail_II.xlsx,Year 2009-2010,166645,Year 2009-2010:166645
17850,C510226,79341,WILLOW BRANCH LIGHTS.,-1,6.75,2010-05-28 08:48:00,United Kingdom,online_retail_II.xlsx,Year 2009-2010,215075,Year 2009-2010:215075
17850,C510226,79323G,GOLD  CHERRY LIGHTS,-12,6.75,2010-05-28 08:48:00,United Kingdom,online_retail_II.xlsx,Year 2009-2010,215076,Year 2009-2010:215076
17850,C510226,79323S,SILVER CHERRY LIGHTS,-12,6.75,2010-05-28 08:48:00,United Kingdom,online_retail_II.xlsx,Year 2009-2010,215077,Year 2009-2010:215077
17850,C510226,79323G,GOLD  CHERRY LIGHTS,-12,6.75,2010-05-28 08:48:00,United Kingdom,online_retail_II.xlsx,Year 2009-2010,215078,Year 2009-2010:215078
17850,C510226,79323B,BLACK CHERRY LIGHTS,-12,6.75,2010-05-28 08:48:00,United Kingdom,online_retail_II.xlsx,Year 2009-2010,215079,Year 2009-2010:215079
17850,C510226,79323W,WHITE CHERRY LIGHTS,-12,6.75,2010-05-28 08:48:00,United Kingdom,online_retail_II.xlsx,Year 2009-2010,215080,Year 2009-2010:215080
17850,C511807,79323P,PINK CHERRY LIGHTS,-36,5.45,2010-06-10 15:29:00,United Kingdom,online_retail_II.xlsx,Year 2009-2010,231559,Year 2009-2010:231559
17850,C511807,79323LP,LIGHT PINK CHERRY LIGHTS,-20,5.45,2010-06-10 15:29:00,United Kingdom,online_retail_II.xlsx,Year 2009-2010,231560,Year 2009-2010:231560
17850,514483,15056BL,EDWARDIAN PARASOL BLACK,12,4.95,2010-07-02 14:39:00,United Kingdom,online_retail_II.xlsx,Year 2009-2010,259837,Year 2009-2010:259837
17850,514483,22382,LUNCH BAG SPACEBOY DESIGN,12,1.45,2010-07-02 14:39:00,United Kingdom,online_retail_II.xlsx,Year 2009-2010,259838,Year 2009-2010:259838
17850,514483,15056P,EDWARDIAN PARASOL PINK,18,4.95,2010-07-02 14:39:00,United Kingdom,online_retail_II.xlsx,Year 2009-2010,259839,Year 2009-2010:259839
17850,514483,15056N,EDWARDIAN PARASOL NATURAL,18,4.95,2010-07-02 14:39:00,United Kingdom,online_retail_II.xlsx,Year 2009-2010,259840,Year 2009-2010:259840
17850,514483,48111,DOORMAT 3 SMILEY CATS,6,6.35,2010-07-02 14:39:00,United Kingdom,online_retail_II.xlsx,Year 2009-2010,259841,Year 2009-2010:259841
17850,514483,22660,DOORMAT I LOVE LONDON,6,6.35,2010-07-02 14:39:00,United Kingdom,online_retail_II.xlsx,Year 2009-2010,259842,Year 2009-2010:259842
17850,514483,22567,20 DOLLY PEGS RETROSPOT,24,1.06,2010-07-02 14:39:00,United Kingdom,online_retail_II.xlsx,Year 2009-2010,259843,Year 2009-2010:259843
17850,514483,21155,RED SPOTTY PEG BAG,12,1.69,2010-07-02 14:39:00,United Kingdom,online_retail_II.xlsx,Year 2009-2010,259844,Year 2009-2010:259844
17850,514483,84879,ASSORTED COLOUR BIRD ORNAMENT,32,1.45,2010-07-02 14:39:00,United Kingdom,online_retail_II.xlsx,Year 2009-2010,259845,Year 2009-2010:259845
17850,514483,84665,SQUARE CHERRY BLOSSOM CABINET,4,5.95,2010-07-02 14:39:00,United Kingdom,online_retail_II.xlsx,Year 2009-2010,259846,Year 2009-2010:259846
17850,514483,22088,PAPER BUNTING COLOURED LACE,12,2.55,2010-07-02 14:39:00,United Kingdom,online_retail_II.xlsx,Year 2009-2010,259847,Year 2009-2010:259847
17850,514483,84664,CHERRY BLOSSOM BATHROOM CABINET,2,4.95,2010-07-02 14:39:00,United Kingdom,online_retail_II.xlsx,Year 2009-2010,259848,Year 2009-2010:259848
17850,514483,21166,COOK WITH WINE METAL SIGN,12,1.95,2010-07-02 14:39:00,United Kingdom,online_retail_II.xlsx,Year 2009-2010,259849,Year 2009-2010:259849
17850,514483,21071,VINTAGE BILLBOARD DRINK ME MUG,12,1.06,2010-07-02 14:39:00,United Kingdom,online_retail_II.xlsx,Year 2009-2010,259850,Year 2009-2010:259850
17850,514483,21068,VINTAGE BILLBOARD LOVE/HATE MUG,12,1.06,2010-07-02 14:39:00,United Kingdom,online_retail_II.xlsx,Year 2009-2010,259851,Year 2009-2010:259851
17850,514483,22023,EMPIRE BIRTHDAY CARD,12,0.36,2010-07-02 14:39:00,United Kingdom,online_retail_II.xlsx,Year 2009-2010,259852,Year 2009-2010:259852
17850,514483,21519,GIN & TONIC DIET GREETING CARD,12,0.36,2010-07-02 14:39:00,United Kingdom,online_retail_II.xlsx,Year 2009-2010,259853,Year 2009-2010:259853
17850,514483,21508,VINTAGE KID DOLLY CARD,12,0.36,2010-07-02 14:39:00,United Kingdom,online_retail_II.xlsx,Year 2009-2010,259854,Year 2009-2010:259854
17850,514483,21504,SKULLS GREETING CARD,12,0.36,2010-07-02 14:39:00,United Kingdom,online_retail_II.xlsx,Year 2009-2010,259855,Year 2009-2010:259855
17850,514483,21509,COWBOYS AND INDIANS BIRTHDAY CARD,12,0.36,2010-07-02 14:39:00,United Kingdom,online_retail_II.xlsx,Year 2009-2010,259856,Year 2009-2010:259856
17850,514483,21172,PARTY METAL SIGN,12,1.25,2010-07-02 14:39:00,United Kingdom,online_retail_II.xlsx,Year 2009-2010,259857,Year 2009-2010:259857
17850,514483,21171,BATHROOM METAL SIGN,12,1.25,2010-07-02 14:39:00,United Kingdom,online_retail_II.xlsx,Year 2009-2010,259858,Year 2009-2010:259858
17850,514483,21165,BEWARE OF THE CAT METAL SIGN,12,1.69,2010-07-02 14:39:00,United Kingdom,online_retail_II.xlsx,Year 2009-2010,259859,Year 2009-2010:259859
17850,514483,71053,WHITE METAL LANTERN,12,3.39,2010-07-02 14:39:00,United Kingdom,online_retail_II.xlsx,Year 2009-2010,259860,Year 2009-2010:259860
17850,514483,84406B,CREAM CUPID HEARTS COAT HANGER,12,2.75,2010-07-02 14:39:00,United Kingdom,online_retail_II.xlsx,Year 2009-2010,259861,Year 2009-2010:259861
17850,514483,82494L,WOODEN FRAME ANTIQUE WHITE,12,2.55,2010-07-02 14:39:00,United Kingdom,online_retail_II.xlsx,Year 2009-2010,259862,Year 2009-2010:259862
17850,514483,82482,WOODEN PICTURE FRAME WHITE FINISH,12,2.1,2010-07-02 14:39:00,United Kingdom,online_retail_II.xlsx,Year 2009-2010,259863,Year 2009-2010:259863
17850,514483,82483,WOOD 2 DRAWER CABINET WHITE FINISH,6,4.95,2010-07-02 14:39:00,United Kingdom,online_retail_II.xlsx,Year 2009-2010,259864,Year 2009-2010:259864
17850,514483,82486,WOOD S/3 CABINET ANT WHITE FINISH,6,6.95,2010-07-02 14:39:00,United Kingdom,online_retail_II.xlsx,Year 2009-2010,259865,Year 2009-2010:259865
17850,514483,22380,TOY TIDY SPACEBOY,10,1.85,2010-07-02 14:39:00,United Kingdom,online_retail_II.xlsx,Year 2009-2010,259866,Year 2009-2010:259866
17850,514483,22379,RECYCLING BAG RETROSPOT,10,1.85,2010-07-02 14:39:00,United Kingdom,online_retail_II.xlsx,Year 2009-2010,259867,Year 2009-2010:259867
17850,514492,22382,LUNCH BAG SPACEBOY DESIGN,6,1.45,2010-07-02 15:29:00,United Kingdom,online_retail_II.xlsx,Year 2009-2010,259899,Year 2009-2010:259899
17850,514492,15056P,EDWARDIAN PARASOL PINK,6,4.95,2010-07-02 15:29:00,United Kingdom,online_retail_II.xlsx,Year 2009-2010,259900,Year 2009-2010:259900
17850,514492,15056N,EDWARDIAN PARASOL NATURAL,6,4.95,2010-07-02 15:29:00,United Kingdom,online_retail_II.xlsx,Year 2009-2010,259901,Year 2009-2010:259901
17850,514492,48111,DOORMAT 3 SMILEY CATS,4,6.35,2010-07-02 15:29:00,United Kingdom,online_retail_II.xlsx,Year 2009-2010,259902,Year 2009-2010:259902
17850,514492,22660,DOORMAT I LOVE LONDON,4,6.35,2010-07-02 15:29:00,United Kingdom,online_retail_II.xlsx,Year 2009-2010,259903,Year 2009-2010:259903
17850,514492,22567,20 DOLLY PEGS RETROSPOT,18,1.06,2010-07-02 15:29:00,United Kingdom,online_retail_II.xlsx,Year 2009-2010,259904,Year 2009-2010:259904
17850,514492,21155,RED SPOTTY PEG BAG,12,1.69,2010-07-02 15:29:00,United Kingdom,online_retail_II.xlsx,Year 2009-2010,259905,Year 2009-2010:259905
17850,514492,84879,ASSORTED COLOUR BIRD ORNAMENT,16,1.45,2010-07-02 15:29:00,United Kingdom,online_retail_II.xlsx,Year 2009-2010,259906,Year 2009-2010:259906
17850,514492,21071,VINTAGE BILLBOARD DRINK ME MUG,12,1.06,2010-07-02 15:29:00,United Kingdom,online_retail_II.xlsx,Year 2009-2010,259907,Year 2009-2010:259907
17850,514492,21068,VINTAGE BILLBOARD LOVE/HATE MUG,12,1.06,2010-07-02 15:29:00,United Kingdom,online_retail_II.xlsx,Year 2009-2010,259908,Year 2009-2010:259908
17850,514492,22023,EMPIRE BIRTHDAY CARD,12,0.36,2010-07-02 15:29:00,United Kingdom,online_retail_II.xlsx,Year 2009-2010,259909,Year 2009-2010:259909
17850,514492,21519,GIN & TONIC DIET GREETING CARD,12,0.36,2010-07-02 15:29:00,United Kingdom,online_retail_II.xlsx,Year 2009-2010,259910,Year 2009-2010:259910
17850,514492,21508,VINTAGE KID DOLLY CARD,12,0.36,2010-07-02 15:29:00,United Kingdom,online_retail_II.xlsx,Year 2009-2010,259911,Year 2009-2010:259911
17850,514492,21504,SKULLS GREETING CARD,12,0.36,2010-07-02 15:29:00,United Kingdom,online_retail_II.xlsx,Year 2009-2010,259912,Year 2009-2010:259912
17850,514492,21509,COWBOYS AND INDIANS BIRTHDAY CARD,12,0.36,2010-07-02 15:29:00,United Kingdom,online_retail_II.xlsx,Year 2009-2010,259913,Year 2009-2010:259913
17850,514492,21172,PARTY METAL SIGN,12,1.25,2010-07-02 15:29:00,United Kingdom,online_retail_II.xlsx,Year 2009-2010,259914,Year 2009-2010:259914
17850,514492,21171,BATHROOM METAL SIGN,12,1.25,2010-07-02 15:29:00,United Kingdom,online_retail_II.xlsx,Year 2009-2010,259915,Year 2009-2010:259915
17850,514492,21165,BEWARE OF THE CAT METAL SIGN,12,1.45,2010-07-02 15:29:00,United Kingdom,online_retail_II.xlsx,Year 2009-2010,259916,Year 2009-2010:259916
17850,514492,71053,WHITE METAL LANTERN,6,3.39,2010-07-02 15:29:00,United Kingdom,online_retail_II.xlsx,Year 2009-2010,259917,Year 2009-2010:259917
17850,514492,84406B,CREAM CUPID HEARTS COAT HANGER,12,2.75,2010-07-02 15:29:00,United Kingdom,online_retail_II.xlsx,Year 2009-2010,259918,Year 2009-2010:259918
17850,514492,82494L,WOODEN FRAME ANTIQUE WHITE,6,2.55,2010-07-02 15:29:00,United Kingdom,online_retail_II.xlsx,Year 2009-2010,259919,Year 2009-2010:259919
17850,514492,82482,WOODEN PICTURE FRAME WHITE FINISH,6,2.1,2010-07-02 15:29:00,United Kingdom,online_retail_II.xlsx,Year 2009-2010,259920,Year 2009-2010:259920
17850,514492,82483,WOOD 2 DRAWER CABINET WHITE FINISH,4,4.95,2010-07-02 15:29:00,United Kingdom,online_retail_II.xlsx,Year 2009-2010,259921,Year 2009-2010:259921
17850,514492,82486,WOOD S/3 CABINET ANT WHITE FINISH,4,6.95,2010-07-02 15:29:00,United Kingdom,online_retail_II.xlsx,Year 2009-2010,259922,Year 2009-2010:259922
17850,514492,22380,TOY TIDY SPACEBOY,10,1.85,2010-07-02 15:29:00,United Kingdom,online_retail_II.xlsx,Year 2009-2010,259923,Year 2009-2010:259923
17850,514492,22379,RECYCLING BAG RETROSPOT,10,1.85,2010-07-02 15:29:00,United Kingdom,online_retail_II.xlsx,Year 2009-2010,259924,Year 2009-2010:259924
17850,514492,15056BL,EDWARDIAN PARASOL BLACK,6,4.95,2010-07-02 15:29:00,United Kingdom,online_retail_II.xlsx,Year 2009-2010,259925,Year 2009-2010:259925
17850,514492,84665,SQUARE CHERRY BLOSSOM CABINET,2,5.95,2010-07-02 15:29:00,United Kingdom,online_retail_II.xlsx,Year 2009-2010,259926,Year 2009-2010:259926
17850,514492,22088,PAPER BUNTING COLOURED LACE,12,2.55,2010-07-02 15:29:00,United Kingdom,online_retail_II.xlsx,Year 2009-2010,259927,Year 2009-2010:259927
17850,514492,84664,CHERRY BLOSSOM BATHROOM CABINET,4,4.95,2010-07-02 15:29:00,United Kingdom,online_retail_II.xlsx,Year 2009-2010,259928,Year 2009-2010:259928
17850,514493,84665,SQUARE CHERRY BLOSSOM CABINET,2,5.95,2010-07-02 15:55:00,United Kingdom,online_retail_II.xlsx,Year 2009-2010,259929,Year 2009-2010:259929
17850,514493,22088,PAPER BUNTING COLOURED LACE,12,2.55,2010-07-02 15:55:00,United Kingdom,online_retail_II.xlsx,Year 2009-2010,259930,Year 2009-2010:259930
17850,514493,84664,CHERRY BLOSSOM BATHROOM CABINET,4,4.95,2010-07-02 15:55:00,United Kingdom,online_retail_II.xlsx,Year 2009-2010,259931,Year 2009-2010:259931
17850,514493,21071,VINTAGE BILLBOARD DRINK ME MUG,12,1.06,2010-07-02 15:55:00,United Kingdom,online_retail_II.xlsx,Year 2009-2010,259932,Year 2009-2010:259932
17850,514493,21068,VINTAGE BILLBOARD LOVE/HATE MUG,12,1.06,2010-07-02 15:55:00,United Kingdom,online_retail_II.xlsx,Year 2009-2010,259933,Year 2009-2010:259933
17850,514493,22023,EMPIRE BIRTHDAY CARD,12,0.36,2010-07-02 15:55:00,United Kingdom,online_retail_II.xlsx,Year 2009-2010,259934,Year 2009-2010:259934
17850,514493,21519,GIN & TONIC DIET GREETING CARD,12,0.36,2010-07-02 15:55:00,United Kingdom,online_retail_II.xlsx,Year 2009-2010,259935,Year 2009-2010:259935
17850,514493,21508,VINTAGE KID DOLLY CARD,12,0.36,2010-07-02 15:55:00,United Kingdom,online_retail_II.xlsx,Year 2009-2010,259936,Year 2009-2010:259936
17850,514493,21504,SKULLS GREETING CARD,12,0.36,2010-07-02 15:55:00,United Kingdom,online_retail_II.xlsx,Year 2009-2010,259937,Year 2009-2010:259937
17850,514493,21509,COWBOYS AND INDIANS BIRTHDAY CARD,12,0.36,2010-07-02 15:55:00,United Kingdom,online_retail_II.xlsx,Year 2009-2010,259938,Year 2009-2010:259938
17850,514493,21172,PARTY METAL SIGN,12,1.25,2010-07-02 15:55:00,United Kingdom,online_retail_II.xlsx,Year 2009-2010,259939,Year 2009-2010:259939
17850,514493,21171,BATHROOM METAL SIGN,12,1.25,2010-07-02 15:55:00,United Kingdom,online_retail_II.xlsx,Year 2009-2010,259940,Year 2009-2010:259940
17850,514493,21165,BEWARE OF THE CAT METAL SIGN,12,1.45,2010-07-02 15:55:00,United Kingdom,online_retail_II.xlsx,Year 2009-2010,259941,Year 2009-2010:259941
17850,514493,71053,WHITE METAL LANTERN,12,3.39,2010-07-02 15:55:00,United Kingdom,online_retail_II.xlsx,Year 2009-2010,259942,Year 2009-2010:259942
17850,514493,84406B,CREAM CUPID HEARTS COAT HANGER,12,2.75,2010-07-02 15:55:00,United Kingdom,online_retail_II.xlsx,Year 2009-2010,259943,Year 2009-2010:259943
17850,514493,82494L,WOODEN FRAME ANTIQUE WHITE,12,2.55,2010-07-02 15:55:00,United Kingdom,online_retail_II.xlsx,Year 2009-2010,259944,Year 2009-2010:259944
17850,514493,82482,WOODEN PICTURE FRAME WHITE FINISH,12,2.1,2010-07-02 15:55:00,United Kingdom,online_retail_II.xlsx,Year 2009-2010,259945,Year 2009-2010:259945
17850,514493,82483,WOOD 2 DRAWER CABINET WHITE FINISH,6,4.95,2010-07-02 15:55:00,United Kingdom,online_retail_II.xlsx,Year 2009-2010,259946,Year 2009-2010:259946
17850,514493,82486,WOOD S/3 CABINET ANT WHITE FINISH,6,6.95,2010-07-02 15:55:00,United Kingdom,online_retail_II.xlsx,Year 2009-2010,259947,Year 2009-2010:259947
17850,514493,22380,TOY TIDY SPACEBOY,10,1.85,2010-07-02 15:55:00,United Kingdom,online_retail_II.xlsx,Year 2009-2010,259948,Year 2009-2010:259948
17850,514493,22379,RECYCLING BAG RETROSPOT,10,1.85,2010-07-02 15:55:00,United Kingdom,online_retail_II.xlsx,Year 2009-2010,259949,Year 2009-2010:259949
17850,514493,15056BL,EDWARDIAN PARASOL BLACK,6,4.95,2010-07-02 15:55:00,United Kingdom,online_retail_II.xlsx,Year 2009-2010,259950,Year 2009-2010:259950
17850,514493,22382,LUNCH BAG SPACEBOY DESIGN,6,1.45,2010-07-02 15:55:00,United Kingdom,online_retail_II.xlsx,Year 2009-2010,259951,Year 2009-2010:259951
17850,514493,15056P,EDWARDIAN PARASOL PINK,8,4.95,2010-07-02 15:55:00,United Kingdom,online_retail_II.xlsx,Year 2009-2010,259952,Year 2009-2010:259952
17850,514493,15056N,EDWARDIAN PARASOL NATURAL,8,4.95,2010-07-02 15:55:00,United Kingdom,online_retail_II.xlsx,Year 2009-2010,259953,Year 2009-2010:259953
17850,514493,48111,DOORMAT 3 SMILEY CATS,4,6.35,2010-07-02 15:55:00,United Kingdom,online_retail_II.xlsx,Year 2009-2010,259954,Year 2009-2010:259954
17850,514493,22660,DOORMAT I LOVE LONDON,4,6.35,2010-07-02 15:55:00,United Kingdom,online_retail_II.xlsx,Year 2009-2010,259955,Year 2009-2010:259955
17850,514493,22567,20 DOLLY PEGS RETROSPOT,18,1.06,2010-07-02 15:55:00,United Kingdom,online_retail_II.xlsx,Year 2009-2010,259956,Year 2009-2010:259956
17850,514493,21155,RED SPOTTY PEG BAG,12,1.69,2010-07-02 15:55:00,United Kingdom,online_retail_II.xlsx,Year 2009-2010,259957,Year 2009-2010:259957
17850,514493,84879,ASSORTED COLOUR BIRD ORNAMENT,32,1.45,2010-07-02 15:55:00,United Kingdom,online_retail_II.xlsx,Year 2009-2010,259958,Year 2009-2010:259958
17850,514518,82486,WOOD S/3 CABINET ANT WHITE FINISH,4,6.95,2010-07-05 09:01:00,United Kingdom,online_retail_II.xlsx,Year 2009-2010,260644,Year 2009-2010:260644
17850,514518,22380,TOY TIDY SPACEBOY,10,1.85,2010-07-05 09:01:00,United Kingdom,online_retail_II.xlsx,Year 2009-2010,260645,Year 2009-2010:260645
17850,514518,22379,RECYCLING BAG RETROSPOT,10,1.85,2010-07-05 09:01:00,United Kingdom,online_retail_II.xlsx,Year 2009-2010,260646,Year 2009-2010:260646
17850,514518,15056BL,EDWARDIAN PARASOL BLACK,6,4.95,2010-07-05 09:01:00,United Kingdom,online_retail_II.xlsx,Year 2009-2010,260647,Year 2009-2010:260647
17850,514518,22382,LUNCH BAG SPACEBOY DESIGN,6,1.45,2010-07-05 09:01:00,United Kingdom,online_retail_II.xlsx,Year 2009-2010,260648,Year 2009-2010:260648
17850,514518,15056P,EDWARDIAN PARASOL PINK,6,4.95,2010-07-05 09:01:00,United Kingdom,online_retail_II.xlsx,Year 2009-2010,260649,Year 2009-2010:260649
17850,514518,15056N,EDWARDIAN PARASOL NATURAL,6,4.95,2010-07-05 09:01:00,United Kingdom,online_retail_II.xlsx,Year 2009-2010,260650,Year 2009-2010:260650
17850,514518,48111,DOORMAT 3 SMILEY CATS,2,6.35,2010-07-05 09:01:00,United Kingdom,online_retail_II.xlsx,Year 2009-2010,260651,Year 2009-2010:260651
17850,514518,22660,DOORMAT I LOVE LONDON,2,6.35,2010-07-05 09:01:00,United Kingdom,online_retail_II.xlsx,Year 2009-2010,260652,Year 2009-2010:260652
17850,514518,22567,20 DOLLY PEGS RETROSPOT,12,1.06,2010-07-05 09:01:00,United Kingdom,online_retail_II.xlsx,Year 2009-2010,260653,Year 2009-2010:260653
17850,514518,21155,RED SPOTTY PEG BAG,6,1.69,2010-07-05 09:01:00,United Kingdom,online_retail_II.xlsx,Year 2009-2010,260654,Year 2009-2010:260654
17850,514518,84879,ASSORTED COLOUR BIRD ORNAMENT,16,1.45,2010-07-05 09:01:00,United Kingdom,online_retail_II.xlsx,Year 2009-2010,260655,Year 2009-2010:260655
17850,514518,22088,PAPER BUNTING COLOURED LACE,6,2.55,2010-07-05 09:01:00,United Kingdom,online_retail_II.xlsx,Year 2009-2010,260656,Year 2009-2010:260656
17850,514518,84664,CHERRY BLOSSOM BATHROOM CABINET,2,4.95,2010-07-05 09:01:00,United Kingdom,online_retail_II.xlsx,Year 2009-2010,260657,Year 2009-2010:260657
17850,514518,21071,VINTAGE BILLBOARD DRINK ME MUG,12,1.06,2010-07-05 09:01:00,United Kingdom,online_retail_II.xlsx,Year 2009-2010,260658,Year 2009-2010:260658
17850,514518,21068,VINTAGE BILLBOARD LOVE/HATE MUG,12,1.06,2010-07-05 09:01:00,United Kingdom,online_retail_II.xlsx,Year 2009-2010,260659,Year 2009-2010:260659
17850,514518,82483,WOOD 2 DRAWER CABINET WHITE FINISH,4,4.95,2010-07-05 09:01:00,United Kingdom,online_retail_II.xlsx,Year 2009-2010,260660,Year 2009-2010:260660
17850,514518,22023,EMPIRE BIRTHDAY CARD,12,0.36,2010-07-05 09:01:00,United Kingdom,online_retail_II.xlsx,Year 2009-2010,260661,Year 2009-2010:260661
17850,514518,21519,GIN & TONIC DIET GREETING CARD,12,0.36,2010-07-05 09:01:00,United Kingdom,online_retail_II.xlsx,Year 2009-2010,260662,Year 2009-2010:260662
17850,514518,21508,VINTAGE KID DOLLY CARD,12,0.36,2010-07-05 09:01:00,United Kingdom,online_retail_II.xlsx,Year 2009-2010,260663,Year 2009-2010:260663
17850,514518,21504,SKULLS GREETING CARD,12,0.36,2010-07-05 09:01:00,United Kingdom,online_retail_II.xlsx,Year 2009-2010,260664,Year 2009-2010:260664
17850,514518,21509,COWBOYS AND INDIANS BIRTHDAY CARD,12,0.36,2010-07-05 09:01:00,United Kingdom,online_retail_II.xlsx,Year 2009-2010,260665,Year 2009-2010:260665
17850,514518,21172,PARTY METAL SIGN,6,1.25,2010-07-05 09:01:00,United Kingdom,online_retail_II.xlsx,Year 2009-2010,260666,Year 2009-2010:260666
17850,514518,21171,BATHROOM METAL SIGN,6,1.25,2010-07-05 09:01:00,United Kingdom,online_retail_II.xlsx,Year 2009-2010,260667,Year 2009-2010:260667
17850,514518,21165,BEWARE OF THE CAT METAL SIGN,12,1.45,2010-07-05 09:01:00,United Kingdom,online_retail_II.xlsx,Year 2009-2010,260668,Year 2009-2010:260668
17850,514518,71053,WHITE METAL LANTERN,6,3.39,2010-07-05 09:01:00,United Kingdom,online_retail_II.xlsx,Year 2009-2010,260669,Year 2009-2010:260669
17850,514518,84406B,CREAM CUPID HEARTS COAT HANGER,6,2.75,2010-07-05 09:01:00,United Kingdom,online_retail_II.xlsx,Year 2009-2010,260670,Year 2009-2010:260670
17850,514518,82494L,WOODEN FRAME ANTIQUE WHITE,6,2.55,2010-07-05 09:01:00,United Kingdom,online_retail_II.xlsx,Year 2009-2010,260671,Year 2009-2010:260671
17850,514518,82482,WOODEN PICTURE FRAME WHITE FINISH,6,2.1,2010-07-05 09:01:00,United Kingdom,online_retail_II.xlsx,Year 2009-2010,260672,Year 2009-2010:260672
17850,514519,82483,WOOD 2 DRAWER CABINET WHITE FINISH,2,4.95,2010-07-05 09:20:00,United Kingdom,online_retail_II.xlsx,Year 2009-2010,260673,Year 2009-2010:260673
17850,514519,82486,WOOD S/3 CABINET ANT WHITE FINISH,2,6.95,2010-07-05 09:20:00,United Kingdom,online_retail_II.xlsx,Year 2009-2010,260674,Year 2009-2010:260674
17850,514519,22380,TOY TIDY SPACEBOY,10,1.85,2010-07-05 09:20:00,United Kingdom,online_retail_II.xlsx,Year 2009-2010,260675,Year 2009-2010:260675
17850,514519,22379,RECYCLING BAG RETROSPOT,10,1.85,2010-07-05 09:20:00,United Kingdom,online_retail_II.xlsx,Year 2009-2010,260676,Year 2009-2010:260676
17850,514519,22382,LUNCH BAG SPACEBOY DESIGN,6,1.45,2010-07-05 09:20:00,United Kingdom,online_retail_II.xlsx,Year 2009-2010,260677,Year 2009-2010:260677
17850,514519,22567,20 DOLLY PEGS RETROSPOT,12,1.06,2010-07-05 09:20:00,United Kingdom,online_retail_II.xlsx,Year 2009-2010,260678,Year 2009-2010:260678
17850,514519,21155,RED SPOTTY PEG BAG,6,1.69,2010-07-05 09:20:00,United Kingdom,online_retail_II.xlsx,Year 2009-2010,260679,Year 2009-2010:260679
17850,514519,84879,ASSORTED COLOUR BIRD ORNAMENT,16,1.45,2010-07-05 09:20:00,United Kingdom,online_retail_II.xlsx,Year 2009-2010,260680,Year 2009-2010:260680
17850,514519,22088,PAPER BUNTING COLOURED LACE,6,2.55,2010-07-05 09:20:00,United Kingdom,online_retail_II.xlsx,Year 2009-2010,260681,Year 2009-2010:260681
17850,514519,21071,VINTAGE BILLBOARD DRINK ME MUG,6,1.06,2010-07-05 09:20:00,United Kingdom,online_retail_II.xlsx,Year 2009-2010,260682,Year 2009-2010:260682
17850,514519,21068,VINTAGE BILLBOARD LOVE/HATE MUG,6,1.06,2010-07-05 09:20:00,United Kingdom,online_retail_II.xlsx,Year 2009-2010,260683,Year 2009-2010:260683
17850,514519,22023,EMPIRE BIRTHDAY CARD,12,0.36,2010-07-05 09:20:00,United Kingdom,online_retail_II.xlsx,Year 2009-2010,260684,Year 2009-2010:260684
17850,514519,21519,GIN & TONIC DIET GREETING CARD,12,0.36,2010-07-05 09:20:00,United Kingdom,online_retail_II.xlsx,Year 2009-2010,260685,Year 2009-2010:260685
17850,514519,21508,VINTAGE KID DOLLY CARD,12,0.36,2010-07-05 09:20:00,United Kingdom,online_retail_II.xlsx,Year 2009-2010,260686,Year 2009-2010:260686
17850,514519,21504,SKULLS GREETING CARD,12,0.36,2010-07-05 09:20:00,United Kingdom,online_retail_II.xlsx,Year 2009-2010,260687,Year 2009-2010:260687
17850,514519,21509,COWBOYS AND INDIANS BIRTHDAY CARD,12,0.36,2010-07-05 09:20:00,United Kingdom,online_retail_II.xlsx,Year 2009-2010,260688,Year 2009-2010:260688
17850,514519,21172,PARTY METAL SIGN,6,1.25,2010-07-05 09:20:00,United Kingdom,online_retail_II.xlsx,Year 2009-2010,260689,Year 2009-2010:260689
17850,514519,21171,BATHROOM METAL SIGN,6,1.25,2010-07-05 09:20:00,United Kingdom,online_retail_II.xlsx,Year 2009-2010,260690,Year 2009-2010:260690
17850,514519,21165,BEWARE OF THE CAT METAL SIGN,12,1.69,2010-07-05 09:20:00,United Kingdom,online_retail_II.xlsx,Year 2009-2010,260691,Year 2009-2010:260691
17850,514519,71053,WHITE METAL LANTERN,4,3.39,2010-07-05 09:20:00,United Kingdom,online_retail_II.xlsx,Year 2009-2010,260692,Year 2009-2010:260692
17850,514519,84406B,CREAM CUPID HEARTS COAT HANGER,6,2.75,2010-07-05 09:20:00,United Kingdom,online_retail_II.xlsx,Year 2009-2010,260693,Year 2009-2010:260693
17850,514519,82494L,WOODEN FRAME ANTIQUE WHITE,6,2.55,2010-07-05 09:20:00,United Kingdom,online_retail_II.xlsx,Year 2009-2010,260694,Year 2009-2010:260694
17850,514519,82482,WOODEN PICTURE FRAME WHITE FINISH,6,2.1,2010-07-05 09:20:00,United Kingdom,online_retail_II.xlsx,Year 2009-2010,260695,Year 2009-2010:260695
17850,514519,21166,COOK WITH WINE METAL SIGN,6,1.95,2010-07-05 09:20:00,United Kingdom,online_retail_II.xlsx,Year 2009-2010,260696,Year 2009-2010:260696
17850,514520,22023,EMPIRE BIRTHDAY CARD,12,0.36,2010-07-05 09:27:00,United Kingdom,online_retail_II.xlsx,Year 2009-2010,260697,Year 2009-2010:260697
17850,514520,21519,GIN & TONIC DIET GREETING CARD,12,0.36,2010-07-05 09:27:00,United Kingdom,online_retail_II.xlsx,Year 2009-2010,260698,Year 2009-2010:260698
17850,514520,21508,VINTAGE KID DOLLY CARD,12,0.36,2010-07-05 09:27:00,United Kingdom,online_retail_II.xlsx,Year 2009-2010,260699,Year 2009-2010:260699
17850,514520,21504,SKULLS GREETING CARD,12,0.36,2010-07-05 09:27:00,United Kingdom,online_retail_II.xlsx,Year 2009-2010,260700,Year 2009-2010:260700
17850,514520,21509,COWBOYS AND INDIANS BIRTHDAY CARD,12,0.36,2010-07-05 09:27:00,United Kingdom,online_retail_II.xlsx,Year 2009-2010,260701,Year 2009-2010:260701
17850,514520,21172,PARTY METAL SIGN,12,1.25,2010-07-05 09:27:00,United Kingdom,online_retail_II.xlsx,Year 2009-2010,260702,Year 2009-2010:260702
17850,514520,21171,BATHROOM METAL SIGN,12,1.25,2010-07-05 09:27:00,United Kingdom,online_retail_II.xlsx,Year 2009-2010,260703,Year 2009-2010:260703
17850,514520,21165,BEWARE OF THE CAT METAL SIGN,12,1.45,2010-07-05 09:27:00,United Kingdom,online_retail_II.xlsx,Year 2009-2010,260704,Year 2009-2010:260704
17850,514520,71053,WHITE METAL LANTERN,6,3.39,2010-07-05 09:27:00,United Kingdom,online_retail_II.xlsx,Year 2009-2010,260705,Year 2009-2010:260705
17850,514520,84406B,CREAM CUPID HEARTS COAT HANGER,6,2.75,2010-07-05 09:27:00,United Kingdom,online_retail_II.xlsx,Year 2009-2010,260706,Year 2009-2010:260706
17850,514520,82494L,WOODEN FRAME ANTIQUE WHITE,12,2.55,2010-07-05 09:27:00,United Kingdom,online_retail_II.xlsx,Year 2009-2010,260707,Year 2009-2010:260707
17850,514520,82482,WOODEN PICTURE FRAME WHITE FINISH,12,2.1,2010-07-05 09:27:00,United Kingdom,online_retail_II.xlsx,Year 2009-2010,260708,Year 2009-2010:260708
17850,514520,82483,WOOD 2 DRAWER CABINET WHITE FINISH,6,4.95,2010-07-05 09:27:00,United Kingdom,online_retail_II.xlsx,Year 2009-2010,260709,Year 2009-2010:260709
17850,514520,82486,WOOD S/3 CABINET ANT WHITE FINISH,6,6.95,2010-07-05 09:27:00,United Kingdom,online_retail_II.xlsx,Year 2009-2010,260710,Year 2009-2010:260710
17850,514520,22380,TOY TIDY SPACEBOY,10,1.85,2010-07-05 09:27:00,United Kingdom,online_retail_II.xlsx,Year 2009-2010,260711,Year 2009-2010:260711
17850,514520,22379,RECYCLING BAG RETROSPOT,10,1.85,2010-07-05 09:27:00,United Kingdom,online_retail_II.xlsx,Year 2009-2010,260712,Year 2009-2010:260712
17850,514520,15056BL,EDWARDIAN PARASOL BLACK,6,4.95,2010-07-05 09:27:00,United Kingdom,online_retail_II.xlsx,Year 2009-2010,260713,Year 2009-2010:260713
17850,514520,22382,LUNCH BAG SPACEBOY DESIGN,6,1.45,2010-07-05 09:27:00,United Kingdom,online_retail_II.xlsx,Year 2009-2010,260714,Year 2009-2010:260714
17850,514520,15056P,EDWARDIAN PARASOL PINK,6,4.95,2010-07-05 09:27:00,United Kingdom,online_retail_II.xlsx,Year 2009-2010,260715,Year 2009-2010:260715
17850,514520,15056N,EDWARDIAN PARASOL NATURAL,6,4.95,2010-07-05 09:27:00,United Kingdom,online_retail_II.xlsx,Year 2009-2010,260716,Year 2009-2010:260716
17850,514520,48111,DOORMAT 3 SMILEY CATS,4,6.35,2010-07-05 09:27:00,United Kingdom,online_retail_II.xlsx,Year 2009-2010,260717,Year 2009-2010:260717
17850,514520,22660,DOORMAT I LOVE LONDON,4,6.35,2010-07-05 09:27:00,United Kingdom,online_retail_II.xlsx,Year 2009-2010,260718,Year 2009-2010:260718
17850,514520,22567,20 DOLLY PEGS RETROSPOT,12,1.06,2010-07-05 09:27:00,United Kingdom,online_retail_II.xlsx,Year 2009-2010,260719,Year 2009-2010:260719
17850,514520,21155,RED SPOTTY PEG BAG,12,1.69,2010-07-05 09:27:00,United Kingdom,online_retail_II.xlsx,Year 2009-2010,260720,Year 2009-2010:260720
17850,514520,84879,ASSORTED COLOUR BIRD ORNAMENT,32,1.45,2010-07-05 09:27:00,United Kingdom,online_retail_II.xlsx,Year 2009-2010,260721,Year 2009-2010:260721
17850,514520,84665,SQUARE CHERRY BLOSSOM CABINET,2,5.95,2010-07-05 09:27:00,United Kingdom,online_retail_II.xlsx,Year 2009-2010,260722,Year 2009-2010:260722
17850,514520,22088,PAPER BUNTING COLOURED LACE,12,2.55,2010-07-05 09:27:00,United Kingdom,online_retail_II.xlsx,Year 2009-2010,260723,Year 2009-2010:260723
17850,514520,84664,CHERRY BLOSSOM BATHROOM CABINET,3,4.95,2010-07-05 09:27:00,United Kingdom,online_retail_II.xlsx,Year 2009-2010,260724,Year 2009-2010:260724
17850,514520,21071,VINTAGE BILLBOARD DRINK ME MUG,6,1.06,2010-07-05 09:27:00,United Kingdom,online_retail_II.xlsx,Year 2009-2010,260725,Year 2009-2010:260725
17850,514520,21068,VINTAGE BILLBOARD LOVE/HATE MUG,6,1.06,2010-07-05 09:27:00,United Kingdom,online_retail_II.xlsx,Year 2009-2010,260726,Year 2009-2010:260726
17850,514523,21068,VINTAGE BILLBOARD LOVE/HATE MUG,6,1.06,2010-07-05 09:38:00,United Kingdom,online_retail_II.xlsx,Year 2009-2010,260735,Year 2009-2010:260735
17850,514523,22023,EMPIRE BIRTHDAY CARD,12,0.36,2010-07-05 09:38:00,United Kingdom,online_retail_II.xlsx,Year 2009-2010,260736,Year 2009-2010:260736
17850,514523,21519,GIN & TONIC DIET GREETING CARD,12,0.36,2010-07-05 09:38:00,United Kingdom,online_retail_II.xlsx,Year 2009-2010,260737,Year 2009-2010:260737
17850,514523,21508,VINTAGE KID DOLLY CARD,12,0.36,2010-07-05 09:38:00,United Kingdom,online_retail_II.xlsx,Year 2009-2010,260738,Year 2009-2010:260738
17850,514523,21504,SKULLS GREETING CARD,12,0.36,2010-07-05 09:38:00,United Kingdom,online_retail_II.xlsx,Year 2009-2010,260739,Year 2009-2010:260739
17850,514523,21509,COWBOYS AND INDIANS BIRTHDAY CARD,12,0.36,2010-07-05 09:38:00,United Kingdom,online_retail_II.xlsx,Year 2009-2010,260740,Year 2009-2010:260740
17850,514523,21172,PARTY METAL SIGN,6,1.25,2010-07-05 09:38:00,United Kingdom,online_retail_II.xlsx,Year 2009-2010,260741,Year 2009-2010:260741
17850,514523,21171,BATHROOM METAL SIGN,6,1.25,2010-07-05 09:38:00,United Kingdom,online_retail_II.xlsx,Year 2009-2010,260742,Year 2009-2010:260742
17850,514523,71053,WHITE METAL LANTERN,6,3.39,2010-07-05 09:38:00,United Kingdom,online_retail_II.xlsx,Year 2009-2010,260743,Year 2009-2010:260743
17850,514523,84406B,CREAM CUPID HEARTS COAT HANGER,6,2.75,2010-07-05 09:38:00,United Kingdom,online_retail_II.xlsx,Year 2009-2010,260744,Year 2009-2010:260744
17850,514523,82494L,WOODEN FRAME ANTIQUE WHITE,6,2.55,2010-07-05 09:38:00,United Kingdom,online_retail_II.xlsx,Year 2009-2010,260745,Year 2009-2010:260745
17850,514523,82482,WOODEN PICTURE FRAME WHITE FINISH,6,2.1,2010-07-05 09:38:00,United Kingdom,online_retail_II.xlsx,Year 2009-2010,260746,Year 2009-2010:260746
17850,514523,82483,WOOD 2 DRAWER CABINET WHITE FINISH,2,4.95,2010-07-05 09:38:00,United Kingdom,online_retail_II.xlsx,Year 2009-2010,260747,Year 2009-2010:260747
17850,514523,82486,WOOD S/3 CABINET ANT WHITE FINISH,2,6.95,2010-07-05 09:38:00,United Kingdom,online_retail_II.xlsx,Year 2009-2010,260748,Year 2009-2010:260748
17850,514523,22380,TOY TIDY SPACEBOY,5,1.85,2010-07-05 09:38:00,United Kingdom,online_retail_II.xlsx,Year 2009-2010,260749,Year 2009-2010:260749
17850,514523,22379,RECYCLING BAG RETROSPOT,5,1.85,2010-07-05 09:38:00,United Kingdom,online_retail_II.xlsx,Year 2009-2010,260750,Year 2009-2010:260750
17850,514523,15056BL,EDWARDIAN PARASOL BLACK,4,4.95,2010-07-05 09:38:00,United Kingdom,online_retail_II.xlsx,Year 2009-2010,260751,Year 2009-2010:260751
17850,514523,22382,LUNCH BAG SPACEBOY DESIGN,6,1.45,2010-07-05 09:38:00,United Kingdom,online_retail_II.xlsx,Year 2009-2010,260752,Year 2009-2010:260752
17850,514523,15056P,EDWARDIAN PARASOL PINK,4,4.95,2010-07-05 09:38:00,United Kingdom,online_retail_II.xlsx,Year 2009-2010,260753,Year 2009-2010:260753
17850,514523,15056N,EDWARDIAN PARASOL NATURAL,4,4.95,2010-07-05 09:38:00,United Kingdom,online_retail_II.xlsx,Year 2009-2010,260754,Year 2009-2010:260754
17850,514523,48111,DOORMAT 3 SMILEY CATS,2,6.35,2010-07-05 09:38:00,United Kingdom,online_retail_II.xlsx,Year 2009-2010,260755,Year 2009-2010:260755
17850,514523,22567,20 DOLLY PEGS RETROSPOT,12,1.06,2010-07-05 09:38:00,United Kingdom,online_retail_II.xlsx,Year 2009-2010,260756,Year 2009-2010:260756
17850,514523,22088,PAPER BUNTING COLOURED LACE,6,2.55,2010-07-05 09:38:00,United Kingdom,online_retail_II.xlsx,Year 2009-2010,260757,Year 2009-2010:260757
17850,514523,21071,VINTAGE BILLBOARD DRINK ME MUG,6,1.06,2010-07-05 09:38:00,United Kingdom,online_retail_II.xlsx,Year 2009-2010,260758,Year 2009-2010:260758
17850,514523,22660,DOORMAT I LOVE LONDON,2,6.35,2010-07-05 09:38:00,United Kingdom,online_retail_II.xlsx,Year 2009-2010,260759,Year 2009-2010:260759
17850,514523,21155,RED SPOTTY PEG BAG,6,1.69,2010-07-05 09:38:00,United Kingdom,online_retail_II.xlsx,Year 2009-2010,260760,Year 2009-2010:260760
17850,514530,21071,VINTAGE BILLBOARD DRINK ME MUG,12,1.06,2010-07-05 09:59:00,United Kingdom,online_retail_II.xlsx,Year 2009-2010,260825,Year 2009-2010:260825
17850,514530,21068,VINTAGE BILLBOARD LOVE/HATE MUG,12,1.06,2010-07-05 09:59:00,United Kingdom,online_retail_II.xlsx,Year 2009-2010,260826,Year 2009-2010:260826
17850,514530,22023,EMPIRE BIRTHDAY CARD,12,0.36,2010-07-05 09:59:00,United Kingdom,online_retail_II.xlsx,Year 2009-2010,260827,Year 2009-2010:260827
17850,514530,21519,GIN & TONIC DIET GREETING CARD,12,0.36,2010-07-05 09:59:00,United Kingdom,online_retail_II.xlsx,Year 2009-2010,260828,Year 2009-2010:260828
17850,514530,21508,VINTAGE KID DOLLY CARD,12,0.36,2010-07-05 09:59:00,United Kingdom,online_retail_II.xlsx,Year 2009-2010,260829,Year 2009-2010:260829
17850,514530,21504,SKULLS GREETING CARD,12,0.36,2010-07-05 09:59:00,United Kingdom,online_retail_II.xlsx,Year 2009-2010,260830,Year 2009-2010:260830
17850,514530,21509,COWBOYS AND INDIANS BIRTHDAY CARD,12,0.36,2010-07-05 09:59:00,United Kingdom,online_retail_II.xlsx,Year 2009-2010,260831,Year 2009-2010:260831
17850,514530,21172,PARTY METAL SIGN,12,1.25,2010-07-05 09:59:00,United Kingdom,online_retail_II.xlsx,Year 2009-2010,260832,Year 2009-2010:260832
17850,514530,21171,BATHROOM METAL SIGN,12,1.25,2010-07-05 09:59:00,United Kingdom,online_retail_II.xlsx,Year 2009-2010,260833,Year 2009-2010:260833
17850,514530,71053,WHITE METAL LANTERN,12,3.39,2010-07-05 09:59:00,United Kingdom,online_retail_II.xlsx,Year 2009-2010,260834,Year 2009-2010:260834
17850,514530,84406B,CREAM CUPID HEARTS COAT HANGER,12,2.75,2010-07-05 09:59:00,United Kingdom,online_retail_II.xlsx,Year 2009-2010,260835,Year 2009-2010:260835
17850,514530,82494L,WOODEN FRAME ANTIQUE WHITE,12,2.55,2010-07-05 09:59:00,United Kingdom,online_retail_II.xlsx,Year 2009-2010,260836,Year 2009-2010:260836
17850,514530,82482,WOODEN PICTURE FRAME WHITE FINISH,12,2.1,2010-07-05 09:59:00,United Kingdom,online_retail_II.xlsx,Year 2009-2010,260837,Year 2009-2010:260837
17850,514530,82483,WOOD 2 DRAWER CABINET WHITE FINISH,6,4.95,2010-07-05 09:59:00,United Kingdom,online_retail_II.xlsx,Year 2009-2010,260838,Year 2009-2010:260838
17850,514530,82486,WOOD S/3 CABINET ANT WHITE FINISH,6,6.95,2010-07-05 09:59:00,United Kingdom,online_retail_II.xlsx,Year 2009-2010,260839,Year 2009-2010:260839
17850,514530,22380,TOY TIDY SPACEBOY,10,1.85,2010-07-05 09:59:00,United Kingdom,online_retail_II.xlsx,Year 2009-2010,260840,Year 2009-2010:260840
17850,514530,22379,RECYCLING BAG RETROSPOT,10,1.85,2010-07-05 09:59:00,United Kingdom,online_retail_II.xlsx,Year 2009-2010,260841,Year 2009-2010:260841
17850,514530,15056BL,EDWARDIAN PARASOL BLACK,6,4.95,2010-07-05 09:59:00,United Kingdom,online_retail_II.xlsx,Year 2009-2010,260842,Year 2009-2010:260842
17850,514530,22382,LUNCH BAG SPACEBOY DESIGN,6,1.45,2010-07-05 09:59:00,United Kingdom,online_retail_II.xlsx,Year 2009-2010,260843,Year 2009-2010:260843
17850,514530,15056P,EDWARDIAN PARASOL PINK,8,4.95,2010-07-05 09:59:00,United Kingdom,online_retail_II.xlsx,Year 2009-2010,260844,Year 2009-2010:260844
17850,514530,15056N,EDWARDIAN PARASOL NATURAL,8,4.95,2010-07-05 09:59:00,United Kingdom,online_retail_II.xlsx,Year 2009-2010,260845,Year 2009-2010:260845
17850,514530,48111,DOORMAT 3 SMILEY CATS,4,6.35,2010-07-05 09:59:00,United Kingdom,online_retail_II.xlsx,Year 2009-2010,260846,Year 2009-2010:260846
17850,514530,22660,DOORMAT I LOVE LONDON,4,6.35,2010-07-05 09:59:00,United Kingdom,online_retail_II.xlsx,Year 2009-2010,260847,Year 2009-2010:260847
17850,514530,22567,20 DOLLY PEGS RETROSPOT,18,1.06,2010-07-05 09:59:00,United Kingdom,online_retail_II.xlsx,Year 2009-2010,260848,Year 2009-2010:260848
17850,514530,21155,RED SPOTTY PEG BAG,12,1.69,2010-07-05 09:59:00,United Kingdom,online_retail_II.xlsx,Year 2009-2010,260849,Year 2009-2010:260849
17850,514530,84879,ASSORTED COLOUR BIRD ORNAMENT,32,1.45,2010-07-05 09:59:00,United Kingdom,online_retail_II.xlsx,Year 2009-2010,260850,Year 2009-2010:260850
17850,514530,84665,SQUARE CHERRY BLOSSOM CABINET,2,5.95,2010-07-05 09:59:00,United Kingdom,online_retail_II.xlsx,Year 2009-2010,260851,Year 2009-2010:260851
17850,514530,22088,PAPER BUNTING COLOURED LACE,12,2.55,2010-07-05 09:59:00,United Kingdom,online_retail_II.xlsx,Year 2009-2010,260852,Year 2009-2010:260852
17850,514530,84664,CHERRY BLOSSOM BATHROOM CABINET,4,4.95,2010-07-05 09:59:00,United Kingdom,online_retail_II.xlsx,Year 2009-2010,260853,Year 2009-2010:260853
17850,514531,21071,VINTAGE BILLBOARD DRINK ME MUG,12,1.06,2010-07-05 10:02:00,United Kingdom,online_retail_II.xlsx,Year 2009-2010,260854,Year 2009-2010:260854
17850,514531,21068,VINTAGE BILLBOARD LOVE/HATE MUG,12,1.06,2010-07-05 10:02:00,United Kingdom,online_retail_II.xlsx,Year 2009-2010,260855,Year 2009-2010:260855
17850,514531,22023,EMPIRE BIRTHDAY CARD,12,0.36,2010-07-05 10:02:00,United Kingdom,online_retail_II.xlsx,Year 2009-2010,260856,Year 2009-2010:260856
17850,514531,21519,GIN & TONIC DIET GREETING CARD,12,0.36,2010-07-05 10:02:00,United Kingdom,online_retail_II.xlsx,Year 2009-2010,260857,Year 2009-2010:260857
17850,514531,21508,VINTAGE KID DOLLY CARD,12,0.36,2010-07-05 10:02:00,United Kingdom,online_retail_II.xlsx,Year 2009-2010,260858,Year 2009-2010:260858
17850,514531,21504,SKULLS GREETING CARD,12,0.36,2010-07-05 10:02:00,United Kingdom,online_retail_II.xlsx,Year 2009-2010,260859,Year 2009-2010:260859
17850,514531,21171,BATHROOM METAL SIGN,12,1.25,2010-07-05 10:02:00,United Kingdom,online_retail_II.xlsx,Year 2009-2010,260860,Year 2009-2010:260860
17850,514531,71053,WHITE METAL LANTERN,6,3.39,2010-07-05 10:02:00,United Kingdom,online_retail_II.xlsx,Year 2009-2010,260861,Year 2009-2010:260861
17850,514531,84406B,CREAM CUPID HEARTS COAT HANGER,12,2.75,2010-07-05 10:02:00,United Kingdom,online_retail_II.xlsx,Year 2009-2010,260862,Year 2009-2010:260862
17850,514531,82494L,WOODEN FRAME ANTIQUE WHITE,12,2.55,2010-07-05 10:02:00,United Kingdom,online_retail_II.xlsx,Year 2009-2010,260863,Year 2009-2010:260863
17850,514531,82482,WOODEN PICTURE FRAME WHITE FINISH,12,2.1,2010-07-05 10:02:00,United Kingdom,online_retail_II.xlsx,Year 2009-2010,260864,Year 2009-2010:260864
17850,514531,82483,WOOD 2 DRAWER CABINET WHITE FINISH,4,4.95,2010-07-05 10:02:00,United Kingdom,online_retail_II.xlsx,Year 2009-2010,260865,Year 2009-2010:260865
17850,514531,82486,WOOD S/3 CABINET ANT WHITE FINISH,4,6.95,2010-07-05 10:02:00,United Kingdom,online_retail_II.xlsx,Year 2009-2010,260866,Year 2009-2010:260866
17850,514531,22380,TOY TIDY SPACEBOY,10,1.85,2010-07-05 10:02:00,United Kingdom,online_retail_II.xlsx,Year 2009-2010,260867,Year 2009-2010:260867
17850,514531,22379,RECYCLING BAG RETROSPOT,10,1.85,2010-07-05 10:02:00,United Kingdom,online_retail_II.xlsx,Year 2009-2010,260868,Year 2009-2010:260868
17850,514531,15056BL,EDWARDIAN PARASOL BLACK,6,4.95,2010-07-05 10:02:00,United Kingdom,online_retail_II.xlsx,Year 2009-2010,260869,Year 2009-2010:260869
17850,514531,22382,LUNCH BAG SPACEBOY DESIGN,6,1.45,2010-07-05 10:02:00,United Kingdom,online_retail_II.xlsx,Year 2009-2010,260870,Year 2009-2010:260870
17850,514531,15056P,EDWARDIAN PARASOL PINK,8,4.95,2010-07-05 10:02:00,United Kingdom,online_retail_II.xlsx,Year 2009-2010,260871,Year 2009-2010:260871
17850,514531,15056N,EDWARDIAN PARASOL NATURAL,8,4.95,2010-07-05 10:02:00,United Kingdom,online_retail_II.xlsx,Year 2009-2010,260872,Year 2009-2010:260872
17850,514531,48111,DOORMAT 3 SMILEY CATS,4,6.35,2010-07-05 10:02:00,United Kingdom,online_retail_II.xlsx,Year 2009-2010,260873,Year 2009-2010:260873
17850,514531,22660,DOORMAT I LOVE LONDON,4,6.35,2010-07-05 10:02:00,United Kingdom,online_retail_II.xlsx,Year 2009-2010,260874,Year 2009-2010:260874
17850,514531,22567,20 DOLLY PEGS RETROSPOT,18,1.06,2010-07-05 10:02:00,United Kingdom,online_retail_II.xlsx,Year 2009-2010,260875,Year 2009-2010:260875
17850,514531,21155,RED SPOTTY PEG BAG,12,1.69,2010-07-05 10:02:00,United Kingdom,online_retail_II.xlsx,Year 2009-2010,260876,Year 2009-2010:260876
17850,514531,84879,ASSORTED COLOUR BIRD ORNAMENT,32,1.45,2010-07-05 10:02:00,United Kingdom,online_retail_II.xlsx,Year 2009-2010,260877,Year 2009-2010:260877
17850,514531,84665,SQUARE CHERRY BLOSSOM CABINET,2,5.95,2010-07-05 10:02:00,United Kingdom,online_retail_II.xlsx,Year 2009-2010,260878,Year 2009-2010:260878
17850,514531,22088,PAPER BUNTING COLOURED LACE,12,2.55,2010-07-05 10:02:00,United Kingdom,online_retail_II.xlsx,Year 2009-2010,260879,Year 2009-2010:260879
17850,514531,84664,CHERRY BLOSSOM BATHROOM CABINET,4,4.95,2010-07-05 10:02:00,United Kingdom,online_retail_II.xlsx,Year 2009-2010,260880,Year 2009-2010:260880
17850,514531,21509,COWBOYS AND INDIANS BIRTHDAY CARD,12,0.36,2010-07-05 10:02:00,United Kingdom,online_retail_II.xlsx,Year 2009-2010,260881,Year 2009-2010:260881
17850,514531,21172,PARTY METAL SIGN,12,1.25,2010-07-05 10:02:00,United Kingdom,online_retail_II.xlsx,Year 2009-2010,260882,Year 2009-2010:260882
17850,514534,82486,WOOD S/3 CABINET ANT WHITE FINISH,4,6.95,2010-07-05 10:29:00,United Kingdom,online_retail_II.xlsx,Year 2009-2010,261036,Year 2009-2010:261036
17850,514534,22380,TOY TIDY SPACEBOY,10,1.85,2010-07-05 10:29:00,United Kingdom,online_retail_II.xlsx,Year 2009-2010,261037,Year 2009-2010:261037
17850,514534,22379,RECYCLING BAG RETROSPOT,10,1.85,2010-07-05 10:29:00,United Kingdom,online_retail_II.xlsx,Year 2009-2010,261038,Year 2009-2010:261038
17850,514534,15056BL,EDWARDIAN PARASOL BLACK,6,4.95,2010-07-05 10:29:00,United Kingdom,online_retail_II.xlsx,Year 2009-2010,261039,Year 2009-2010:261039
17850,514534,22382,LUNCH BAG SPACEBOY DESIGN,6,1.45,2010-07-05 10:29:00,United Kingdom,online_retail_II.xlsx,Year 2009-2010,261040,Year 2009-2010:261040
17850,514534,15056P,EDWARDIAN PARASOL PINK,6,4.95,2010-07-05 10:29:00,United Kingdom,online_retail_II.xlsx,Year 2009-2010,261041,Year 2009-2010:261041
17850,514534,15056N,EDWARDIAN PARASOL NATURAL,6,4.95,2010-07-05 10:29:00,United Kingdom,online_retail_II.xlsx,Year 2009-2010,261042,Year 2009-2010:261042
17850,514534,48111,DOORMAT 3 SMILEY CATS,4,6.35,2010-07-05 10:29:00,United Kingdom,online_retail_II.xlsx,Year 2009-2010,261043,Year 2009-2010:261043
17850,514534,22567,20 DOLLY PEGS RETROSPOT,12,1.06,2010-07-05 10:29:00,United Kingdom,online_retail_II.xlsx,Year 2009-2010,261044,Year 2009-2010:261044
17850,514534,21155,RED SPOTTY PEG BAG,6,1.69,2010-07-05 10:29:00,United Kingdom,online_retail_II.xlsx,Year 2009-2010,261045,Year 2009-2010:261045
17850,514534,84879,ASSORTED COLOUR BIRD ORNAMENT,16,1.45,2010-07-05 10:29:00,United Kingdom,online_retail_II.xlsx,Year 2009-2010,261046,Year 2009-2010:261046
17850,514534,22088,PAPER BUNTING COLOURED LACE,6,2.55,2010-07-05 10:29:00,United Kingdom,online_retail_II.xlsx,Year 2009-2010,261047,Year 2009-2010:261047
17850,514534,21071,VINTAGE BILLBOARD DRINK ME MUG,6,1.06,2010-07-05 10:29:00,United Kingdom,online_retail_II.xlsx,Year 2009-2010,261048,Year 2009-2010:261048
17850,514534,21068,VINTAGE BILLBOARD LOVE/HATE MUG,6,1.06,2010-07-05 10:29:00,United Kingdom,online_retail_II.xlsx,Year 2009-2010,261049,Year 2009-2010:261049
17850,514534,22023,EMPIRE BIRTHDAY CARD,12,0.36,2010-07-05 10:29:00,United Kingdom,online_retail_II.xlsx,Year 2009-2010,261050,Year 2009-2010:261050
17850,514534,21519,GIN & TONIC DIET GREETING CARD,12,0.36,2010-07-05 10:29:00,United Kingdom,online_retail_II.xlsx,Year 2009-2010,261051,Year 2009-2010:261051
17850,514534,21508,VINTAGE KID DOLLY CARD,12,0.36,2010-07-05 10:29:00,United Kingdom,online_retail_II.xlsx,Year 2009-2010,261052,Year 2009-2010:261052
17850,514534,21504,SKULLS GREETING CARD,12,0.36,2010-07-05 10:29:00,United Kingdom,online_retail_II.xlsx,Year 2009-2010,261053,Year 2009-2010:261053
17850,514534,21509,COWBOYS AND INDIANS BIRTHDAY CARD,12,0.36,2010-07-05 10:29:00,United Kingdom,online_retail_II.xlsx,Year 2009-2010,261054,Year 2009-2010:261054
17850,514534,21172,PARTY METAL SIGN,6,1.25,2010-07-05 10:29:00,United Kingdom,online_retail_II.xlsx,Year 2009-2010,261055,Year 2009-2010:261055
17850,514534,21171,BATHROOM METAL SIGN,6,1.25,2010-07-05 10:29:00,United Kingdom,online_retail_II.xlsx,Year 2009-2010,261056,Year 2009-2010:261056
17850,514534,71053,WHITE METAL LANTERN,6,3.39,2010-07-05 10:29:00,United Kingdom,online_retail_II.xlsx,Year 2009-2010,261057,Year 2009-2010:261057
17850,514534,84406B,CREAM CUPID HEARTS COAT HANGER,6,2.75,2010-07-05 10:29:00,United Kingdom,online_retail_II.xlsx,Year 2009-2010,261058,Year 2009-2010:261058
17850,514534,82494L,WOODEN FRAME ANTIQUE WHITE,6,2.55,2010-07-05 10:29:00,United Kingdom,online_retail_II.xlsx,Year 2009-2010,261059,Year 2009-2010:261059
17850,514534,82482,WOODEN PICTURE FRAME WHITE FINISH,6,2.1,2010-07-05 10:29:00,United Kingdom,online_retail_II.xlsx,Year 2009-2010,261060,Year 2009-2010:261060
17850,514534,82483,WOOD 2 DRAWER CABINET WHITE FINISH,4,4.95,2010-07-05 10:29:00,United Kingdom,online_retail_II.xlsx,Year 2009-2010,261061,Year 2009-2010:261061
17850,514534,84665,SQUARE CHERRY BLOSSOM CABINET,2,5.95,2010-07-05 10:29:00,United Kingdom,online_retail_II.xlsx,Year 2009-2010,261062,Year 2009-2010:261062
17850,514540,84665,SQUARE CHERRY BLOSSOM CABINET,2,5.95,2010-07-05 10:42:00,United Kingdom,online_retail_II.xlsx,Year 2009-2010,261079,Year 2009-2010:261079
17850,514540,22088,PAPER BUNTING COLOURED LACE,12,2.55,2010-07-05 10:42:00,United Kingdom,online_retail_II.xlsx,Year 2009-2010,261080,Year 2009-2010:261080
17850,514540,84664,CHERRY BLOSSOM BATHROOM CABINET,3,4.95,2010-07-05 10:42:00,United Kingdom,online_retail_II.xlsx,Year 2009-2010,261081,Year 2009-2010:261081
17850,514540,21071,VINTAGE BILLBOARD DRINK ME MUG,6,1.06,2010-07-05 10:42:00,United Kingdom,online_retail_II.xlsx,Year 2009-2010,261082,Year 2009-2010:261082
17850,514540,21068,VINTAGE BILLBOARD LOVE/HATE MUG,6,1.06,2010-07-05 10:42:00,United Kingdom,online_retail_II.xlsx,Year 2009-2010,261083,Year 2009-2010:261083
17850,514540,22023,EMPIRE BIRTHDAY CARD,12,0.36,2010-07-05 10:42:00,United Kingdom,online_retail_II.xlsx,Year 2009-2010,261084,Year 2009-2010:261084
17850,514540,21519,GIN & TONIC DIET GREETING CARD,12,0.36,2010-07-05 10:42:00,United Kingdom,online_retail_II.xlsx,Year 2009-2010,261085,Year 2009-2010:261085
17850,514540,21508,VINTAGE KID DOLLY CARD,12,0.36,2010-07-05 10:42:00,United Kingdom,online_retail_II.xlsx,Year 2009-2010,261086,Year 2009-2010:261086
17850,514540,21504,SKULLS GREETING CARD,12,0.36,2010-07-05 10:42:00,United Kingdom,online_retail_II.xlsx,Year 2009-2010,261087,Year 2009-2010:261087
17850,514540,21509,COWBOYS AND INDIANS BIRTHDAY CARD,12,0.36,2010-07-05 10:42:00,United Kingdom,online_retail_II.xlsx,Year 2009-2010,261088,Year 2009-2010:261088
17850,514540,21172,PARTY METAL SIGN,6,1.25,2010-07-05 10:42:00,United Kingdom,online_retail_II.xlsx,Year 2009-2010,261089,Year 2009-2010:261089
17850,514540,21171,BATHROOM METAL SIGN,6,1.25,2010-07-05 10:42:00,United Kingdom,online_retail_II.xlsx,Year 2009-2010,261090,Year 2009-2010:261090
17850,514540,71053,WHITE METAL LANTERN,6,3.39,2010-07-05 10:42:00,United Kingdom,online_retail_II.xlsx,Year 2009-2010,261091,Year 2009-2010:261091
17850,514540,84406B,CREAM CUPID HEARTS COAT HANGER,6,2.75,2010-07-05 10:42:00,United Kingdom,online_retail_II.xlsx,Year 2009-2010,261092,Year 2009-2010:261092
17850,514540,82494L,WOODEN FRAME ANTIQUE WHITE,6,2.55,2010-07-05 10:42:00,United Kingdom,online_retail_II.xlsx,Year 2009-2010,261093,Year 2009-2010:261093
17850,514540,82482,WOODEN PICTURE FRAME WHITE FINISH,6,2.1,2010-07-05 10:42:00,United Kingdom,online_retail_II.xlsx,Year 2009-2010,261094,Year 2009-2010:261094
17850,514540,82483,WOOD 2 DRAWER CABINET WHITE FINISH,2,4.95,2010-07-05 10:42:00,United Kingdom,online_retail_II.xlsx,Year 2009-2010,261095,Year 2009-2010:261095
17850,514540,82486,WOOD S/3 CABINET ANT WHITE FINISH,2,6.95,2010-07-05 10:42:00,United Kingdom,online_retail_II.xlsx,Year 2009-2010,261096,Year 2009-2010:261096
17850,514540,22380,TOY TIDY SPACEBOY,10,1.85,2010-07-05 10:42:00,United Kingdom,online_retail_II.xlsx,Year 2009-2010,261097,Year 2009-2010:261097
17850,514540,22379,RECYCLING BAG RETROSPOT,10,1.85,2010-07-05 10:42:00,United Kingdom,online_retail_II.xlsx,Year 2009-2010,261098,Year 2009-2010:261098
17850,514540,15056BL,EDWARDIAN PARASOL BLACK,6,4.95,2010-07-05 10:42:00,United Kingdom,online_retail_II.xlsx,Year 2009-2010,261099,Year 2009-2010:261099
17850,514540,22382,LUNCH BAG SPACEBOY DESIGN,6,1.45,2010-07-05 10:42:00,United Kingdom,online_retail_II.xlsx,Year 2009-2010,261100,Year 2009-2010:261100
17850,514540,15056P,EDWARDIAN PARASOL PINK,6,4.95,2010-07-05 10:42:00,United Kingdom,online_retail_II.xlsx,Year 2009-2010,261101,Year 2009-2010:261101
17850,514540,15056N,EDWARDIAN PARASOL NATURAL,6,4.95,2010-07-05 10:42:00,United Kingdom,online_retail_II.xlsx,Year 2009-2010,261102,Year 2009-2010:261102
17850,514540,48111,DOORMAT 3 SMILEY CATS,2,6.35,2010-07-05 10:42:00,United Kingdom,online_retail_II.xlsx,Year 2009-2010,261103,Year 2009-2010:261103
17850,514540,22660,DOORMAT I LOVE LONDON,2,6.35,2010-07-05 10:42:00,United Kingdom,online_retail_II.xlsx,Year 2009-2010,261104,Year 2009-2010:261104
17850,514540,22567,20 DOLLY PEGS RETROSPOT,24,1.06,2010-07-05 10:42:00,United Kingdom,online_retail_II.xlsx,Year 2009-2010,261105,Year 2009-2010:261105
17850,514540,21155,RED SPOTTY PEG BAG,6,1.69,2010-07-05 10:42:00,United Kingdom,online_retail_II.xlsx,Year 2009-2010,261106,Year 2009-2010:261106
17850,514540,84879,ASSORTED COLOUR BIRD ORNAMENT,16,1.45,2010-07-05 10:42:00,United Kingdom,online_retail_II.xlsx,Year 2009-2010,261107,Year 2009-2010:261107
17850,514545,21071,VINTAGE BILLBOARD DRINK ME MUG,6,1.06,2010-07-05 10:50:00,United Kingdom,online_retail_II.xlsx,Year 2009-2010,261154,Year 2009-2010:261154
17850,514545,21068,VINTAGE BILLBOARD LOVE/HATE MUG,6,1.06,2010-07-05 10:50:00,United Kingdom,online_retail_II.xlsx,Year 2009-2010,261155,Year 2009-2010:261155
17850,514545,22023,EMPIRE BIRTHDAY CARD,12,0.36,2010-07-05 10:50:00,United Kingdom,online_retail_II.xlsx,Year 2009-2010,261156,Year 2009-2010:261156
17850,514545,21519,GIN & TONIC DIET GREETING CARD,12,0.36,2010-07-05 10:50:00,United Kingdom,online_retail_II.xlsx,Year 2009-2010,261157,Year 2009-2010:261157
17850,514545,21508,VINTAGE KID DOLLY CARD,12,0.36,2010-07-05 10:50:00,United Kingdom,online_retail_II.xlsx,Year 2009-2010,261158,Year 2009-2010:261158
17850,514545,21504,SKULLS GREETING CARD,12,0.36,2010-07-05 10:50:00,United Kingdom,online_retail_II.xlsx,Year 2009-2010,261159,Year 2009-2010:261159
17850,514545,21509,COWBOYS AND INDIANS BIRTHDAY CARD,12,0.36,2010-07-05 10:50:00,United Kingdom,online_retail_II.xlsx,Year 2009-2010,261160,Year 2009-2010:261160
17850,514545,21172,PARTY METAL SIGN,12,1.25,2010-07-05 10:50:00,United Kingdom,online_retail_II.xlsx,Year 2009-2010,261161,Year 2009-2010:261161
17850,514545,21171,BATHROOM METAL SIGN,12,1.25,2010-07-05 10:50:00,United Kingdom,online_retail_II.xlsx,Year 2009-2010,261162,Year 2009-2010:261162
17850,514545,71053,WHITE METAL LANTERN,12,3.39,2010-07-05 10:50:00,United Kingdom,online_retail_II.xlsx,Year 2009-2010,261163,Year 2009-2010:261163
17850,514545,84406B,CREAM CUPID HEARTS COAT HANGER,12,2.75,2010-07-05 10:50:00,United Kingdom,online_retail_II.xlsx,Year 2009-2010,261164,Year 2009-2010:261164
17850,514545,15056BL,EDWARDIAN PARASOL BLACK,6,4.95,2010-07-05 10:50:00,United Kingdom,online_retail_II.xlsx,Year 2009-2010,261165,Year 2009-2010:261165
17850,514545,22382,LUNCH BAG SPACEBOY DESIGN,12,1.45,2010-07-05 10:50:00,United Kingdom,online_retail_II.xlsx,Year 2009-2010,261166,Year 2009-2010:261166
17850,514545,15056P,EDWARDIAN PARASOL PINK,6,4.95,2010-07-05 10:50:00,United Kingdom,online_retail_II.xlsx,Year 2009-2010,261167,Year 2009-2010:261167
17850,514545,15056N,EDWARDIAN PARASOL NATURAL,6,4.95,2010-07-05 10:50:00,United Kingdom,online_retail_II.xlsx,Year 2009-2010,261168,Year 2009-2010:261168
17850,514545,48111,DOORMAT 3 SMILEY CATS,4,6.35,2010-07-05 10:50:00,United Kingdom,online_retail_II.xlsx,Year 2009-2010,261169,Year 2009-2010:261169
17850,514545,22660,DOORMAT I LOVE LONDON,4,6.35,2010-07-05 10:50:00,United Kingdom,online_retail_II.xlsx,Year 2009-2010,261170,Year 2009-2010:261170
17850,514545,22567,20 DOLLY PEGS RETROSPOT,24,1.06,2010-07-05 10:50:00,United Kingdom,online_retail_II.xlsx,Year 2009-2010,261171,Year 2009-2010:261171
17850,514545,21155,RED SPOTTY PEG BAG,12,1.69,2010-07-05 10:50:00,United Kingdom,online_retail_II.xlsx,Year 2009-2010,261172,Year 2009-2010:261172
17850,514545,84879,ASSORTED COLOUR BIRD ORNAMENT,32,1.45,2010-07-05 10:50:00,United Kingdom,online_retail_II.xlsx,Year 2009-2010,261173,Year 2009-2010:261173
17850,514545,84665,SQUARE CHERRY BLOSSOM CABINET,4,5.95,2010-07-05 10:50:00,United Kingdom,online_retail_II.xlsx,Year 2009-2010,261174,Year 2009-2010:261174
17850,514545,22088,PAPER BUNTING COLOURED LACE,12,2.55,2010-07-05 10:50:00,United Kingdom,online_retail_II.xlsx,Year 2009-2010,261175,Year 2009-2010:261175
17850,514545,84664,CHERRY BLOSSOM BATHROOM CABINET,4,4.95,2010-07-05 10:50:00,United Kingdom,online_retail_II.xlsx,Year 2009-2010,261176,Year 2009-2010:261176
17850,514545,82494L,WOODEN FRAME ANTIQUE WHITE,6,2.55,2010-07-05 10:50:00,United Kingdom,online_retail_II.xlsx,Year 2009-2010,261180,Year 2009-2010:261180
17850,514545,82482,WOODEN PICTURE FRAME WHITE FINISH,6,2.1,2010-07-05 10:50:00,United Kingdom,online_retail_II.xlsx,Year 2009-2010,261181,Year 2009-2010:261181
17850,514545,82483,WOOD 2 DRAWER CABINET WHITE FINISH,4,4.95,2010-07-05 10:50:00,United Kingdom,online_retail_II.xlsx,Year 2009-2010,261182,Year 2009-2010:261182
17850,514545,82486,WOOD S/3 CABINET ANT WHITE FINISH,4,6.95,2010-07-05 10:50:00,United Kingdom,online_retail_II.xlsx,Year 2009-2010,261183,Year 2009-2010:261183
17850,514545,22380,TOY TIDY SPACEBOY,10,1.85,2010-07-05 10:50:00,United Kingdom,online_retail_II.xlsx,Year 2009-2010,261184,Year 2009-2010:261184
17850,514545,22379,RECYCLING BAG RETROSPOT,10,1.85,2010-07-05 10:50:00,United Kingdom,online_retail_II.xlsx,Year 2009-2010,261185,Year 2009-2010:261185
17850,514555,22088,PAPER BUNTING COLOURED LACE,12,2.55,2010-07-05 11:20:00,United Kingdom,online_retail_II.xlsx,Year 2009-2010,261287,Year 2009-2010:261287
17850,514555,21071,VINTAGE BILLBOARD DRINK ME MUG,6,1.06,2010-07-05 11:20:00,United Kingdom,online_retail_II.xlsx,Year 2009-2010,261288,Year 2009-2010:261288
17850,514555,21068,VINTAGE BILLBOARD LOVE/HATE MUG,6,1.06,2010-07-05 11:20:00,United Kingdom,online_retail_II.xlsx,Year 2009-2010,261289,Year 2009-2010:261289
17850,514555,22023,EMPIRE BIRTHDAY CARD,12,0.36,2010-07-05 11:20:00,United Kingdom,online_retail_II.xlsx,Year 2009-2010,261290,Year 2009-2010:261290
17850,514555,21519,GIN & TONIC DIET GREETING CARD,12,0.36,2010-07-05 11:20:00,United Kingdom,online_retail_II.xlsx,Year 2009-2010,261291,Year 2009-2010:261291
17850,514555,21508,VINTAGE KID DOLLY CARD,12,0.36,2010-07-05 11:20:00,United Kingdom,online_retail_II.xlsx,Year 2009-2010,261292,Year 2009-2010:261292
17850,514555,21504,SKULLS GREETING CARD,12,0.36,2010-07-05 11:20:00,United Kingdom,online_retail_II.xlsx,Year 2009-2010,261293,Year 2009-2010:261293
17850,514555,21509,COWBOYS AND INDIANS BIRTHDAY CARD,12,0.36,2010-07-05 11:20:00,United Kingdom,online_retail_II.xlsx,Year 2009-2010,261294,Year 2009-2010:261294
17850,514555,21172,PARTY METAL SIGN,6,1.25,2010-07-05 11:20:00,United Kingdom,online_retail_II.xlsx,Year 2009-2010,261295,Year 2009-2010:261295
17850,514555,21171,BATHROOM METAL SIGN,6,1.25,2010-07-05 11:20:00,United Kingdom,online_retail_II.xlsx,Year 2009-2010,261296,Year 2009-2010:261296
17850,514555,21165,BEWARE OF THE CAT METAL SIGN,6,1.45,2010-07-05 11:20:00,United Kingdom,online_retail_II.xlsx,Year 2009-2010,261297,Year 2009-2010:261297
17850,514555,71053,WHITE METAL LANTERN,6,3.39,2010-07-05 11:20:00,United Kingdom,online_retail_II.xlsx,Year 2009-2010,261298,Year 2009-2010:261298
17850,514555,84406B,CREAM CUPID HEARTS COAT HANGER,6,2.75,2010-07-05 11:20:00,United Kingdom,online_retail_II.xlsx,Year 2009-2010,261299,Year 2009-2010:261299
17850,514555,82494L,WOODEN FRAME ANTIQUE WHITE,6,2.55,2010-07-05 11:20:00,United Kingdom,online_retail_II.xlsx,Year 2009-2010,261300,Year 2009-2010:261300
17850,514555,82482,WOODEN PICTURE FRAME WHITE FINISH,6,2.1,2010-07-05 11:20:00,United Kingdom,online_retail_II.xlsx,Year 2009-2010,261301,Year 2009-2010:261301
17850,514555,82483,WOOD 2 DRAWER CABINET WHITE FINISH,4,4.95,2010-07-05 11:20:00,United Kingdom,online_retail_II.xlsx,Year 2009-2010,261302,Year 2009-2010:261302
17850,514555,82486,WOOD S/3 CABINET ANT WHITE FINISH,4,6.95,2010-07-05 11:20:00,United Kingdom,online_retail_II.xlsx,Year 2009-2010,261303,Year 2009-2010:261303
17850,514555,22380,TOY TIDY SPACEBOY,10,1.85,2010-07-05 11:20:00,United Kingdom,online_retail_II.xlsx,Year 2009-2010,261304,Year 2009-2010:261304
17850,514555,22379,RECYCLING BAG RETROSPOT,10,1.85,2010-07-05 11:20:00,United Kingdom,online_retail_II.xlsx,Year 2009-2010,261305,Year 2009-2010:261305
17850,514555,15056BL,EDWARDIAN PARASOL BLACK,6,4.95,2010-07-05 11:20:00,United Kingdom,online_retail_II.xlsx,Year 2009-2010,261306,Year 2009-2010:261306
17850,514555,22382,LUNCH BAG SPACEBOY DESIGN,6,1.45,2010-07-05 11:20:00,United Kingdom,online_retail_II.xlsx,Year 2009-2010,261307,Year 2009-2010:261307
17850,514555,15056P,EDWARDIAN PARASOL PINK,6,4.95,2010-07-05 11:20:00,United Kingdom,online_retail_II.xlsx,Year 2009-2010,261308,Year 2009-2010:261308
17850,514555,15056N,EDWARDIAN PARASOL NATURAL,6,4.95,2010-07-05 11:20:00,United Kingdom,online_retail_II.xlsx,Year 2009-2010,261309,Year 2009-2010:261309
17850,514555,48111,DOORMAT 3 SMILEY CATS,2,6.35,2010-07-05 11:20:00,United Kingdom,online_retail_II.xlsx,Year 2009-2010,261310,Year 2009-2010:261310
17850,514555,22660,DOORMAT I LOVE LONDON,2,6.35,2010-07-05 11:20:00,United Kingdom,online_retail_II.xlsx,Year 2009-2010,261311,Year 2009-2010:261311
17850,514555,22567,20 DOLLY PEGS RETROSPOT,12,1.06,2010-07-05 11:20:00,United Kingdom,online_retail_II.xlsx,Year 2009-2010,261312,Year 2009-2010:261312
17850,514555,21155,RED SPOTTY PEG BAG,6,1.69,2010-07-05 11:20:00,United Kingdom,online_retail_II.xlsx,Year 2009-2010,261313,Year 2009-2010:261313
17850,514555,84879,ASSORTED COLOUR BIRD ORNAMENT,16,1.45,2010-07-05 11:20:00,United Kingdom,online_retail_II.xlsx,Year 2009-2010,261314,Year 2009-2010:261314
17850,514556,84665,SQUARE CHERRY BLOSSOM CABINET,4,5.95,2010-07-05 11:26:00,United Kingdom,online_retail_II.xlsx,Year 2009-2010,261315,Year 2009-2010:261315
17850,514556,22088,PAPER BUNTING COLOURED LACE,12,2.55,2010-07-05 11:26:00,United Kingdom,online_retail_II.xlsx,Year 2009-2010,261316,Year 2009-2010:261316
17850,514556,84664,CHERRY BLOSSOM BATHROOM CABINET,2,4.95,2010-07-05 11:26:00,United Kingdom,online_retail_II.xlsx,Year 2009-2010,261317,Year 2009-2010:261317
17850,514556,21166,COOK WITH WINE METAL SIGN,12,1.95,2010-07-05 11:26:00,United Kingdom,online_retail_II.xlsx,Year 2009-2010,261318,Year 2009-2010:261318
17850,514556,21071,VINTAGE BILLBOARD DRINK ME MUG,12,1.06,2010-07-05 11:26:00,United Kingdom,online_retail_II.xlsx,Year 2009-2010,261319,Year 2009-2010:261319
17850,514556,21068,VINTAGE BILLBOARD LOVE/HATE MUG,12,1.06,2010-07-05 11:26:00,United Kingdom,online_retail_II.xlsx,Year 2009-2010,261320,Year 2009-2010:261320
17850,514556,22023,EMPIRE BIRTHDAY CARD,12,0.36,2010-07-05 11:26:00,United Kingdom,online_retail_II.xlsx,Year 2009-2010,261321,Year 2009-2010:261321
17850,514556,21519,GIN & TONIC DIET GREETING CARD,12,0.36,2010-07-05 11:26:00,United Kingdom,online_retail_II.xlsx,Year 2009-2010,261322,Year 2009-2010:261322
17850,514556,21508,VINTAGE KID DOLLY CARD,12,0.36,2010-07-05 11:26:00,United Kingdom,online_retail_II.xlsx,Year 2009-2010,261323,Year 2009-2010:261323
17850,514556,21504,SKULLS GREETING CARD,12,0.36,2010-07-05 11:26:00,United Kingdom,online_retail_II.xlsx,Year 2009-2010,261324,Year 2009-2010:261324
17850,514556,21509,COWBOYS AND INDIANS BIRTHDAY CARD,12,0.36,2010-07-05 11:26:00,United Kingdom,online_retail_II.xlsx,Year 2009-2010,261325,Year 2009-2010:261325
17850,514556,21172,PARTY METAL SIGN,12,1.25,2010-07-05 11:26:00,United Kingdom,online_retail_II.xlsx,Year 2009-2010,261326,Year 2009-2010:261326
17850,514556,21171,BATHROOM METAL SIGN,12,1.25,2010-07-05 11:26:00,United Kingdom,online_retail_II.xlsx,Year 2009-2010,261327,Year 2009-2010:261327
17850,514556,71053,WHITE METAL LANTERN,12,3.39,2010-07-05 11:26:00,United Kingdom,online_retail_II.xlsx,Year 2009-2010,261328,Year 2009-2010:261328
17850,514556,84406B,CREAM CUPID HEARTS COAT HANGER,6,2.75,2010-07-05 11:26:00,United Kingdom,online_retail_II.xlsx,Year 2009-2010,261329,Year 2009-2010:261329
17850,514556,82494L,WOODEN FRAME ANTIQUE WHITE,6,2.55,2010-07-05 11:26:00,United Kingdom,online_retail_II.xlsx,Year 2009-2010,261330,Year 2009-2010:261330
17850,514556,82482,WOODEN PICTURE FRAME WHITE FINISH,6,2.1,2010-07-05 11:26:00,United Kingdom,online_retail_II.xlsx,Year 2009-2010,261331,Year 2009-2010:261331
17850,514556,82483,WOOD 2 DRAWER CABINET WHITE FINISH,4,4.95,2010-07-05 11:26:00,United Kingdom,online_retail_II.xlsx,Year 2009-2010,261332,Year 2009-2010:261332
17850,514556,82486,WOOD S/3 CABINET ANT WHITE FINISH,4,6.95,2010-07-05 11:26:00,United Kingdom,online_retail_II.xlsx,Year 2009-2010,261333,Year 2009-2010:261333
17850,514556,22380,TOY TIDY SPACEBOY,10,1.85,2010-07-05 11:26:00,United Kingdom,online_retail_II.xlsx,Year 2009-2010,261334,Year 2009-2010:261334
17850,514556,22379,RECYCLING BAG RETROSPOT,10,1.85,2010-07-05 11:26:00,United Kingdom,online_retail_II.xlsx,Year 2009-2010,261335,Year 2009-2010:261335
17850,514556,15056BL,EDWARDIAN PARASOL BLACK,6,4.95,2010-07-05 11:26:00,United Kingdom,online_retail_II.xlsx,Year 2009-2010,261336,Year 2009-2010:261336
17850,514556,22382,LUNCH BAG SPACEBOY DESIGN,6,1.45,2010-07-05 11:26:00,United Kingdom,online_retail_II.xlsx,Year 2009-2010,261337,Year 2009-2010:261337
17850,514556,15056P,EDWARDIAN PARASOL PINK,6,4.95,2010-07-05 11:26:00,United Kingdom,online_retail_II.xlsx,Year 2009-2010,261338,Year 2009-2010:261338
17850,514556,15056N,EDWARDIAN PARASOL NATURAL,6,4.95,2010-07-05 11:26:00,United Kingdom,online_retail_II.xlsx,Year 2009-2010,261339,Year 2009-2010:261339
17850,514556,48111,DOORMAT 3 SMILEY CATS,4,6.35,2010-07-05 11:26:00,United Kingdom,online_retail_II.xlsx,Year 2009-2010,261340,Year 2009-2010:261340
17850,514556,22660,DOORMAT I LOVE LONDON,4,6.35,2010-07-05 11:26:00,United Kingdom,online_retail_II.xlsx,Year 2009-2010,261341,Year 2009-2010:261341
17850,514556,22567,20 DOLLY PEGS RETROSPOT,24,1.06,2010-07-05 11:26:00,United Kingdom,online_retail_II.xlsx,Year 2009-2010,261342,Year 2009-2010:261342
17850,514556,21155,RED SPOTTY PEG BAG,6,1.69,2010-07-05 11:26:00,United Kingdom,online_retail_II.xlsx,Year 2009-2010,261343,Year 2009-2010:261343
17850,514556,84879,ASSORTED COLOUR BIRD ORNAMENT,32,1.45,2010-07-05 11:26:00,United Kingdom,online_retail_II.xlsx,Year 2009-2010,261344,Year 2009-2010:261344
17850,514558,71053,WHITE METAL LANTERN,6,3.39,2010-07-05 11:38:00,United Kingdom,online_retail_II.xlsx,Year 2009-2010,261346,Year 2009-2010:261346
17850,514558,84406B,CREAM CUPID HEARTS COAT HANGER,6,2.75,2010-07-05 11:38:00,United Kingdom,online_retail_II.xlsx,Year 2009-2010,261347,Year 2009-2010:261347
17850,514558,82494L,WOODEN FRAME ANTIQUE WHITE,6,2.55,2010-07-05 11:38:00,United Kingdom,online_retail_II.xlsx,Year 2009-2010,261348,Year 2009-2010:261348
17850,514558,82482,WOODEN PICTURE FRAME WHITE FINISH,6,2.1,2010-07-05 11:38:00,United Kingdom,online_retail_II.xlsx,Year 2009-2010,261349,Year 2009-2010:261349
17850,514558,82483,WOOD 2 DRAWER CABINET WHITE FINISH,2,4.95,2010-07-05 11:38:00,United Kingdom,online_retail_II.xlsx,Year 2009-2010,261350,Year 2009-2010:261350
17850,514558,82486,WOOD S/3 CABINET ANT WHITE FINISH,2,6.95,2010-07-05 11:38:00,United Kingdom,online_retail_II.xlsx,Year 2009-2010,261351,Year 2009-2010:261351
17850,514558,22380,TOY TIDY SPACEBOY,5,1.85,2010-07-05 11:38:00,United Kingdom,online_retail_II.xlsx,Year 2009-2010,261352,Year 2009-2010:261352
17850,514558,22379,RECYCLING BAG RETROSPOT,5,1.85,2010-07-05 11:38:00,United Kingdom,online_retail_II.xlsx,Year 2009-2010,261353,Year 2009-2010:261353
17850,514558,15056BL,EDWARDIAN PARASOL BLACK,4,4.95,2010-07-05 11:38:00,United Kingdom,online_retail_II.xlsx,Year 2009-2010,261354,Year 2009-2010:261354
17850,514558,22382,LUNCH BAG SPACEBOY DESIGN,6,1.45,2010-07-05 11:38:00,United Kingdom,online_retail_II.xlsx,Year 2009-2010,261355,Year 2009-2010:261355
17850,514558,15056P,EDWARDIAN PARASOL PINK,4,4.95,2010-07-05 11:38:00,United Kingdom,online_retail_II.xlsx,Year 2009-2010,261356,Year 2009-2010:261356
17850,514558,15056N,EDWARDIAN PARASOL NATURAL,4,4.95,2010-07-05 11:38:00,United Kingdom,online_retail_II.xlsx,Year 2009-2010,261357,Year 2009-2010:261357
17850,514558,48111,DOORMAT 3 SMILEY CATS,2,6.35,2010-07-05 11:38:00,United Kingdom,online_retail_II.xlsx,Year 2009-2010,261358,Year 2009-2010:261358
17850,514558,22567,20 DOLLY PEGS RETROSPOT,12,1.06,2010-07-05 11:38:00,United Kingdom,online_retail_II.xlsx,Year 2009-2010,261359,Year 2009-2010:261359
17850,514558,22088,PAPER BUNTING COLOURED LACE,6,2.55,2010-07-05 11:38:00,United Kingdom,online_retail_II.xlsx,Year 2009-2010,261360,Year 2009-2010:261360
17850,514558,21166,COOK WITH WINE METAL SIGN,6,1.95,2010-07-05 11:38:00,United Kingdom,online_retail_II.xlsx,Year 2009-2010,261361,Year 2009-2010:261361
17850,514558,21071,VINTAGE BILLBOARD DRINK ME MUG,6,1.06,2010-07-05 11:38:00,United Kingdom,online_retail_II.xlsx,Year 2009-2010,261362,Year 2009-2010:261362
17850,514558,22660,DOORMAT I LOVE LONDON,2,6.35,2010-07-05 11:38:00,United Kingdom,online_retail_II.xlsx,Year 2009-2010,261363,Year 2009-2010:261363
17850,514558,21068,VINTAGE BILLBOARD LOVE/HATE MUG,6,1.06,2010-07-05 11:38:00,United Kingdom,online_retail_II.xlsx,Year 2009-2010,261364,Year 2009-2010:261364
17850,514558,22023,EMPIRE BIRTHDAY CARD,12,0.36,2010-07-05 11:38:00,United Kingdom,online_retail_II.xlsx,Year 2009-2010,261365,Year 2009-2010:261365
17850,514558,21519,GIN & TONIC DIET GREETING CARD,12,0.36,2010-07-05 11:38:00,United Kingdom,online_retail_II.xlsx,Year 2009-2010,261366,Year 2009-2010:261366
17850,514558,21508,VINTAGE KID DOLLY CARD,12,0.36,2010-07-05 11:38:00,United Kingdom,online_retail_II.xlsx,Year 2009-2010,261367,Year 2009-2010:261367
17850,514558,21504,SKULLS GREETING CARD,12,0.36,2010-07-05 11:38:00,United Kingdom,online_retail_II.xlsx,Year 2009-2010,261368,Year 2009-2010:261368
17850,514558,21509,COWBOYS AND INDIANS BIRTHDAY CARD,12,0.36,2010-07-05 11:38:00,United Kingdom,online_retail_II.xlsx,Year 2009-2010,261369,Year 2009-2010:261369
17850,514558,21172,PARTY METAL SIGN,6,1.25,2010-07-05 11:38:00,United Kingdom,online_retail_II.xlsx,Year 2009-2010,261370,Year 2009-2010:261370
17850,514558,21171,BATHROOM METAL SIGN,6,1.25,2010-07-05 11:38:00,United Kingdom,online_retail_II.xlsx,Year 2009-2010,261371,Year 2009-2010:261371
17850,514559,15056P,EDWARDIAN PARASOL PINK,6,4.95,2010-07-05 11:39:00,United Kingdom,online_retail_II.xlsx,Year 2009-2010,261373,Year 2009-2010:261373
17850,514559,15056N,EDWARDIAN PARASOL NATURAL,6,4.95,2010-07-05 11:39:00,United Kingdom,online_retail_II.xlsx,Year 2009-2010,261374,Year 2009-2010:261374
17850,514559,48111,DOORMAT 3 SMILEY CATS,4,6.35,2010-07-05 11:39:00,United Kingdom,online_retail_II.xlsx,Year 2009-2010,261375,Year 2009-2010:261375
17850,514559,22660,DOORMAT I LOVE LONDON,4,6.35,2010-07-05 11:39:00,United Kingdom,online_retail_II.xlsx,Year 2009-2010,261376,Year 2009-2010:261376
17850,514559,22567,20 DOLLY PEGS RETROSPOT,18,1.06,2010-07-05 11:39:00,United Kingdom,online_retail_II.xlsx,Year 2009-2010,261377,Year 2009-2010:261377
17850,514559,21155,RED SPOTTY PEG BAG,5,2.1,2010-07-05 11:39:00,United Kingdom,online_retail_II.xlsx,Year 2009-2010,261378,Year 2009-2010:261378
17850,514559,84879,ASSORTED COLOUR BIRD ORNAMENT,16,1.45,2010-07-05 11:39:00,United Kingdom,online_retail_II.xlsx,Year 2009-2010,261379,Year 2009-2010:261379
17850,514559,84665,SQUARE CHERRY BLOSSOM CABINET,2,5.95,2010-07-05 11:39:00,United Kingdom,online_retail_II.xlsx,Year 2009-2010,261380,Year 2009-2010:261380
17850,514559,22088,PAPER BUNTING COLOURED LACE,6,2.55,2010-07-05 11:39:00,United Kingdom,online_retail_II.xlsx,Year 2009-2010,261381,Year 2009-2010:261381
17850,514559,84664,CHERRY BLOSSOM BATHROOM CABINET,3,4.95,2010-07-05 11:39:00,United Kingdom,online_retail_II.xlsx,Year 2009-2010,261382,Year 2009-2010:261382
17850,514559,21071,VINTAGE BILLBOARD DRINK ME MUG,12,1.06,2010-07-05 11:39:00,United Kingdom,online_retail_II.xlsx,Year 2009-2010,261383,Year 2009-2010:261383
17850,514559,82483,WOOD 2 DRAWER CABINET WHITE FINISH,4,4.95,2010-07-05 11:39:00,United Kingdom,online_retail_II.xlsx,Year 2009-2010,261384,Year 2009-2010:261384
17850,514559,82486,WOOD S/3 CABINET ANT WHITE FINISH,4,6.95,2010-07-05 11:39:00,United Kingdom,online_retail_II.xlsx,Year 2009-2010,261385,Year 2009-2010:261385
17850,514559,22380,TOY TIDY SPACEBOY,10,1.85,2010-07-05 11:39:00,United Kingdom,online_retail_II.xlsx,Year 2009-2010,261386,Year 2009-2010:261386
17850,514559,22379,RECYCLING BAG RETROSPOT,10,1.85,2010-07-05 11:39:00,United Kingdom,online_retail_II.xlsx,Year 2009-2010,261387,Year 2009-2010:261387
17850,514559,15056BL,EDWARDIAN PARASOL BLACK,6,4.95,2010-07-05 11:39:00,United Kingdom,online_retail_II.xlsx,Year 2009-2010,261388,Year 2009-2010:261388
17850,514559,22382,LUNCH BAG SPACEBOY DESIGN,6,1.45,2010-07-05 11:39:00,United Kingdom,online_retail_II.xlsx,Year 2009-2010,261389,Year 2009-2010:261389
17850,514559,21068,VINTAGE BILLBOARD LOVE/HATE MUG,12,1.06,2010-07-05 11:39:00,United Kingdom,online_retail_II.xlsx,Year 2009-2010,261390,Year 2009-2010:261390
17850,514559,22023,EMPIRE BIRTHDAY CARD,12,0.36,2010-07-05 11:39:00,United Kingdom,online_retail_II.xlsx,Year 2009-2010,261391,Year 2009-2010:261391
17850,514559,21519,GIN & TONIC DIET GREETING CARD,12,0.36,2010-07-05 11:39:00,United Kingdom,online_retail_II.xlsx,Year 2009-2010,261392,Year 2009-2010:261392
17850,514559,21508,VINTAGE KID DOLLY CARD,12,0.36,2010-07-05 11:39:00,United Kingdom,online_retail_II.xlsx,Year 2009-2010,261393,Year 2009-2010:261393
17850,514559,21504,SKULLS GREETING CARD,12,0.36,2010-07-05 11:39:00,United Kingdom,online_retail_II.xlsx,Year 2009-2010,261394,Year 2009-2010:261394
17850,514559,21509,COWBOYS AND INDIANS BIRTHDAY CARD,12,0.36,2010-07-05 11:39:00,United Kingdom,online_retail_II.xlsx,Year 2009-2010,261395,Year 2009-2010:261395
17850,514559,21172,PARTY METAL SIGN,12,1.25,2010-07-05 11:39:00,United Kingdom,online_retail_II.xlsx,Year 2009-2010,261396,Year 2009-2010:261396
17850,514559,21171,BATHROOM METAL SIGN,12,1.25,2010-07-05 11:39:00,United Kingdom,online_retail_II.xlsx,Year 2009-2010,261397,Year 2009-2010:261397
17850,514559,71053,WHITE METAL LANTERN,6,3.39,2010-07-05 11:39:00,United Kingdom,online_retail_II.xlsx,Year 2009-2010,261398,Year 2009-2010:261398
17850,514559,84406B,CREAM CUPID HEARTS COAT HANGER,6,2.75,2010-07-05 11:39:00,United Kingdom,online_retail_II.xlsx,Year 2009-2010,261399,Year 2009-2010:261399
17850,514559,82494L,WOODEN FRAME ANTIQUE WHITE,6,2.55,2010-07-05 11:39:00,United Kingdom,online_retail_II.xlsx,Year 2009-2010,261400,Year 2009-2010:261400
17850,514559,82482,WOODEN PICTURE FRAME WHITE FINISH,6,2.1,2010-07-05 11:39:00,United Kingdom,online_retail_II.xlsx,Year 2009-2010,261401,Year 2009-2010:261401
17850,514565,71053,WHITE METAL LANTERN,4,3.39,2010-07-05 11:54:00,United Kingdom,online_retail_II.xlsx,Year 2009-2010,261448,Year 2009-2010:261448
17850,514565,84406B,CREAM CUPID HEARTS COAT HANGER,6,2.75,2010-07-05 11:54:00,United Kingdom,online_retail_II.xlsx,Year 2009-2010,261449,Year 2009-2010:261449
17850,514565,82494L,WOODEN FRAME ANTIQUE WHITE,6,2.55,2010-07-05 11:54:00,United Kingdom,online_retail_II.xlsx,Year 2009-2010,261450,Year 2009-2010:261450
17850,514565,82482,WOODEN PICTURE FRAME WHITE FINISH,6,2.1,2010-07-05 11:54:00,United Kingdom,online_retail_II.xlsx,Year 2009-2010,261451,Year 2009-2010:261451
17850,514565,82483,WOOD 2 DRAWER CABINET WHITE FINISH,2,4.95,2010-07-05 11:54:00,United Kingdom,online_retail_II.xlsx,Year 2009-2010,261452,Year 2009-2010:261452
17850,514565,82486,WOOD S/3 CABINET ANT WHITE FINISH,2,6.95,2010-07-05 11:54:00,United Kingdom,online_retail_II.xlsx,Year 2009-2010,261453,Year 2009-2010:261453
17850,514565,22380,TOY TIDY SPACEBOY,10,1.85,2010-07-05 11:54:00,United Kingdom,online_retail_II.xlsx,Year 2009-2010,261454,Year 2009-2010:261454
17850,514565,22379,RECYCLING BAG RETROSPOT,10,1.85,2010-07-05 11:54:00,United Kingdom,online_retail_II.xlsx,Year 2009-2010,261455,Year 2009-2010:261455
17850,514565,22382,LUNCH BAG SPACEBOY DESIGN,6,1.45,2010-07-05 11:54:00,United Kingdom,online_retail_II.xlsx,Year 2009-2010,261456,Year 2009-2010:261456
17850,514565,15056N,EDWARDIAN PARASOL NATURAL,6,4.95,2010-07-05 11:54:00,United Kingdom,online_retail_II.xlsx,Year 2009-2010,261457,Year 2009-2010:261457
17850,514565,48111,DOORMAT 3 SMILEY CATS,2,6.35,2010-07-05 11:54:00,United Kingdom,online_retail_II.xlsx,Year 2009-2010,261458,Year 2009-2010:261458
17850,514565,22660,DOORMAT I LOVE LONDON,2,6.35,2010-07-05 11:54:00,United Kingdom,online_retail_II.xlsx,Year 2009-2010,261459,Year 2009-2010:261459
17850,514565,22567,20 DOLLY PEGS RETROSPOT,12,1.06,2010-07-05 11:54:00,United Kingdom,online_retail_II.xlsx,Year 2009-2010,261460,Year 2009-2010:261460
17850,514565,84879,ASSORTED COLOUR BIRD ORNAMENT,16,1.45,2010-07-05 11:54:00,United Kingdom,online_retail_II.xlsx,Year 2009-2010,261461,Year 2009-2010:261461
17850,514565,22088,PAPER BUNTING COLOURED LACE,6,2.55,2010-07-05 11:54:00,United Kingdom,online_retail_II.xlsx,Year 2009-2010,261462,Year 2009-2010:261462
17850,514565,84664,CHERRY BLOSSOM BATHROOM CABINET,2,4.95,2010-07-05 11:54:00,United Kingdom,online_retail_II.xlsx,Year 2009-2010,261463,Year 2009-2010:261463
17850,514565,21071,VINTAGE BILLBOARD DRINK ME MUG,6,1.06,2010-07-05 11:54:00,United Kingdom,online_retail_II.xlsx,Year 2009-2010,261464,Year 2009-2010:261464
17850,514565,21068,VINTAGE BILLBOARD LOVE/HATE MUG,6,1.06,2010-07-05 11:54:00,United Kingdom,online_retail_II.xlsx,Year 2009-2010,261465,Year 2009-2010:261465
17850,514565,22023,EMPIRE BIRTHDAY CARD,12,0.36,2010-07-05 11:54:00,United Kingdom,online_retail_II.xlsx,Year 2009-2010,261466,Year 2009-2010:261466
17850,514565,21519,GIN & TONIC DIET GREETING CARD,12,0.36,2010-07-05 11:54:00,United Kingdom,online_retail_II.xlsx,Year 2009-2010,261467,Year 2009-2010:261467
17850,514565,21508,VINTAGE KID DOLLY CARD,12,0.36,2010-07-05 11:54:00,United Kingdom,online_retail_II.xlsx,Year 2009-2010,261468,Year 2009-2010:261468
17850,514565,21504,SKULLS GREETING CARD,12,0.36,2010-07-05 11:54:00,United Kingdom,online_retail_II.xlsx,Year 2009-2010,261469,Year 2009-2010:261469
17850,514565,21509,COWBOYS AND INDIANS BIRTHDAY CARD,12,0.36,2010-07-05 11:54:00,United Kingdom,online_retail_II.xlsx,Year 2009-2010,261470,Year 2009-2010:261470
17850,514565,21172,PARTY METAL SIGN,6,1.25,2010-07-05 11:54:00,United Kingdom,online_retail_II.xlsx,Year 2009-2010,261471,Year 2009-2010:261471
17850,514565,21171,BATHROOM METAL SIGN,6,1.25,2010-07-05 11:54:00,United Kingdom,online_retail_II.xlsx,Year 2009-2010,261472,Year 2009-2010:261472
17850,514600,21519,GIN & TONIC DIET GREETING CARD,12,0.36,2010-07-05 12:15:00,United Kingdom,online_retail_II.xlsx,Year 2009-2010,261510,Year 2009-2010:261510
17850,514600,21508,VINTAGE KID DOLLY CARD,12,0.36,2010-07-05 12:15:00,United Kingdom,online_retail_II.xlsx,Year 2009-2010,261511,Year 2009-2010:261511
17850,514600,21504,SKULLS GREETING CARD,12,0.36,2010-07-05 12:15:00,United Kingdom,online_retail_II.xlsx,Year 2009-2010,261512,Year 2009-2010:261512
17850,514600,21509,COWBOYS AND INDIANS BIRTHDAY CARD,12,0.36,2010-07-05 12:15:00,United Kingdom,online_retail_II.xlsx,Year 2009-2010,261513,Year 2009-2010:261513
17850,514600,21172,PARTY METAL SIGN,12,1.25,2010-07-05 12:15:00,United Kingdom,online_retail_II.xlsx,Year 2009-2010,261514,Year 2009-2010:261514
17850,514600,21171,BATHROOM METAL SIGN,12,1.25,2010-07-05 12:15:00,United Kingdom,online_retail_II.xlsx,Year 2009-2010,261515,Year 2009-2010:261515
17850,514600,71053,WHITE METAL LANTERN,6,3.39,2010-07-05 12:15:00,United Kingdom,online_retail_II.xlsx,Year 2009-2010,261516,Year 2009-2010:261516
17850,514600,84406B,CREAM CUPID HEARTS COAT HANGER,12,2.75,2010-07-05 12:15:00,United Kingdom,online_retail_II.xlsx,Year 2009-2010,261517,Year 2009-2010:261517
17850,514600,82494L,WOODEN FRAME ANTIQUE WHITE,6,2.55,2010-07-05 12:15:00,United Kingdom,online_retail_II.xlsx,Year 2009-2010,261518,Year 2009-2010:261518
17850,514600,82482,WOODEN PICTURE FRAME WHITE FINISH,6,2.1,2010-07-05 12:15:00,United Kingdom,online_retail_II.xlsx,Year 2009-2010,261519,Year 2009-2010:261519
17850,514600,82483,WOOD 2 DRAWER CABINET WHITE FINISH,4,4.95,2010-07-05 12:15:00,United Kingdom,online_retail_II.xlsx,Year 2009-2010,261520,Year 2009-2010:261520
17850,514600,82486,WOOD S/3 CABINET ANT WHITE FINISH,4,6.95,2010-07-05 12:15:00,United Kingdom,online_retail_II.xlsx,Year 2009-2010,261521,Year 2009-2010:261521
17850,514600,22380,TOY TIDY SPACEBOY,10,1.85,2010-07-05 12:15:00,United Kingdom,online_retail_II.xlsx,Year 2009-2010,261522,Year 2009-2010:261522
17850,514600,22379,RECYCLING BAG RETROSPOT,10,1.85,2010-07-05 12:15:00,United Kingdom,online_retail_II.xlsx,Year 2009-2010,261523,Year 2009-2010:261523
17850,514600,15056BL,EDWARDIAN PARASOL BLACK,6,4.95,2010-07-05 12:15:00,United Kingdom,online_retail_II.xlsx,Year 2009-2010,261524,Year 2009-2010:261524
17850,514600,22382,LUNCH BAG SPACEBOY DESIGN,12,1.45,2010-07-05 12:15:00,United Kingdom,online_retail_II.xlsx,Year 2009-2010,261525,Year 2009-2010:261525
17850,514600,15056P,EDWARDIAN PARASOL PINK,6,4.95,2010-07-05 12:15:00,United Kingdom,online_retail_II.xlsx,Year 2009-2010,261526,Year 2009-2010:261526
17850,514600,15056N,EDWARDIAN PARASOL NATURAL,6,4.95,2010-07-05 12:15:00,United Kingdom,online_retail_II.xlsx,Year 2009-2010,261527,Year 2009-2010:261527
17850,514600,48111,DOORMAT 3 SMILEY CATS,4,6.35,2010-07-05 12:15:00,United Kingdom,online_retail_II.xlsx,Year 2009-2010,261528,Year 2009-2010:261528
17850,514600,22660,DOORMAT I LOVE LONDON,4,6.35,2010-07-05 12:15:00,United Kingdom,online_retail_II.xlsx,Year 2009-2010,261529,Year 2009-2010:261529
17850,514600,22567,20 DOLLY PEGS RETROSPOT,24,1.06,2010-07-05 12:15:00,United Kingdom,online_retail_II.xlsx,Year 2009-2010,261530,Year 2009-2010:261530
17850,514600,21155,RED SPOTTY PEG BAG,12,1.69,2010-07-05 12:15:00,United Kingdom,online_retail_II.xlsx,Year 2009-2010,261531,Year 2009-2010:261531
17850,514600,84879,ASSORTED COLOUR BIRD ORNAMENT,32,1.45,2010-07-05 12:15:00,United Kingdom,online_retail_II.xlsx,Year 2009-2010,261532,Year 2009-2010:261532
17850,514600,84665,SQUARE CHERRY BLOSSOM CABINET,4,5.95,2010-07-05 12:15:00,United Kingdom,online_retail_II.xlsx,Year 2009-2010,261533,Year 2009-2010:261533
17850,514600,22088,PAPER BUNTING COLOURED LACE,12,2.55,2010-07-05 12:15:00,United Kingdom,online_retail_II.xlsx,Year 2009-2010,261534,Year 2009-2010:261534
17850,514600,84664,CHERRY BLOSSOM BATHROOM CABINET,4,4.95,2010-07-05 12:15:00,United Kingdom,online_retail_II.xlsx,Year 2009-2010,261535,Year 2009-2010:261535
17850,514600,21071,VINTAGE BILLBOARD DRINK ME MUG,6,1.06,2010-07-05 12:15:00,United Kingdom,online_retail_II.xlsx,Year 2009-2010,261536,Year 2009-2010:261536
17850,514600,21068,VINTAGE BILLBOARD LOVE/HATE MUG,6,1.06,2010-07-05 12:15:00,United Kingdom,online_retail_II.xlsx,Year 2009-2010,261537,Year 2009-2010:261537
17850,514600,22023,EMPIRE BIRTHDAY CARD,12,0.36,2010-07-05 12:15:00,United Kingdom,online_retail_II.xlsx,Year 2009-2010,261538,Year 2009-2010:261538
17850,514601,15056P,EDWARDIAN PARASOL PINK,6,4.95,2010-07-05 12:16:00,United Kingdom,online_retail_II.xlsx,Year 2009-2010,261539,Year 2009-2010:261539
17850,514601,15056N,EDWARDIAN PARASOL NATURAL,6,4.95,2010-07-05 12:16:00,United Kingdom,online_retail_II.xlsx,Year 2009-2010,261540,Year 2009-2010:261540
17850,514601,48111,DOORMAT 3 SMILEY CATS,2,6.35,2010-07-05 12:16:00,United Kingdom,online_retail_II.xlsx,Year 2009-2010,261541,Year 2009-2010:261541
17850,514601,22567,20 DOLLY PEGS RETROSPOT,12,1.06,2010-07-05 12:16:00,United Kingdom,online_retail_II.xlsx,Year 2009-2010,261542,Year 2009-2010:261542
17850,514601,84879,ASSORTED COLOUR BIRD ORNAMENT,16,1.45,2010-07-05 12:16:00,United Kingdom,online_retail_II.xlsx,Year 2009-2010,261543,Year 2009-2010:261543
17850,514601,82482,WOODEN PICTURE FRAME WHITE FINISH,6,2.1,2010-07-05 12:16:00,United Kingdom,online_retail_II.xlsx,Year 2009-2010,261544,Year 2009-2010:261544
17850,514601,82483,WOOD 2 DRAWER CABINET WHITE FINISH,4,4.95,2010-07-05 12:16:00,United Kingdom,online_retail_II.xlsx,Year 2009-2010,261545,Year 2009-2010:261545
17850,514601,84665,SQUARE CHERRY BLOSSOM CABINET,2,5.95,2010-07-05 12:16:00,United Kingdom,online_retail_II.xlsx,Year 2009-2010,261546,Year 2009-2010:261546
17850,514601,82486,WOOD S/3 CABINET ANT WHITE FINISH,4,6.95,2010-07-05 12:16:00,United Kingdom,online_retail_II.xlsx,Year 2009-2010,261547,Year 2009-2010:261547
17850,514601,22380,TOY TIDY SPACEBOY,5,1.85,2010-07-05 12:16:00,United Kingdom,online_retail_II.xlsx,Year 2009-2010,261548,Year 2009-2010:261548
17850,514601,22379,RECYCLING BAG RETROSPOT,5,1.85,2010-07-05 12:16:00,United Kingdom,online_retail_II.xlsx,Year 2009-2010,261549,Year 2009-2010:261549
17850,514601,15056BL,EDWARDIAN PARASOL BLACK,6,4.95,2010-07-05 12:16:00,United Kingdom,online_retail_II.xlsx,Year 2009-2010,261550,Year 2009-2010:261550
17850,514601,22382,LUNCH BAG SPACEBOY DESIGN,6,1.45,2010-07-05 12:16:00,United Kingdom,online_retail_II.xlsx,Year 2009-2010,261551,Year 2009-2010:261551
17850,514601,22088,PAPER BUNTING COLOURED LACE,6,2.55,2010-07-05 12:16:00,United Kingdom,online_retail_II.xlsx,Year 2009-2010,261552,Year 2009-2010:261552
17850,514601,21166,COOK WITH WINE METAL SIGN,6,1.95,2010-07-05 12:16:00,United Kingdom,online_retail_II.xlsx,Year 2009-2010,261553,Year 2009-2010:261553
17850,514601,21071,VINTAGE BILLBOARD DRINK ME MUG,6,1.06,2010-07-05 12:16:00,United Kingdom,online_retail_II.xlsx,Year 2009-2010,261554,Year 2009-2010:261554
17850,514601,22660,DOORMAT I LOVE LONDON,2,6.35,2010-07-05 12:16:00,United Kingdom,online_retail_II.xlsx,Year 2009-2010,261555,Year 2009-2010:261555
17850,514601,21068,VINTAGE BILLBOARD LOVE/HATE MUG,6,1.06,2010-07-05 12:16:00,United Kingdom,online_retail_II.xlsx,Year 2009-2010,261556,Year 2009-2010:261556
17850,514601,22023,EMPIRE BIRTHDAY CARD,12,0.36,2010-07-05 12:16:00,United Kingdom,online_retail_II.xlsx,Year 2009-2010,261557,Year 2009-2010:261557
17850,514601,21519,GIN & TONIC DIET GREETING CARD,12,0.36,2010-07-05 12:16:00,United Kingdom,online_retail_II.xlsx,Year 2009-2010,261558,Year 2009-2010:261558
17850,514601,21508,VINTAGE KID DOLLY CARD,12,0.36,2010-07-05 12:16:00,United Kingdom,online_retail_II.xlsx,Year 2009-2010,261559,Year 2009-2010:261559
17850,514601,21504,SKULLS GREETING CARD,12,0.36,2010-07-05 12:16:00,United Kingdom,online_retail_II.xlsx,Year 2009-2010,261560,Year 2009-2010:261560
17850,514601,21509,COWBOYS AND INDIANS BIRTHDAY CARD,12,0.36,2010-07-05 12:16:00,United Kingdom,online_retail_II.xlsx,Year 2009-2010,261561,Year 2009-2010:261561
17850,514601,21172,PARTY METAL SIGN,6,1.25,2010-07-05 12:16:00,United Kingdom,online_retail_II.xlsx,Year 2009-2010,261562,Year 2009-2010:261562
17850,514601,21171,BATHROOM METAL SIGN,6,1.25,2010-07-05 12:16:00,United Kingdom,online_retail_II.xlsx,Year 2009-2010,261563,Year 2009-2010:261563
17850,514601,71053,WHITE METAL LANTERN,6,3.39,2010-07-05 12:16:00,United Kingdom,online_retail_II.xlsx,Year 2009-2010,261564,Year 2009-2010:261564
17850,514601,84406B,CREAM CUPID HEARTS COAT HANGER,6,2.75,2010-07-05 12:16:00,United Kingdom,online_retail_II.xlsx,Year 2009-2010,261565,Year 2009-2010:261565
17850,514601,82494L,WOODEN FRAME ANTIQUE WHITE,6,2.55,2010-07-05 12:16:00,United Kingdom,online_retail_II.xlsx,Year 2009-2010,261566,Year 2009-2010:261566
17850,516312,22660,DOORMAT I LOVE LONDON,4,6.35,2010-07-19 14:21:00,United Kingdom,online_retail_II.xlsx,Year 2009-2010,277091,Year 2009-2010:277091
17850,516312,22567,20 DOLLY PEGS RETROSPOT,12,1.06,2010-07-19 14:21:00,United Kingdom,online_retail_II.xlsx,Year 2009-2010,277092,Year 2009-2010:277092
17850,516312,84879,ASSORTED COLOUR BIRD ORNAMENT,32,1.45,2010-07-19 14:21:00,United Kingdom,online_retail_II.xlsx,Year 2009-2010,277093,Year 2009-2010:277093
17850,516312,84665,SQUARE CHERRY BLOSSOM CABINET,2,5.95,2010-07-19 14:21:00,United Kingdom,online_retail_II.xlsx,Year 2009-2010,277094,Year 2009-2010:277094
17850,516312,22083,PAPER CHAIN KIT RETRO SPOT,12,2.55,2010-07-19 14:21:00,United Kingdom,online_retail_II.xlsx,Year 2009-2010,277095,Year 2009-2010:277095
17850,516312,84664,CHERRY BLOSSOM BATHROOM CABINET,2,4.95,2010-07-19 14:21:00,United Kingdom,online_retail_II.xlsx,Year 2009-2010,277096,Year 2009-2010:277096
17850,516312,21071,VINTAGE BILLBOARD DRINK ME MUG,12,1.06,2010-07-19 14:21:00,United Kingdom,online_retail_II.xlsx,Year 2009-2010,277097,Year 2009-2010:277097
17850,516312,21068,VINTAGE BILLBOARD LOVE/HATE MUG,12,1.06,2010-07-19 14:21:00,United Kingdom,online_retail_II.xlsx,Year 2009-2010,277098,Year 2009-2010:277098
17850,516312,22023,EMPIRE BIRTHDAY CARD,12,0.36,2010-07-19 14:21:00,United Kingdom,online_retail_II.xlsx,Year 2009-2010,277099,Year 2009-2010:277099
17850,516312,21519,GIN & TONIC DIET GREETING CARD,12,0.36,2010-07-19 14:21:00,United Kingdom,online_retail_II.xlsx,Year 2009-2010,277100,Year 2009-2010:277100
17850,516312,21508,VINTAGE KID DOLLY CARD,12,0.36,2010-07-19 14:21:00,United Kingdom,online_retail_II.xlsx,Year 2009-2010,277101,Year 2009-2010:277101
17850,516312,21504,SKULLS GREETING CARD,12,0.36,2010-07-19 14:21:00,United Kingdom,online_retail_II.xlsx,Year 2009-2010,277102,Year 2009-2010:277102
17850,516312,21509,COWBOYS AND INDIANS BIRTHDAY CARD,12,0.36,2010-07-19 14:21:00,United Kingdom,online_retail_II.xlsx,Year 2009-2010,277103,Year 2009-2010:277103
17850,516312,21172,PARTY METAL SIGN,6,1.25,2010-07-19 14:21:00,United Kingdom,online_retail_II.xlsx,Year 2009-2010,277104,Year 2009-2010:277104
17850,516312,21171,BATHROOM METAL SIGN,6,1.25,2010-07-19 14:21:00,United Kingdom,online_retail_II.xlsx,Year 2009-2010,277105,Year 2009-2010:277105
17850,516312,71053,WHITE METAL LANTERN,6,3.39,2010-07-19 14:21:00,United Kingdom,online_retail_II.xlsx,Year 2009-2010,277106,Year 2009-2010:277106
17850,516312,84406B,CREAM CUPID HEARTS COAT HANGER,6,2.75,2010-07-19 14:21:00,United Kingdom,online_retail_II.xlsx,Year 2009-2010,277107,Year 2009-2010:277107
17850,516312,82494L,WOODEN FRAME ANTIQUE WHITE,6,2.55,2010-07-19 14:21:00,United Kingdom,online_retail_II.xlsx,Year 2009-2010,277108,Year 2009-2010:277108
17850,516312,82482,WOODEN PICTURE FRAME WHITE FINISH,6,2.1,2010-07-19 14:21:00,United Kingdom,online_retail_II.xlsx,Year 2009-2010,277109,Year 2009-2010:277109
17850,516312,82483,WOOD 2 DRAWER CABINET WHITE FINISH,4,4.95,2010-07-19 14:21:00,United Kingdom,online_retail_II.xlsx,Year 2009-2010,277110,Year 2009-2010:277110
17850,516312,82486,WOOD S/3 CABINET ANT WHITE FINISH,4,6.95,2010-07-19 14:21:00,United Kingdom,online_retail_II.xlsx,Year 2009-2010,277111,Year 2009-2010:277111
17850,516312,22379,RECYCLING BAG RETROSPOT,10,1.85,2010-07-19 14:21:00,United Kingdom,online_retail_II.xlsx,Year 2009-2010,277112,Year 2009-2010:277112
17850,516312,22382,LUNCH BAG SPACEBOY DESIGN,10,1.45,2010-07-19 14:21:00,United Kingdom,online_retail_II.xlsx,Year 2009-2010,277113,Year 2009-2010:277113
17850,516312,15056P,EDWARDIAN PARASOL PINK,6,4.95,2010-07-19 14:21:00,United Kingdom,online_retail_II.xlsx,Year 2009-2010,277114,Year 2009-2010:277114
17850,516312,15056N,EDWARDIAN PARASOL NATURAL,6,4.95,2010-07-19 14:21:00,United Kingdom,online_retail_II.xlsx,Year 2009-2010,277115,Year 2009-2010:277115
17850,516312,15056BL,EDWARDIAN PARASOL BLACK,6,4.95,2010-07-19 14:21:00,United Kingdom,online_retail_II.xlsx,Year 2009-2010,277116,Year 2009-2010:277116
17850,516312,48111,DOORMAT 3 SMILEY CATS,4,6.35,2010-07-19 14:21:00,United Kingdom,online_retail_II.xlsx,Year 2009-2010,277117,Year 2009-2010:277117
17850,C519491,21068,VINTAGE BILLBOARD LOVE/HATE MUG,-12,1.06,2010-08-17 13:56:00,United Kingdom,online_retail_II.xlsx,Year 2009-2010,308378,Year 2009-2010:308378
17850,C519491,84664,CHERRY BLOSSOM BATHROOM CABINET,-1,4.95,2010-08-17 13:56:00,United Kingdom,online_retail_II.xlsx,Year 2009-2010,308379,Year 2009-2010:308379
17850,C519491,21165,BEWARE OF THE CAT METAL SIGN,-12,1.45,2010-08-17 13:56:00,United Kingdom,online_retail_II.xlsx,Year 2009-2010,308380,Year 2009-2010:308380
17850,C519491,82483,WOOD 2 DRAWER CABINET WHITE FINISH,-4,4.95,2010-08-17 13:56:00,United Kingdom,online_retail_II.xlsx,Year 2009-2010,308381,Year 2009-2010:308381
17850,C519491,82486,WOOD S/3 CABINET ANT WHITE FINISH,-1,6.95,2010-08-17 13:56:00,United Kingdom,online_retail_II.xlsx,Year 2009-2010,308382,Year 2009-2010:308382
17850,C519491,82483,WOOD 2 DRAWER CABINET WHITE FINISH,-2,4.95,2010-08-17 13:56:00,United Kingdom,online_retail_II.xlsx,Year 2009-2010,308383,Year 2009-2010:308383
17850,C519491,15056P,EDWARDIAN PARASOL PINK,-1,4.95,2010-08-17 13:56:00,United Kingdom,online_retail_II.xlsx,Year 2009-2010,308384,Year 2009-2010:308384
17850,C519491,22247,BUNNY DECORATION MAGIC GARDEN,-1,0.75,2010-08-17 13:56:00,United Kingdom,online_retail_II.xlsx,Year 2009-2010,308385,Year 2009-2010:308385
17850,523348,22170,PICTURE FRAME WOOD TRIPLE PORTRAIT,6,5.95,2010-09-21 16:26:00,United Kingdom,online_retail_II.xlsx,Year 2009-2010,349532,Year 2009-2010:349532
17850,523348,15056BL,EDWARDIAN PARASOL BLACK,12,4.95,2010-09-21 16:26:00,United Kingdom,online_retail_II.xlsx,Year 2009-2010,349533,Year 2009-2010:349533
17850,523348,20679,EDWARDIAN PARASOL RED,12,4.95,2010-09-21 16:26:00,United Kingdom,online_retail_II.xlsx,Year 2009-2010,349534,Year 2009-2010:349534
17850,523348,21156,RETROSPOT CHILDRENS APRON,8,1.65,2010-09-21 16:26:00,United Kingdom,online_retail_II.xlsx,Year 2009-2010,349535,Year 2009-2010:349535
17850,523348,22367,CHILDRENS APRON SPACEBOY DESIGN,8,1.65,2010-09-21 16:26:00,United Kingdom,online_retail_II.xlsx,Year 2009-2010,349536,Year 2009-2010:349536
17850,523348,22113,GREY HEART HOT WATER BOTTLE,12,3.39,2010-09-21 16:26:00,United Kingdom,online_retail_II.xlsx,Year 2009-2010,349537,Year 2009-2010:349537
17850,523348,71477,COLOUR GLASS. STAR T-LIGHT HOLDER,6,2.75,2010-09-21 16:26:00,United Kingdom,online_retail_II.xlsx,Year 2009-2010,349538,Year 2009-2010:349538
17850,523348,72741,GRAND CHOCOLATECANDLE,18,1.25,2010-09-21 16:26:00,United Kingdom,online_retail_II.xlsx,Year 2009-2010,349539,Year 2009-2010:349539
17850,523348,22468,BABUSHKA LIGHTS STRING OF 10,12,5.95,2010-09-21 16:26:00,United Kingdom,online_retail_II.xlsx,Year 2009-2010,349540,Year 2009-2010:349540
17850,523348,35647,VINTAGE BEAD PINK SHADE,12,1.25,2010-09-21 16:26:00,United Kingdom,online_retail_II.xlsx,Year 2009-2010,349541,Year 2009-2010:349541
17850,523348,37370,RETRO COFFEE MUGS ASSORTED,12,1.06,2010-09-21 16:26:00,United Kingdom,online_retail_II.xlsx,Year 2009-2010,349542,Year 2009-2010:349542
17850,523348,21071,VINTAGE BILLBOARD DRINK ME MUG,12,1.06,2010-09-21 16:26:00,United Kingdom,online_retail_II.xlsx,Year 2009-2010,349543,Year 2009-2010:349543
17850,523348,21870,I CAN ONLY PLEASE ONE PERSON MUG,12,1.06,2010-09-21 16:26:00,United Kingdom,online_retail_II.xlsx,Year 2009-2010,349544,Year 2009-2010:349544
17850,523348,21874,GIN AND TONIC MUG,12,1.06,2010-09-21 16:26:00,United Kingdom,online_retail_II.xlsx,Year 2009-2010,349545,Year 2009-2010:349545
17850,523348,22023,EMPIRE BIRTHDAY CARD,12,0.36,2010-09-21 16:26:00,United Kingdom,online_retail_II.xlsx,Year 2009-2010,349546,Year 2009-2010:349546
17850,523348,21519,GIN & TONIC DIET GREETING CARD,12,0.36,2010-09-21 16:26:00,United Kingdom,online_retail_II.xlsx,Year 2009-2010,349547,Year 2009-2010:349547
17850,523348,21504,SKULLS GREETING CARD,12,0.36,2010-09-21 16:26:00,United Kingdom,online_retail_II.xlsx,Year 2009-2010,349548,Year 2009-2010:349548
17850,523348,21509,COWBOYS AND INDIANS BIRTHDAY CARD,12,0.36,2010-09-21 16:26:00,United Kingdom,online_retail_II.xlsx,Year 2009-2010,349549,Year 2009-2010:349549
17850,523348,22026,BANQUET BIRTHDAY  CARD,12,0.36,2010-09-21 16:26:00,United Kingdom,online_retail_II.xlsx,Year 2009-2010,349550,Year 2009-2010:349550
17850,523348,22029,SPACEBOY BIRTHDAY CARD,12,0.36,2010-09-21 16:26:00,United Kingdom,online_retail_II.xlsx,Year 2009-2010,349551,Year 2009-2010:349551
17850,523348,21508,VINTAGE KID DOLLY CARD,12,0.36,2010-09-21 16:26:00,United Kingdom,online_retail_II.xlsx,Year 2009-2010,349552,Year 2009-2010:349552
17850,523348,85123A,WHITE HANGING HEART T-LIGHT HOLDER,12,2.55,2010-09-21 16:26:00,United Kingdom,online_retail_II.xlsx,Year 2009-2010,349553,Year 2009-2010:349553
17850,523348,82494L,WOODEN FRAME ANTIQUE WHITE,12,2.55,2010-09-21 16:26:00,United Kingdom,online_retail_II.xlsx,Year 2009-2010,349554,Year 2009-2010:349554
17850,523348,82482,WOODEN PICTURE FRAME WHITE FINISH,12,2.1,2010-09-21 16:26:00,United Kingdom,online_retail_II.xlsx,Year 2009-2010,349555,Year 2009-2010:349555
17850,523348,82483,WOOD 2 DRAWER CABINET WHITE FINISH,6,4.95,2010-09-21 16:26:00,United Kingdom,online_retail_II.xlsx,Year 2009-2010,349556,Year 2009-2010:349556
17850,523348,82486,WOOD S/3 CABINET ANT WHITE FINISH,6,6.95,2010-09-21 16:26:00,United Kingdom,online_retail_II.xlsx,Year 2009-2010,349557,Year 2009-2010:349557
17850,523349,21169,YOU'RE CONFUSING ME METAL SIGN,12,1.45,2010-09-21 16:28:00,United Kingdom,online_retail_II.xlsx,Year 2009-2010,349558,Year 2009-2010:349558
17850,523349,21165,BEWARE OF THE CAT METAL SIGN,12,1.69,2010-09-21 16:28:00,United Kingdom,online_retail_II.xlsx,Year 2009-2010,349559,Year 2009-2010:349559
17850,523349,21166,COOK WITH WINE METAL SIGN,12,1.69,2010-09-21 16:28:00,United Kingdom,online_retail_II.xlsx,Year 2009-2010,349560,Year 2009-2010:349560
17850,523351,71477,COLOUR GLASS. STAR T-LIGHT HOLDER,6,2.75,2010-09-21 16:37:00,United Kingdom,online_retail_II.xlsx,Year 2009-2010,349580,Year 2009-2010:349580
17850,523351,72741,GRAND CHOCOLATECANDLE,9,1.25,2010-09-21 16:37:00,United Kingdom,online_retail_II.xlsx,Year 2009-2010,349581,Year 2009-2010:349581
17850,523351,22170,PICTURE FRAME WOOD TRIPLE PORTRAIT,6,5.95,2010-09-21 16:37:00,United Kingdom,online_retail_II.xlsx,Year 2009-2010,349582,Year 2009-2010:349582
17850,523351,22468,BABUSHKA LIGHTS STRING OF 10,12,5.95,2010-09-21 16:37:00,United Kingdom,online_retail_II.xlsx,Year 2009-2010,349583,Year 2009-2010:349583
17850,523351,35647,VINTAGE BEAD PINK SHADE,6,1.25,2010-09-21 16:37:00,United Kingdom,online_retail_II.xlsx,Year 2009-2010,349584,Year 2009-2010:349584
17850,523351,37370,RETRO COFFEE MUGS ASSORTED,6,1.06,2010-09-21 16:37:00,United Kingdom,online_retail_II.xlsx,Year 2009-2010,349585,Year 2009-2010:349585
17850,523351,21071,VINTAGE BILLBOARD DRINK ME MUG,6,1.06,2010-09-21 16:37:00,United Kingdom,online_retail_II.xlsx,Year 2009-2010,349586,Year 2009-2010:349586
17850,523351,21870,I CAN ONLY PLEASE ONE PERSON MUG,6,1.06,2010-09-21 16:37:00,United Kingdom,online_retail_II.xlsx,Year 2009-2010,349587,Year 2009-2010:349587
17850,523351,21874,GIN AND TONIC MUG,6,1.06,2010-09-21 16:37:00,United Kingdom,online_retail_II.xlsx,Year 2009-2010,349588,Year 2009-2010:349588
17850,523351,22023,EMPIRE BIRTHDAY CARD,12,0.36,2010-09-21 16:37:00,United Kingdom,online_retail_II.xlsx,Year 2009-2010,349589,Year 2009-2010:349589
17850,523351,21504,SKULLS GREETING CARD,12,0.36,2010-09-21 16:37:00,United Kingdom,online_retail_II.xlsx,Year 2009-2010,349590,Year 2009-2010:349590
17850,523351,21508,VINTAGE KID DOLLY CARD,12,0.36,2010-09-21 16:37:00,United Kingdom,online_retail_II.xlsx,Year 2009-2010,349591,Year 2009-2010:349591
17850,523351,21509,COWBOYS AND INDIANS BIRTHDAY CARD,12,0.36,2010-09-21 16:37:00,United Kingdom,online_retail_II.xlsx,Year 2009-2010,349592,Year 2009-2010:349592
17850,523351,22026,BANQUET BIRTHDAY  CARD,12,0.36,2010-09-21 16:37:00,United Kingdom,online_retail_II.xlsx,Year 2009-2010,349593,Year 2009-2010:349593
17850,523351,22029,SPACEBOY BIRTHDAY CARD,12,0.36,2010-09-21 16:37:00,United Kingdom,online_retail_II.xlsx,Year 2009-2010,349594,Year 2009-2010:349594
17850,523351,85123A,WHITE HANGING HEART T-LIGHT HOLDER,12,2.55,2010-09-21 16:37:00,United Kingdom,online_retail_II.xlsx,Year 2009-2010,349595,Year 2009-2010:349595
17850,523351,82494L,WOODEN FRAME ANTIQUE WHITE,8,2.55,2010-09-21 16:37:00,United Kingdom,online_retail_II.xlsx,Year 2009-2010,349596,Year 2009-2010:349596
17850,523351,82482,WOODEN PICTURE FRAME WHITE FINISH,8,2.1,2010-09-21 16:37:00,United Kingdom,online_retail_II.xlsx,Year 2009-2010,349597,Year 2009-2010:349597
17850,523351,82483,WOOD 2 DRAWER CABINET WHITE FINISH,4,4.95,2010-09-21 16:37:00,United Kingdom,online_retail_II.xlsx,Year 2009-2010,349598,Year 2009-2010:349598
17850,523351,82486,WOOD S/3 CABINET ANT WHITE FINISH,4,6.95,2010-09-21 16:37:00,United Kingdom,online_retail_II.xlsx,Year 2009-2010,349599,Year 2009-2010:349599
17850,523351,15056BL,EDWARDIAN PARASOL BLACK,6,4.95,2010-09-21 16:37:00,United Kingdom,online_retail_II.xlsx,Year 2009-2010,349600,Year 2009-2010:349600
17850,523351,20679,EDWARDIAN PARASOL RED,6,4.95,2010-09-21 16:37:00,United Kingdom,online_retail_II.xlsx,Year 2009-2010,349601,Year 2009-2010:349601
17850,523351,21156,RETROSPOT CHILDRENS APRON,8,1.65,2010-09-21 16:37:00,United Kingdom,online_retail_II.xlsx,Year 2009-2010,349602,Year 2009-2010:349602
17850,523351,22367,CHILDRENS APRON SPACEBOY DESIGN,8,1.65,2010-09-21 16:37:00,United Kingdom,online_retail_II.xlsx,Year 2009-2010,349603,Year 2009-2010:349603
17850,523351,22113,GREY HEART HOT WATER BOTTLE,6,3.39,2010-09-21 16:37:00,United Kingdom,online_retail_II.xlsx,Year 2009-2010,349604,Year 2009-2010:349604
17850,523353,21166,COOK WITH WINE METAL SIGN,6,1.69,2010-09-21 16:40:00,United Kingdom,online_retail_II.xlsx,Year 2009-2010,349609,Year 2009-2010:349609
17850,523353,21169,YOU'RE CONFUSING ME METAL SIGN,6,1.45,2010-09-21 16:40:00,United Kingdom,online_retail_II.xlsx,Year 2009-2010,349610,Year 2009-2010:349610
17850,523353,21165,BEWARE OF THE CAT METAL SIGN,6,1.45,2010-09-21 16:40:00,United Kingdom,online_retail_II.xlsx,Year 2009-2010,349611,Year 2009-2010:349611
17850,523357,22023,EMPIRE BIRTHDAY CARD,12,0.36,2010-09-21 17:21:00,United Kingdom,online_retail_II.xlsx,Year 2009-2010,349692,Year 2009-2010:349692
17850,523357,21504,SKULLS GREETING CARD,12,0.36,2010-09-21 17:21:00,United Kingdom,online_retail_II.xlsx,Year 2009-2010,349693,Year 2009-2010:349693
17850,523357,21508,VINTAGE KID DOLLY CARD,12,0.36,2010-09-21 17:21:00,United Kingdom,online_retail_II.xlsx,Year 2009-2010,349694,Year 2009-2010:349694
17850,523357,21509,COWBOYS AND INDIANS BIRTHDAY CARD,12,0.36,2010-09-21 17:21:00,United Kingdom,online_retail_II.xlsx,Year 2009-2010,349695,Year 2009-2010:349695
17850,523357,22026,BANQUET BIRTHDAY  CARD,12,0.36,2010-09-21 17:21:00,United Kingdom,online_retail_II.xlsx,Year 2009-2010,349696,Year 2009-2010:349696
17850,523357,22029,SPACEBOY BIRTHDAY CARD,12,0.36,2010-09-21 17:21:00,United Kingdom,online_retail_II.xlsx,Year 2009-2010,349697,Year 2009-2010:349697
17850,523357,85123A,WHITE HANGING HEART T-LIGHT HOLDER,12,2.55,2010-09-21 17:21:00,United Kingdom,online_retail_II.xlsx,Year 2009-2010,349698,Year 2009-2010:349698
17850,523357,82494L,WOODEN FRAME ANTIQUE WHITE,8,2.55,2010-09-21 17:21:00,United Kingdom,online_retail_II.xlsx,Year 2009-2010,349699,Year 2009-2010:349699
17850,523357,82482,WOODEN PICTURE FRAME WHITE FINISH,8,2.1,2010-09-21 17:21:00,United Kingdom,online_retail_II.xlsx,Year 2009-2010,349700,Year 2009-2010:349700
17850,523357,82483,WOOD 2 DRAWER CABINET WHITE FINISH,6,4.95,2010-09-21 17:21:00,United Kingdom,online_retail_II.xlsx,Year 2009-2010,349701,Year 2009-2010:349701
17850,523357,82486,WOOD S/3 CABINET ANT WHITE FINISH,6,6.95,2010-09-21 17:21:00,United Kingdom,online_retail_II.xlsx,Year 2009-2010,349702,Year 2009-2010:349702
17850,523357,15056BL,EDWARDIAN PARASOL BLACK,6,4.95,2010-09-21 17:21:00,United Kingdom,online_retail_II.xlsx,Year 2009-2010,349703,Year 2009-2010:349703
17850,523357,20679,EDWARDIAN PARASOL RED,6,4.95,2010-09-21 17:21:00,United Kingdom,online_retail_II.xlsx,Year 2009-2010,349704,Year 2009-2010:349704
17850,523357,21156,RETROSPOT CHILDRENS APRON,8,1.65,2010-09-21 17:21:00,United Kingdom,online_retail_II.xlsx,Year 2009-2010,349705,Year 2009-2010:349705
17850,523357,22367,CHILDRENS APRON SPACEBOY DESIGN,8,1.65,2010-09-21 17:21:00,United Kingdom,online_retail_II.xlsx,Year 2009-2010,349706,Year 2009-2010:349706
17850,523357,22113,GREY HEART HOT WATER BOTTLE,6,3.39,2010-09-21 17:21:00,United Kingdom,online_retail_II.xlsx,Year 2009-2010,349707,Year 2009-2010:349707
17850,523357,71477,COLOUR GLASS. STAR T-LIGHT HOLDER,6,2.75,2010-09-21 17:21:00,United Kingdom,online_retail_II.xlsx,Year 2009-2010,349708,Year 2009-2010:349708
17850,523357,72741,GRAND CHOCOLATECANDLE,18,1.25,2010-09-21 17:21:00,United Kingdom,online_retail_II.xlsx,Year 2009-2010,349709,Year 2009-2010:349709
17850,523357,22170,PICTURE FRAME WOOD TRIPLE PORTRAIT,6,5.95,2010-09-21 17:21:00,United Kingdom,online_retail_II.xlsx,Year 2009-2010,349710,Year 2009-2010:349710
17850,523357,22468,BABUSHKA LIGHTS STRING OF 10,6,5.95,2010-09-21 17:21:00,United Kingdom,online_retail_II.xlsx,Year 2009-2010,349711,Year 2009-2010:349711
17850,523357,35647,VINTAGE BEAD PINK SHADE,6,1.25,2010-09-21 17:21:00,United Kingdom,online_retail_II.xlsx,Year 2009-2010,349712,Year 2009-2010:349712
17850,523357,37370,RETRO COFFEE MUGS ASSORTED,6,1.06,2010-09-21 17:21:00,United Kingdom,online_retail_II.xlsx,Year 2009-2010,349713,Year 2009-2010:349713
17850,523357,21071,VINTAGE BILLBOARD DRINK ME MUG,6,1.06,2010-09-21 17:21:00,United Kingdom,online_retail_II.xlsx,Year 2009-2010,349714,Year 2009-2010:349714
17850,523357,21870,I CAN ONLY PLEASE ONE PERSON MUG,6,1.06,2010-09-21 17:21:00,United Kingdom,online_retail_II.xlsx,Year 2009-2010,349715,Year 2009-2010:349715
17850,523357,21874,GIN AND TONIC MUG,6,1.06,2010-09-21 17:21:00,United Kingdom,online_retail_II.xlsx,Year 2009-2010,349716,Year 2009-2010:349716
17850,523358,21166,COOK WITH WINE METAL SIGN,6,1.69,2010-09-21 17:22:00,United Kingdom,online_retail_II.xlsx,Year 2009-2010,349717,Year 2009-2010:349717
17850,523358,21169,YOU'RE CONFUSING ME METAL SIGN,6,1.45,2010-09-21 17:22:00,United Kingdom,online_retail_II.xlsx,Year 2009-2010,349718,Year 2009-2010:349718
17850,523360,22468,BABUSHKA LIGHTS STRING OF 10,12,5.95,2010-09-21 17:45:00,United Kingdom,online_retail_II.xlsx,Year 2009-2010,349720,Year 2009-2010:349720
17850,523360,35647,VINTAGE BEAD PINK SHADE,12,1.25,2010-09-21 17:45:00,United Kingdom,online_retail_II.xlsx,Year 2009-2010,349721,Year 2009-2010:349721
17850,523360,37370,RETRO COFFEE MUGS ASSORTED,12,1.06,2010-09-21 17:45:00,United Kingdom,online_retail_II.xlsx,Year 2009-2010,349722,Year 2009-2010:349722
17850,523360,21071,VINTAGE BILLBOARD DRINK ME MUG,12,1.06,2010-09-21 17:45:00,United Kingdom,online_retail_II.xlsx,Year 2009-2010,349723,Year 2009-2010:349723
17850,523360,21870,I CAN ONLY PLEASE ONE PERSON MUG,12,1.06,2010-09-21 17:45:00,United Kingdom,online_retail_II.xlsx,Year 2009-2010,349724,Year 2009-2010:349724
17850,523360,21874,GIN AND TONIC MUG,12,1.06,2010-09-21 17:45:00,United Kingdom,online_retail_II.xlsx,Year 2009-2010,349725,Year 2009-2010:349725
17850,523360,22023,EMPIRE BIRTHDAY CARD,12,0.36,2010-09-21 17:45:00,United Kingdom,online_retail_II.xlsx,Year 2009-2010,349726,Year 2009-2010:349726
17850,523360,21504,SKULLS GREETING CARD,12,0.36,2010-09-21 17:45:00,United Kingdom,online_retail_II.xlsx,Year 2009-2010,349727,Year 2009-2010:349727
17850,523360,21509,COWBOYS AND INDIANS BIRTHDAY CARD,12,0.36,2010-09-21 17:45:00,United Kingdom,online_retail_II.xlsx,Year 2009-2010,349728,Year 2009-2010:349728
17850,523360,22026,BANQUET BIRTHDAY  CARD,12,0.36,2010-09-21 17:45:00,United Kingdom,online_retail_II.xlsx,Year 2009-2010,349729,Year 2009-2010:349729
17850,523360,22029,SPACEBOY BIRTHDAY CARD,12,0.36,2010-09-21 17:45:00,United Kingdom,online_retail_II.xlsx,Year 2009-2010,349730,Year 2009-2010:349730
17850,523360,85123A,WHITE HANGING HEART T-LIGHT HOLDER,18,2.55,2010-09-21 17:45:00,United Kingdom,online_retail_II.xlsx,Year 2009-2010,349731,Year 2009-2010:349731
17850,523360,82494L,WOODEN FRAME ANTIQUE WHITE,12,2.55,2010-09-21 17:45:00,United Kingdom,online_retail_II.xlsx,Year 2009-2010,349732,Year 2009-2010:349732
17850,523360,82482,WOODEN PICTURE FRAME WHITE FINISH,12,2.1,2010-09-21 17:45:00,United Kingdom,online_retail_II.xlsx,Year 2009-2010,349733,Year 2009-2010:349733
17850,523360,82483,WOOD 2 DRAWER CABINET WHITE FINISH,8,4.95,2010-09-21 17:45:00,United Kingdom,online_retail_II.xlsx,Year 2009-2010,349734,Year 2009-2010:349734
17850,523360,82486,WOOD S/3 CABINET ANT WHITE FINISH,8,6.95,2010-09-21 17:45:00,United Kingdom,online_retail_II.xlsx,Year 2009-2010,349735,Year 2009-2010:349735
17850,523360,22170,PICTURE FRAME WOOD TRIPLE PORTRAIT,12,5.95,2010-09-21 17:45:00,United Kingdom,online_retail_II.xlsx,Year 2009-2010,349736,Year 2009-2010:349736
17850,523360,15056BL,EDWARDIAN PARASOL BLACK,12,4.95,2010-09-21 17:45:00,United Kingdom,online_retail_II.xlsx,Year 2009-2010,349737,Year 2009-2010:349737
17850,523360,20679,EDWARDIAN PARASOL RED,12,4.95,2010-09-21 17:45:00,United Kingdom,online_retail_II.xlsx,Year 2009-2010,349738,Year 2009-2010:349738
17850,523360,21156,RETROSPOT CHILDRENS APRON,8,1.65,2010-09-21 17:45:00,United Kingdom,online_retail_II.xlsx,Year 2009-2010,349739,Year 2009-2010:349739
17850,523360,22367,CHILDRENS APRON SPACEBOY DESIGN,8,1.65,2010-09-21 17:45:00,United Kingdom,online_retail_II.xlsx,Year 2009-2010,349740,Year 2009-2010:349740
17850,523360,22113,GREY HEART HOT WATER BOTTLE,12,3.39,2010-09-21 17:45:00,United Kingdom,online_retail_II.xlsx,Year 2009-2010,349741,Year 2009-2010:349741
17850,523360,71477,COLOUR GLASS. STAR T-LIGHT HOLDER,12,2.75,2010-09-21 17:45:00,United Kingdom,online_retail_II.xlsx,Year 2009-2010,349742,Year 2009-2010:349742
17850,523360,72741,GRAND CHOCOLATECANDLE,36,1.25,2010-09-21 17:45:00,United Kingdom,online_retail_II.xlsx,Year 2009-2010,349743,Year 2009-2010:349743
17850,523362,22468,BABUSHKA LIGHTS STRING OF 10,6,5.95,2010-09-21 18:03:00,United Kingdom,online_retail_II.xlsx,Year 2009-2010,349792,Year 2009-2010:349792
17850,523362,35647,VINTAGE BEAD PINK SHADE,12,1.25,2010-09-21 18:03:00,United Kingdom,online_retail_II.xlsx,Year 2009-2010,349793,Year 2009-2010:349793
17850,523362,37370,RETRO COFFEE MUGS ASSORTED,12,1.06,2010-09-21 18:03:00,United Kingdom,online_retail_II.xlsx,Year 2009-2010,349794,Year 2009-2010:349794
17850,523362,21071,VINTAGE BILLBOARD DRINK ME MUG,12,1.06,2010-09-21 18:03:00,United Kingdom,online_retail_II.xlsx,Year 2009-2010,349795,Year 2009-2010:349795
17850,523362,21870,I CAN ONLY PLEASE ONE PERSON MUG,12,1.06,2010-09-21 18:03:00,United Kingdom,online_retail_II.xlsx,Year 2009-2010,349796,Year 2009-2010:349796
17850,523362,21874,GIN AND TONIC MUG,12,1.06,2010-09-21 18:03:00,United Kingdom,online_retail_II.xlsx,Year 2009-2010,349797,Year 2009-2010:349797
17850,523362,22023,EMPIRE BIRTHDAY CARD,12,0.36,2010-09-21 18:03:00,United Kingdom,online_retail_II.xlsx,Year 2009-2010,349798,Year 2009-2010:349798
17850,523362,21519,GIN & TONIC DIET GREETING CARD,12,0.36,2010-09-21 18:03:00,United Kingdom,online_retail_II.xlsx,Year 2009-2010,349799,Year 2009-2010:349799
17850,523362,21508,VINTAGE KID DOLLY CARD,12,0.36,2010-09-21 18:03:00,United Kingdom,online_retail_II.xlsx,Year 2009-2010,349800,Year 2009-2010:349800
17850,523362,21504,SKULLS GREETING CARD,12,0.36,2010-09-21 18:03:00,United Kingdom,online_retail_II.xlsx,Year 2009-2010,349801,Year 2009-2010:349801
17850,523362,21509,COWBOYS AND INDIANS BIRTHDAY CARD,12,0.36,2010-09-21 18:03:00,United Kingdom,online_retail_II.xlsx,Year 2009-2010,349802,Year 2009-2010:349802
17850,523362,22026,BANQUET BIRTHDAY  CARD,12,0.36,2010-09-21 18:03:00,United Kingdom,online_retail_II.xlsx,Year 2009-2010,349803,Year 2009-2010:349803
17850,523362,22029,SPACEBOY BIRTHDAY CARD,12,0.36,2010-09-21 18:03:00,United Kingdom,online_retail_II.xlsx,Year 2009-2010,349804,Year 2009-2010:349804
17850,523362,85123A,WHITE HANGING HEART T-LIGHT HOLDER,12,2.55,2010-09-21 18:03:00,United Kingdom,online_retail_II.xlsx,Year 2009-2010,349805,Year 2009-2010:349805
17850,523362,82494L,WOODEN FRAME ANTIQUE WHITE,12,2.55,2010-09-21 18:03:00,United Kingdom,online_retail_II.xlsx,Year 2009-2010,349806,Year 2009-2010:349806
17850,523362,82482,WOODEN PICTURE FRAME WHITE FINISH,12,2.1,2010-09-21 18:03:00,United Kingdom,online_retail_II.xlsx,Year 2009-2010,349807,Year 2009-2010:349807
17850,523362,82483,WOOD 2 DRAWER CABINET WHITE FINISH,6,4.95,2010-09-21 18:03:00,United Kingdom,online_retail_II.xlsx,Year 2009-2010,349808,Year 2009-2010:349808
17850,523362,82486,WOOD S/3 CABINET ANT WHITE FINISH,6,6.95,2010-09-21 18:03:00,United Kingdom,online_retail_II.xlsx,Year 2009-2010,349809,Year 2009-2010:349809
17850,523362,22170,PICTURE FRAME WOOD TRIPLE PORTRAIT,6,5.95,2010-09-21 18:03:00,United Kingdom,online_retail_II.xlsx,Year 2009-2010,349810,Year 2009-2010:349810
17850,523362,15056BL,EDWARDIAN PARASOL BLACK,12,4.95,2010-09-21 18:03:00,United Kingdom,online_retail_II.xlsx,Year 2009-2010,349811,Year 2009-2010:349811
17850,523362,20679,EDWARDIAN PARASOL RED,12,4.95,2010-09-21 18:03:00,United Kingdom,online_retail_II.xlsx,Year 2009-2010,349812,Year 2009-2010:349812
17850,523362,21156,RETROSPOT CHILDRENS APRON,8,1.65,2010-09-21 18:03:00,United Kingdom,online_retail_II.xlsx,Year 2009-2010,349813,Year 2009-2010:349813
17850,523362,22367,CHILDRENS APRON SPACEBOY DESIGN,8,1.65,2010-09-21 18:03:00,United Kingdom,online_retail_II.xlsx,Year 2009-2010,349814,Year 2009-2010:349814
17850,523362,22113,GREY HEART HOT WATER BOTTLE,12,3.39,2010-09-21 18:03:00,United Kingdom,online_retail_II.xlsx,Year 2009-2010,349815,Year 2009-2010:349815
17850,523362,71477,COLOUR GLASS. STAR T-LIGHT HOLDER,6,2.75,2010-09-21 18:03:00,United Kingdom,online_retail_II.xlsx,Year 2009-2010,349816,Year 2009-2010:349816
17850,523362,72741,GRAND CHOCOLATECANDLE,18,1.25,2010-09-21 18:03:00,United Kingdom,online_retail_II.xlsx,Year 2009-2010,349817,Year 2009-2010:349817
17850,523364,82486,WOOD S/3 CABINET ANT WHITE FINISH,6,6.95,2010-09-21 18:05:00,United Kingdom,online_retail_II.xlsx,Year 2009-2010,349818,Year 2009-2010:349818
17850,523364,22170,PICTURE FRAME WOOD TRIPLE PORTRAIT,6,5.95,2010-09-21 18:05:00,United Kingdom,online_retail_II.xlsx,Year 2009-2010,349819,Year 2009-2010:349819
17850,523364,15056BL,EDWARDIAN PARASOL BLACK,6,4.95,2010-09-21 18:05:00,United Kingdom,online_retail_II.xlsx,Year 2009-2010,349820,Year 2009-2010:349820
17850,523364,20679,EDWARDIAN PARASOL RED,6,4.95,2010-09-21 18:05:00,United Kingdom,online_retail_II.xlsx,Year 2009-2010,349821,Year 2009-2010:349821
17850,523364,21156,RETROSPOT CHILDRENS APRON,8,1.65,2010-09-21 18:05:00,United Kingdom,online_retail_II.xlsx,Year 2009-2010,349822,Year 2009-2010:349822
17850,523364,22367,CHILDRENS APRON SPACEBOY DESIGN,8,1.65,2010-09-21 18:05:00,United Kingdom,online_retail_II.xlsx,Year 2009-2010,349823,Year 2009-2010:349823
17850,523364,22113,GREY HEART HOT WATER BOTTLE,6,3.39,2010-09-21 18:05:00,United Kingdom,online_retail_II.xlsx,Year 2009-2010,349824,Year 2009-2010:349824
17850,523364,71477,COLOUR GLASS. STAR T-LIGHT HOLDER,6,2.75,2010-09-21 18:05:00,United Kingdom,online_retail_II.xlsx,Year 2009-2010,349825,Year 2009-2010:349825
17850,523364,72741,GRAND CHOCOLATECANDLE,18,1.25,2010-09-21 18:05:00,United Kingdom,online_retail_II.xlsx,Year 2009-2010,349826,Year 2009-2010:349826
17850,523364,22468,BABUSHKA LIGHTS STRING OF 10,6,5.95,2010-09-21 18:05:00,United Kingdom,online_retail_II.xlsx,Year 2009-2010,349827,Year 2009-2010:349827
17850,523364,37370,RETRO COFFEE MUGS ASSORTED,12,1.06,2010-09-21 18:05:00,United Kingdom,online_retail_II.xlsx,Year 2009-2010,349828,Year 2009-2010:349828
17850,523364,21071,VINTAGE BILLBOARD DRINK ME MUG,12,1.06,2010-09-21 18:05:00,United Kingdom,online_retail_II.xlsx,Year 2009-2010,349829,Year 2009-2010:349829
17850,523364,21870,I CAN ONLY PLEASE ONE PERSON MUG,12,1.06,2010-09-21 18:05:00,United Kingdom,online_retail_II.xlsx,Year 2009-2010,349830,Year 2009-2010:349830
17850,523364,21874,GIN AND TONIC MUG,12,1.06,2010-09-21 18:05:00,United Kingdom,online_retail_II.xlsx,Year 2009-2010,349831,Year 2009-2010:349831
17850,523364,22023,EMPIRE BIRTHDAY CARD,12,0.36,2010-09-21 18:05:00,United Kingdom,online_retail_II.xlsx,Year 2009-2010,349832,Year 2009-2010:349832
17850,523364,21519,GIN & TONIC DIET GREETING CARD,12,0.36,2010-09-21 18:05:00,United Kingdom,online_retail_II.xlsx,Year 2009-2010,349833,Year 2009-2010:349833
17850,523364,21504,SKULLS GREETING CARD,12,0.36,2010-09-21 18:05:00,United Kingdom,online_retail_II.xlsx,Year 2009-2010,349834,Year 2009-2010:349834
17850,523364,21509,COWBOYS AND INDIANS BIRTHDAY CARD,12,0.36,2010-09-21 18:05:00,United Kingdom,online_retail_II.xlsx,Year 2009-2010,349835,Year 2009-2010:349835
17850,523364,22026,BANQUET BIRTHDAY  CARD,12,0.36,2010-09-21 18:05:00,United Kingdom,online_retail_II.xlsx,Year 2009-2010,349836,Year 2009-2010:349836
17850,523364,22029,SPACEBOY BIRTHDAY CARD,12,0.36,2010-09-21 18:05:00,United Kingdom,online_retail_II.xlsx,Year 2009-2010,349837,Year 2009-2010:349837
17850,523364,21508,VINTAGE KID DOLLY CARD,12,0.36,2010-09-21 18:05:00,United Kingdom,online_retail_II.xlsx,Year 2009-2010,349838,Year 2009-2010:349838
17850,523364,85123A,WHITE HANGING HEART T-LIGHT HOLDER,12,2.55,2010-09-21 18:05:00,United Kingdom,online_retail_II.xlsx,Year 2009-2010,349839,Year 2009-2010:349839
17850,523364,82494L,WOODEN FRAME ANTIQUE WHITE,6,2.55,2010-09-21 18:05:00,United Kingdom,online_retail_II.xlsx,Year 2009-2010,349840,Year 2009-2010:349840
17850,523364,82482,WOODEN PICTURE FRAME WHITE FINISH,6,2.1,2010-09-21 18:05:00,United Kingdom,online_retail_II.xlsx,Year 2009-2010,349841,Year 2009-2010:349841
17850,523364,82483,WOOD 2 DRAWER CABINET WHITE FINISH,6,4.95,2010-09-21 18:05:00,United Kingdom,online_retail_II.xlsx,Year 2009-2010,349842,Year 2009-2010:349842
17850,523363,21169,YOU'RE CONFUSING ME METAL SIGN,6,1.45,2010-09-21 18:05:00,United Kingdom,online_retail_II.xlsx,Year 2009-2010,349843,Year 2009-2010:349843
17850,523363,21165,BEWARE OF THE CAT METAL SIGN,6,1.45,2010-09-21 18:05:00,United Kingdom,online_retail_II.xlsx,Year 2009-2010,349844,Year 2009-2010:349844
17850,523363,21166,COOK WITH WINE METAL SIGN,6,1.69,2010-09-21 18:05:00,United Kingdom,online_retail_II.xlsx,Year 2009-2010,349845,Year 2009-2010:349845
17850,523365,21165,BEWARE OF THE CAT METAL SIGN,6,1.45,2010-09-21 18:06:00,United Kingdom,online_retail_II.xlsx,Year 2009-2010,349846,Year 2009-2010:349846
17850,523365,21169,YOU'RE CONFUSING ME METAL SIGN,6,1.45,2010-09-21 18:06:00,United Kingdom,online_retail_II.xlsx,Year 2009-2010,349847,Year 2009-2010:349847
17850,523371,22468,BABUSHKA LIGHTS STRING OF 10,12,5.95,2010-09-21 18:43:00,United Kingdom,online_retail_II.xlsx,Year 2009-2010,349877,Year 2009-2010:349877
17850,523371,35647,VINTAGE BEAD PINK SHADE,12,1.25,2010-09-21 18:43:00,United Kingdom,online_retail_II.xlsx,Year 2009-2010,349878,Year 2009-2010:349878
17850,523371,37370,RETRO COFFEE MUGS ASSORTED,12,1.06,2010-09-21 18:43:00,United Kingdom,online_retail_II.xlsx,Year 2009-2010,349879,Year 2009-2010:349879
17850,523371,21071,VINTAGE BILLBOARD DRINK ME MUG,12,1.06,2010-09-21 18:43:00,United Kingdom,online_retail_II.xlsx,Year 2009-2010,349880,Year 2009-2010:349880
17850,523371,21870,I CAN ONLY PLEASE ONE PERSON MUG,12,1.06,2010-09-21 18:43:00,United Kingdom,online_retail_II.xlsx,Year 2009-2010,349881,Year 2009-2010:349881
17850,523371,21874,GIN AND TONIC MUG,12,1.06,2010-09-21 18:43:00,United Kingdom,online_retail_II.xlsx,Year 2009-2010,349882,Year 2009-2010:349882
17850,523371,22023,EMPIRE BIRTHDAY CARD,12,0.36,2010-09-21 18:43:00,United Kingdom,online_retail_II.xlsx,Year 2009-2010,349883,Year 2009-2010:349883
17850,523371,21519,GIN & TONIC DIET GREETING CARD,12,0.36,2010-09-21 18:43:00,United Kingdom,online_retail_II.xlsx,Year 2009-2010,349884,Year 2009-2010:349884
17850,523371,21504,SKULLS GREETING CARD,12,0.36,2010-09-21 18:43:00,United Kingdom,online_retail_II.xlsx,Year 2009-2010,349885,Year 2009-2010:349885
17850,523371,21509,COWBOYS AND INDIANS BIRTHDAY CARD,12,0.36,2010-09-21 18:43:00,United Kingdom,online_retail_II.xlsx,Year 2009-2010,349886,Year 2009-2010:349886
17850,523371,22026,BANQUET BIRTHDAY  CARD,12,0.36,2010-09-21 18:43:00,United Kingdom,online_retail_II.xlsx,Year 2009-2010,349887,Year 2009-2010:349887
17850,523371,22029,SPACEBOY BIRTHDAY CARD,12,0.36,2010-09-21 18:43:00,United Kingdom,online_retail_II.xlsx,Year 2009-2010,349888,Year 2009-2010:349888
17850,523371,21508,VINTAGE KID DOLLY CARD,12,0.36,2010-09-21 18:43:00,United Kingdom,online_retail_II.xlsx,Year 2009-2010,349889,Year 2009-2010:349889
17850,523371,85123A,WHITE HANGING HEART T-LIGHT HOLDER,12,2.55,2010-09-21 18:43:00,United Kingdom,online_retail_II.xlsx,Year 2009-2010,349890,Year 2009-2010:349890
17850,523371,82494L,WOODEN FRAME ANTIQUE WHITE,12,2.55,2010-09-21 18:43:00,United Kingdom,online_retail_II.xlsx,Year 2009-2010,349891,Year 2009-2010:349891
17850,523371,82482,WOODEN PICTURE FRAME WHITE FINISH,12,2.1,2010-09-21 18:43:00,United Kingdom,online_retail_II.xlsx,Year 2009-2010,349892,Year 2009-2010:349892
17850,523371,82483,WOOD 2 DRAWER CABINET WHITE FINISH,6,4.95,2010-09-21 18:43:00,United Kingdom,online_retail_II.xlsx,Year 2009-2010,349893,Year 2009-2010:349893
17850,523371,82486,WOOD S/3 CABINET ANT WHITE FINISH,6,6.95,2010-09-21 18:43:00,United Kingdom,online_retail_II.xlsx,Year 2009-2010,349894,Year 2009-2010:349894
17850,523371,22170,PICTURE FRAME WOOD TRIPLE PORTRAIT,6,5.95,2010-09-21 18:43:00,United Kingdom,online_retail_II.xlsx,Year 2009-2010,349895,Year 2009-2010:349895
17850,523371,15056BL,EDWARDIAN PARASOL BLACK,12,4.95,2010-09-21 18:43:00,United Kingdom,online_retail_II.xlsx,Year 2009-2010,349896,Year 2009-2010:349896
17850,523371,20679,EDWARDIAN PARASOL RED,12,4.95,2010-09-21 18:43:00,United Kingdom,online_retail_II.xlsx,Year 2009-2010,349897,Year 2009-2010:349897
17850,523371,21156,RETROSPOT CHILDRENS APRON,8,1.65,2010-09-21 18:43:00,United Kingdom,online_retail_II.xlsx,Year 2009-2010,349898,Year 2009-2010:349898
17850,523371,71477,COLOUR GLASS. STAR T-LIGHT HOLDER,6,2.75,2010-09-21 18:43:00,United Kingdom,online_retail_II.xlsx,Year 2009-2010,349899,Year 2009-2010:349899
17850,523371,72741,GRAND CHOCOLATECANDLE,18,1.25,2010-09-21 18:43:00,United Kingdom,online_retail_II.xlsx,Year 2009-2010,349900,Year 2009-2010:349900
17850,523372,21169,YOU'RE CONFUSING ME METAL SIGN,12,1.45,2010-09-21 18:43:00,United Kingdom,online_retail_II.xlsx,Year 2009-2010,349901,Year 2009-2010:349901
17850,523372,21166,COOK WITH WINE METAL SIGN,12,1.69,2010-09-21 18:43:00,United Kingdom,online_retail_II.xlsx,Year 2009-2010,349902,Year 2009-2010:349902
17850,523371,22367,CHILDRENS APRON SPACEBOY DESIGN,8,1.65,2010-09-21 18:43:00,United Kingdom,online_retail_II.xlsx,Year 2009-2010,349903,Year 2009-2010:349903
17850,523371,22113,GREY HEART HOT WATER BOTTLE,12,3.39,2010-09-21 18:43:00,United Kingdom,online_retail_II.xlsx,Year 2009-2010,349904,Year 2009-2010:349904
17850,523374,22468,BABUSHKA LIGHTS STRING OF 10,6,5.95,2010-09-21 19:10:00,United Kingdom,online_retail_II.xlsx,Year 2009-2010,349907,Year 2009-2010:349907
17850,523374,35647,VINTAGE BEAD PINK SHADE,6,1.25,2010-09-21 19:10:00,United Kingdom,online_retail_II.xlsx,Year 2009-2010,349908,Year 2009-2010:349908
17850,523374,21870,I CAN ONLY PLEASE ONE PERSON MUG,12,1.06,2010-09-21 19:10:00,United Kingdom,online_retail_II.xlsx,Year 2009-2010,349909,Year 2009-2010:349909
17850,523374,21874,GIN AND TONIC MUG,12,1.06,2010-09-21 19:10:00,United Kingdom,online_retail_II.xlsx,Year 2009-2010,349910,Year 2009-2010:349910
17850,523374,22023,EMPIRE BIRTHDAY CARD,12,0.36,2010-09-21 19:10:00,United Kingdom,online_retail_II.xlsx,Year 2009-2010,349911,Year 2009-2010:349911
17850,523374,21519,GIN & TONIC DIET GREETING CARD,12,0.36,2010-09-21 19:10:00,United Kingdom,online_retail_II.xlsx,Year 2009-2010,349912,Year 2009-2010:349912
17850,523374,21508,VINTAGE KID DOLLY CARD,12,0.36,2010-09-21 19:10:00,United Kingdom,online_retail_II.xlsx,Year 2009-2010,349913,Year 2009-2010:349913
17850,523374,21504,SKULLS GREETING CARD,12,0.36,2010-09-21 19:10:00,United Kingdom,online_retail_II.xlsx,Year 2009-2010,349914,Year 2009-2010:349914
17850,523374,21509,COWBOYS AND INDIANS BIRTHDAY CARD,12,0.36,2010-09-21 19:10:00,United Kingdom,online_retail_II.xlsx,Year 2009-2010,349915,Year 2009-2010:349915
17850,523374,22026,BANQUET BIRTHDAY  CARD,12,0.36,2010-09-21 19:10:00,United Kingdom,online_retail_II.xlsx,Year 2009-2010,349916,Year 2009-2010:349916
17850,523374,22029,SPACEBOY BIRTHDAY CARD,12,0.36,2010-09-21 19:10:00,United Kingdom,online_retail_II.xlsx,Year 2009-2010,349917,Year 2009-2010:349917
17850,523374,85123A,WHITE HANGING HEART T-LIGHT HOLDER,6,2.55,2010-09-21 19:10:00,United Kingdom,online_retail_II.xlsx,Year 2009-2010,349918,Year 2009-2010:349918
17850,523374,82494L,WOODEN FRAME ANTIQUE WHITE,6,2.55,2010-09-21 19:10:00,United Kingdom,online_retail_II.xlsx,Year 2009-2010,349919,Year 2009-2010:349919
17850,523374,82482,WOODEN PICTURE FRAME WHITE FINISH,6,2.1,2010-09-21 19:10:00,United Kingdom,online_retail_II.xlsx,Year 2009-2010,349920,Year 2009-2010:349920
17850,523374,82483,WOOD 2 DRAWER CABINET WHITE FINISH,4,4.95,2010-09-21 19:10:00,United Kingdom,online_retail_II.xlsx,Year 2009-2010,349921,Year 2009-2010:349921
17850,523374,82486,WOOD S/3 CABINET ANT WHITE FINISH,4,6.95,2010-09-21 19:10:00,United Kingdom,online_retail_II.xlsx,Year 2009-2010,349922,Year 2009-2010:349922
17850,523374,15056BL,EDWARDIAN PARASOL BLACK,6,4.95,2010-09-21 19:10:00,United Kingdom,online_retail_II.xlsx,Year 2009-2010,349923,Year 2009-2010:349923
17850,523374,20679,EDWARDIAN PARASOL RED,6,4.95,2010-09-21 19:10:00,United Kingdom,online_retail_II.xlsx,Year 2009-2010,349924,Year 2009-2010:349924
17850,523374,21156,RETROSPOT CHILDRENS APRON,8,1.65,2010-09-21 19:10:00,United Kingdom,online_retail_II.xlsx,Year 2009-2010,349925,Year 2009-2010:349925
17850,523374,22367,CHILDRENS APRON SPACEBOY DESIGN,8,1.65,2010-09-21 19:10:00,United Kingdom,online_retail_II.xlsx,Year 2009-2010,349926,Year 2009-2010:349926
17850,523374,22113,GREY HEART HOT WATER BOTTLE,6,3.39,2010-09-21 19:10:00,United Kingdom,online_retail_II.xlsx,Year 2009-2010,349927,Year 2009-2010:349927
17850,523374,71477,COLOUR GLASS. STAR T-LIGHT HOLDER,6,2.75,2010-09-21 19:10:00,United Kingdom,online_retail_II.xlsx,Year 2009-2010,349928,Year 2009-2010:349928
17850,523374,72741,GRAND CHOCOLATECANDLE,9,1.25,2010-09-21 19:10:00,United Kingdom,online_retail_II.xlsx,Year 2009-2010,349929,Year 2009-2010:349929
17850,523375,21169,YOU'RE CONFUSING ME METAL SIGN,6,1.45,2010-09-21 19:13:00,United Kingdom,online_retail_II.xlsx,Year 2009-2010,349930,Year 2009-2010:349930
17850,523375,21166,COOK WITH WINE METAL SIGN,6,1.69,2010-09-21 19:13:00,United Kingdom,online_retail_II.xlsx,Year 2009-2010,349931,Year 2009-2010:349931
17850,523376,21504,SKULLS GREETING CARD,12,0.36,2010-09-21 19:14:00,United Kingdom,online_retail_II.xlsx,Year 2009-2010,349932,Year 2009-2010:349932
17850,523376,21508,VINTAGE KID DOLLY CARD,12,0.36,2010-09-21 19:14:00,United Kingdom,online_retail_II.xlsx,Year 2009-2010,349933,Year 2009-2010:349933
17850,523376,21509,COWBOYS AND INDIANS BIRTHDAY CARD,12,0.36,2010-09-21 19:14:00,United Kingdom,online_retail_II.xlsx,Year 2009-2010,349934,Year 2009-2010:349934
17850,523376,85123A,WHITE HANGING HEART T-LIGHT HOLDER,12,2.55,2010-09-21 19:14:00,United Kingdom,online_retail_II.xlsx,Year 2009-2010,349935,Year 2009-2010:349935
17850,523376,82494L,WOODEN FRAME ANTIQUE WHITE,8,2.55,2010-09-21 19:14:00,United Kingdom,online_retail_II.xlsx,Year 2009-2010,349936,Year 2009-2010:349936
17850,523376,82482,WOODEN PICTURE FRAME WHITE FINISH,8,2.1,2010-09-21 19:14:00,United Kingdom,online_retail_II.xlsx,Year 2009-2010,349937,Year 2009-2010:349937
17850,523376,82483,WOOD 2 DRAWER CABINET WHITE FINISH,6,4.95,2010-09-21 19:14:00,United Kingdom,online_retail_II.xlsx,Year 2009-2010,349938,Year 2009-2010:349938
17850,523376,82486,WOOD S/3 CABINET ANT WHITE FINISH,6,6.95,2010-09-21 19:14:00,United Kingdom,online_retail_II.xlsx,Year 2009-2010,349939,Year 2009-2010:349939
17850,523376,15056BL,EDWARDIAN PARASOL BLACK,6,4.95,2010-09-21 19:14:00,United Kingdom,online_retail_II.xlsx,Year 2009-2010,349940,Year 2009-2010:349940
17850,523376,20679,EDWARDIAN PARASOL RED,6,4.95,2010-09-21 19:14:00,United Kingdom,online_retail_II.xlsx,Year 2009-2010,349941,Year 2009-2010:349941
17850,523376,21156,RETROSPOT CHILDRENS APRON,8,1.65,2010-09-21 19:14:00,United Kingdom,online_retail_II.xlsx,Year 2009-2010,349942,Year 2009-2010:349942
17850,523376,22367,CHILDRENS APRON SPACEBOY DESIGN,8,1.65,2010-09-21 19:14:00,United Kingdom,online_retail_II.xlsx,Year 2009-2010,349943,Year 2009-2010:349943
17850,523376,22113,GREY HEART HOT WATER BOTTLE,6,3.39,2010-09-21 19:14:00,United Kingdom,online_retail_II.xlsx,Year 2009-2010,349944,Year 2009-2010:349944
17850,523376,71477,COLOUR GLASS. STAR T-LIGHT HOLDER,12,2.75,2010-09-21 19:14:00,United Kingdom,online_retail_II.xlsx,Year 2009-2010,349945,Year 2009-2010:349945
17850,523376,72741,GRAND CHOCOLATECANDLE,18,1.25,2010-09-21 19:14:00,United Kingdom,online_retail_II.xlsx,Year 2009-2010,349946,Year 2009-2010:349946
17850,523376,22468,BABUSHKA LIGHTS STRING OF 10,6,5.95,2010-09-21 19:14:00,United Kingdom,online_retail_II.xlsx,Year 2009-2010,349947,Year 2009-2010:349947
17850,523376,35647,VINTAGE BEAD PINK SHADE,6,1.25,2010-09-21 19:14:00,United Kingdom,online_retail_II.xlsx,Year 2009-2010,349948,Year 2009-2010:349948
17850,523376,37370,RETRO COFFEE MUGS ASSORTED,6,1.06,2010-09-21 19:14:00,United Kingdom,online_retail_II.xlsx,Year 2009-2010,349949,Year 2009-2010:349949
17850,523376,21071,VINTAGE BILLBOARD DRINK ME MUG,6,1.06,2010-09-21 19:14:00,United Kingdom,online_retail_II.xlsx,Year 2009-2010,349950,Year 2009-2010:349950
17850,523376,21870,I CAN ONLY PLEASE ONE PERSON MUG,6,1.06,2010-09-21 19:14:00,United Kingdom,online_retail_II.xlsx,Year 2009-2010,349951,Year 2009-2010:349951
17850,523376,21874,GIN AND TONIC MUG,6,1.06,2010-09-21 19:14:00,United Kingdom,online_retail_II.xlsx,Year 2009-2010,349952,Year 2009-2010:349952
17850,523376,22023,EMPIRE BIRTHDAY CARD,12,0.36,2010-09-21 19:14:00,United Kingdom,online_retail_II.xlsx,Year 2009-2010,349953,Year 2009-2010:349953
17850,523376,22026,BANQUET BIRTHDAY  CARD,12,0.36,2010-09-21 19:14:00,United Kingdom,online_retail_II.xlsx,Year 2009-2010,349954,Year 2009-2010:349954
17850,523376,22029,SPACEBOY BIRTHDAY CARD,12,0.36,2010-09-21 19:14:00,United Kingdom,online_retail_II.xlsx,Year 2009-2010,349955,Year 2009-2010:349955
17850,523377,21169,YOU'RE CONFUSING ME METAL SIGN,6,1.45,2010-09-21 19:21:00,United Kingdom,online_retail_II.xlsx,Year 2009-2010,349956,Year 2009-2010:349956
17850,523377,21165,BEWARE OF THE CAT METAL SIGN,6,1.45,2010-09-21 19:21:00,United Kingdom,online_retail_II.xlsx,Year 2009-2010,349957,Year 2009-2010:349957
17850,523377,21166,COOK WITH WINE METAL SIGN,6,1.69,2010-09-21 19:21:00,United Kingdom,online_retail_II.xlsx,Year 2009-2010,349958,Year 2009-2010:349958
17850,523410,21508,VINTAGE KID DOLLY CARD,12,0.36,2010-09-22 08:44:00,United Kingdom,online_retail_II.xlsx,Year 2009-2010,350040,Year 2009-2010:350040
17850,523410,85123A,WHITE HANGING HEART T-LIGHT HOLDER,12,2.55,2010-09-22 08:44:00,United Kingdom,online_retail_II.xlsx,Year 2009-2010,350041,Year 2009-2010:350041
17850,523410,82494L,WOODEN FRAME ANTIQUE WHITE,6,2.55,2010-09-22 08:44:00,United Kingdom,online_retail_II.xlsx,Year 2009-2010,350042,Year 2009-2010:350042
17850,523410,82482,WOODEN PICTURE FRAME WHITE FINISH,6,2.1,2010-09-22 08:44:00,United Kingdom,online_retail_II.xlsx,Year 2009-2010,350043,Year 2009-2010:350043
17850,523410,82483,WOOD 2 DRAWER CABINET WHITE FINISH,6,4.95,2010-09-22 08:44:00,United Kingdom,online_retail_II.xlsx,Year 2009-2010,350044,Year 2009-2010:350044
17850,523410,82486,WOOD S/3 CABINET ANT WHITE FINISH,6,6.95,2010-09-22 08:44:00,United Kingdom,online_retail_II.xlsx,Year 2009-2010,350045,Year 2009-2010:350045
17850,523410,21071,VINTAGE BILLBOARD DRINK ME MUG,12,1.06,2010-09-22 08:44:00,United Kingdom,online_retail_II.xlsx,Year 2009-2010,350046,Year 2009-2010:350046
17850,523410,21870,I CAN ONLY PLEASE ONE PERSON MUG,12,1.06,2010-09-22 08:44:00,United Kingdom,online_retail_II.xlsx,Year 2009-2010,350047,Year 2009-2010:350047
17850,523410,21874,GIN AND TONIC MUG,12,1.06,2010-09-22 08:44:00,United Kingdom,online_retail_II.xlsx,Year 2009-2010,350048,Year 2009-2010:350048
17850,523410,22023,EMPIRE BIRTHDAY CARD,12,0.36,2010-09-22 08:44:00,United Kingdom,online_retail_II.xlsx,Year 2009-2010,350049,Year 2009-2010:350049
17850,523410,21519,GIN & TONIC DIET GREETING CARD,12,0.36,2010-09-22 08:44:00,United Kingdom,online_retail_II.xlsx,Year 2009-2010,350050,Year 2009-2010:350050
17850,523410,21504,SKULLS GREETING CARD,12,0.36,2010-09-22 08:44:00,United Kingdom,online_retail_II.xlsx,Year 2009-2010,350051,Year 2009-2010:350051
17850,523410,21509,COWBOYS AND INDIANS BIRTHDAY CARD,12,0.36,2010-09-22 08:44:00,United Kingdom,online_retail_II.xlsx,Year 2009-2010,350052,Year 2009-2010:350052
17850,523410,22026,BANQUET BIRTHDAY  CARD,12,0.36,2010-09-22 08:44:00,United Kingdom,online_retail_II.xlsx,Year 2009-2010,350053,Year 2009-2010:350053
17850,523410,22029,SPACEBOY BIRTHDAY CARD,12,0.36,2010-09-22 08:44:00,United Kingdom,online_retail_II.xlsx,Year 2009-2010,350054,Year 2009-2010:350054
17850,523410,22170,PICTURE FRAME WOOD TRIPLE PORTRAIT,6,5.95,2010-09-22 08:44:00,United Kingdom,online_retail_II.xlsx,Year 2009-2010,350055,Year 2009-2010:350055
17850,523410,15056BL,EDWARDIAN PARASOL BLACK,6,4.95,2010-09-22 08:44:00,United Kingdom,online_retail_II.xlsx,Year 2009-2010,350056,Year 2009-2010:350056
17850,523410,20679,EDWARDIAN PARASOL RED,6,4.95,2010-09-22 08:44:00,United Kingdom,online_retail_II.xlsx,Year 2009-2010,350057,Year 2009-2010:350057
17850,523410,21156,RETROSPOT CHILDRENS APRON,8,1.65,2010-09-22 08:44:00,United Kingdom,online_retail_II.xlsx,Year 2009-2010,350058,Year 2009-2010:350058
17850,523410,22367,CHILDRENS APRON SPACEBOY DESIGN,8,1.65,2010-09-22 08:44:00,United Kingdom,online_retail_II.xlsx,Year 2009-2010,350059,Year 2009-2010:350059
17850,523410,22113,GREY HEART HOT WATER BOTTLE,6,3.39,2010-09-22 08:44:00,United Kingdom,online_retail_II.xlsx,Year 2009-2010,350060,Year 2009-2010:350060
17850,523410,71477,COLOUR GLASS. STAR T-LIGHT HOLDER,6,2.75,2010-09-22 08:44:00,United Kingdom,online_retail_II.xlsx,Year 2009-2010,350061,Year 2009-2010:350061
17850,523410,72741,GRAND CHOCOLATECANDLE,18,1.25,2010-09-22 08:44:00,United Kingdom,online_retail_II.xlsx,Year 2009-2010,350062,Year 2009-2010:350062
17850,523410,22468,BABUSHKA LIGHTS STRING OF 10,6,5.95,2010-09-22 08:44:00,United Kingdom,online_retail_II.xlsx,Year 2009-2010,350063,Year 2009-2010:350063
17850,523410,35647,VINTAGE BEAD PINK SHADE,12,1.25,2010-09-22 08:44:00,United Kingdom,online_retail_II.xlsx,Year 2009-2010,350064,Year 2009-2010:350064
17850,523410,37370,RETRO COFFEE MUGS ASSORTED,12,1.06,2010-09-22 08:44:00,United Kingdom,online_retail_II.xlsx,Year 2009-2010,350065,Year 2009-2010:350065
17850,523411,85123A,WHITE HANGING HEART T-LIGHT HOLDER,12,2.55,2010-09-22 08:45:00,United Kingdom,online_retail_II.xlsx,Year 2009-2010,350066,Year 2009-2010:350066
17850,523411,82494L,WOODEN FRAME ANTIQUE WHITE,8,2.55,2010-09-22 08:45:00,United Kingdom,online_retail_II.xlsx,Year 2009-2010,350067,Year 2009-2010:350067
17850,523411,82482,WOODEN PICTURE FRAME WHITE FINISH,8,2.1,2010-09-22 08:45:00,United Kingdom,online_retail_II.xlsx,Year 2009-2010,350068,Year 2009-2010:350068
17850,523411,82483,WOOD 2 DRAWER CABINET WHITE FINISH,4,4.95,2010-09-22 08:45:00,United Kingdom,online_retail_II.xlsx,Year 2009-2010,350069,Year 2009-2010:350069
17850,523411,82486,WOOD S/3 CABINET ANT WHITE FINISH,4,6.95,2010-09-22 08:45:00,United Kingdom,online_retail_II.xlsx,Year 2009-2010,350070,Year 2009-2010:350070
17850,523411,15056BL,EDWARDIAN PARASOL BLACK,6,4.95,2010-09-22 08:45:00,United Kingdom,online_retail_II.xlsx,Year 2009-2010,350071,Year 2009-2010:350071
17850,523411,20679,EDWARDIAN PARASOL RED,6,4.95,2010-09-22 08:45:00,United Kingdom,online_retail_II.xlsx,Year 2009-2010,350072,Year 2009-2010:350072
17850,523411,21156,RETROSPOT CHILDRENS APRON,8,1.65,2010-09-22 08:45:00,United Kingdom,online_retail_II.xlsx,Year 2009-2010,350073,Year 2009-2010:350073
17850,523411,22367,CHILDRENS APRON SPACEBOY DESIGN,8,1.65,2010-09-22 08:45:00,United Kingdom,online_retail_II.xlsx,Year 2009-2010,350074,Year 2009-2010:350074
17850,523411,71477,COLOUR GLASS. STAR T-LIGHT HOLDER,4,2.75,2010-09-22 08:45:00,United Kingdom,online_retail_II.xlsx,Year 2009-2010,350075,Year 2009-2010:350075
17850,523411,72741,GRAND CHOCOLATECANDLE,9,1.25,2010-09-22 08:45:00,United Kingdom,online_retail_II.xlsx,Year 2009-2010,350076,Year 2009-2010:350076
17850,523411,22468,BABUSHKA LIGHTS STRING OF 10,6,5.95,2010-09-22 08:45:00,United Kingdom,online_retail_II.xlsx,Year 2009-2010,350077,Year 2009-2010:350077
17850,523411,35647,VINTAGE BEAD PINK SHADE,6,1.25,2010-09-22 08:45:00,United Kingdom,online_retail_II.xlsx,Year 2009-2010,350078,Year 2009-2010:350078
17850,523411,37370,RETRO COFFEE MUGS ASSORTED,6,1.06,2010-09-22 08:45:00,United Kingdom,online_retail_II.xlsx,Year 2009-2010,350079,Year 2009-2010:350079
17850,523411,21071,VINTAGE BILLBOARD DRINK ME MUG,6,1.06,2010-09-22 08:45:00,United Kingdom,online_retail_II.xlsx,Year 2009-2010,350080,Year 2009-2010:350080
17850,523411,21870,I CAN ONLY PLEASE ONE PERSON MUG,6,1.06,2010-09-22 08:45:00,United Kingdom,online_retail_II.xlsx,Year 2009-2010,350081,Year 2009-2010:350081
17850,523411,21874,GIN AND TONIC MUG,6,1.06,2010-09-22 08:45:00,United Kingdom,online_retail_II.xlsx,Year 2009-2010,350082,Year 2009-2010:350082
17850,523411,22023,EMPIRE BIRTHDAY CARD,12,0.36,2010-09-22 08:45:00,United Kingdom,online_retail_II.xlsx,Year 2009-2010,350083,Year 2009-2010:350083
17850,523411,21504,SKULLS GREETING CARD,12,0.36,2010-09-22 08:45:00,United Kingdom,online_retail_II.xlsx,Year 2009-2010,350084,Year 2009-2010:350084
17850,523411,21508,VINTAGE KID DOLLY CARD,12,0.36,2010-09-22 08:45:00,United Kingdom,online_retail_II.xlsx,Year 2009-2010,350085,Year 2009-2010:350085
17850,523411,21509,COWBOYS AND INDIANS BIRTHDAY CARD,12,0.36,2010-09-22 08:45:00,United Kingdom,online_retail_II.xlsx,Year 2009-2010,350086,Year 2009-2010:350086
17850,523411,22026,BANQUET BIRTHDAY  CARD,12,0.36,2010-09-22 08:45:00,United Kingdom,online_retail_II.xlsx,Year 2009-2010,350087,Year 2009-2010:350087
17850,523411,22029,SPACEBOY BIRTHDAY CARD,12,0.36,2010-09-22 08:45:00,United Kingdom,online_retail_II.xlsx,Year 2009-2010,350088,Year 2009-2010:350088
17850,523412,21169,YOU'RE CONFUSING ME METAL SIGN,12,1.45,2010-09-22 08:47:00,United Kingdom,online_retail_II.xlsx,Year 2009-2010,350089,Year 2009-2010:350089
17850,523412,21165,BEWARE OF THE CAT METAL SIGN,12,1.45,2010-09-22 08:47:00,United Kingdom,online_retail_II.xlsx,Year 2009-2010,350090,Year 2009-2010:350090
17850,523412,21166,COOK WITH WINE METAL SIGN,12,1.69,2010-09-22 08:47:00,United Kingdom,online_retail_II.xlsx,Year 2009-2010,350091,Year 2009-2010:350091
17850,523413,21169,YOU'RE CONFUSING ME METAL SIGN,12,1.45,2010-09-22 08:50:00,United Kingdom,online_retail_II.xlsx,Year 2009-2010,350092,Year 2009-2010:350092
17850,523413,21166,COOK WITH WINE METAL SIGN,12,1.69,2010-09-22 08:50:00,United Kingdom,online_retail_II.xlsx,Year 2009-2010,350093,Year 2009-2010:350093
17850,523415,21169,YOU'RE CONFUSING ME METAL SIGN,12,1.45,2010-09-22 09:18:00,United Kingdom,online_retail_II.xlsx,Year 2009-2010,350095,Year 2009-2010:350095
17850,523418,21071,VINTAGE BILLBOARD DRINK ME MUG,12,1.06,2010-09-22 09:23:00,United Kingdom,online_retail_II.xlsx,Year 2009-2010,350119,Year 2009-2010:350119
17850,523418,21874,GIN AND TONIC MUG,12,1.06,2010-09-22 09:23:00,United Kingdom,online_retail_II.xlsx,Year 2009-2010,350120,Year 2009-2010:350120
17850,523418,22023,EMPIRE BIRTHDAY CARD,12,0.36,2010-09-22 09:23:00,United Kingdom,online_retail_II.xlsx,Year 2009-2010,350121,Year 2009-2010:350121
17850,523418,21519,GIN & TONIC DIET GREETING CARD,12,0.36,2010-09-22 09:23:00,United Kingdom,online_retail_II.xlsx,Year 2009-2010,350122,Year 2009-2010:350122
17850,523418,21508,VINTAGE KID DOLLY CARD,12,0.36,2010-09-22 09:23:00,United Kingdom,online_retail_II.xlsx,Year 2009-2010,350123,Year 2009-2010:350123
17850,523418,21504,SKULLS GREETING CARD,12,0.36,2010-09-22 09:23:00,United Kingdom,online_retail_II.xlsx,Year 2009-2010,350124,Year 2009-2010:350124
17850,523418,21509,COWBOYS AND INDIANS BIRTHDAY CARD,12,0.36,2010-09-22 09:23:00,United Kingdom,online_retail_II.xlsx,Year 2009-2010,350125,Year 2009-2010:350125
17850,523418,22026,BANQUET BIRTHDAY  CARD,12,0.36,2010-09-22 09:23:00,United Kingdom,online_retail_II.xlsx,Year 2009-2010,350126,Year 2009-2010:350126
17850,523418,22029,SPACEBOY BIRTHDAY CARD,12,0.36,2010-09-22 09:23:00,United Kingdom,online_retail_II.xlsx,Year 2009-2010,350127,Year 2009-2010:350127
17850,523418,85123A,WHITE HANGING HEART T-LIGHT HOLDER,6,2.55,2010-09-22 09:23:00,United Kingdom,online_retail_II.xlsx,Year 2009-2010,350128,Year 2009-2010:350128
17850,523418,82494L,WOODEN FRAME ANTIQUE WHITE,6,2.55,2010-09-22 09:23:00,United Kingdom,online_retail_II.xlsx,Year 2009-2010,350129,Year 2009-2010:350129
17850,523418,82482,WOODEN PICTURE FRAME WHITE FINISH,6,2.1,2010-09-22 09:23:00,United Kingdom,online_retail_II.xlsx,Year 2009-2010,350130,Year 2009-2010:350130
17850,523418,82483,WOOD 2 DRAWER CABINET WHITE FINISH,4,4.95,2010-09-22 09:23:00,United Kingdom,online_retail_II.xlsx,Year 2009-2010,350131,Year 2009-2010:350131
17850,523418,82486,WOOD S/3 CABINET ANT WHITE FINISH,4,6.95,2010-09-22 09:23:00,United Kingdom,online_retail_II.xlsx,Year 2009-2010,350132,Year 2009-2010:350132
17850,523418,22113,GREY HEART HOT WATER BOTTLE,6,3.39,2010-09-22 09:23:00,United Kingdom,online_retail_II.xlsx,Year 2009-2010,350133,Year 2009-2010:350133
17850,523418,71477,COLOUR GLASS. STAR T-LIGHT HOLDER,4,2.75,2010-09-22 09:23:00,United Kingdom,online_retail_II.xlsx,Year 2009-2010,350134,Year 2009-2010:350134
17850,523418,72741,GRAND CHOCOLATECANDLE,9,1.25,2010-09-22 09:23:00,United Kingdom,online_retail_II.xlsx,Year 2009-2010,350135,Year 2009-2010:350135
17850,523418,22468,BABUSHKA LIGHTS STRING OF 10,6,5.95,2010-09-22 09:23:00,United Kingdom,online_retail_II.xlsx,Year 2009-2010,350136,Year 2009-2010:350136
17850,523418,35647,VINTAGE BEAD PINK SHADE,6,1.25,2010-09-22 09:23:00,United Kingdom,online_retail_II.xlsx,Year 2009-2010,350137,Year 2009-2010:350137
17850,523418,37370,RETRO COFFEE MUGS ASSORTED,12,1.06,2010-09-22 09:23:00,United Kingdom,online_retail_II.xlsx,Year 2009-2010,350138,Year 2009-2010:350138
17850,523419,21169,YOU'RE CONFUSING ME METAL SIGN,6,1.45,2010-09-22 09:25:00,United Kingdom,online_retail_II.xlsx,Year 2009-2010,350139,Year 2009-2010:350139
17850,523420,22468,BABUSHKA LIGHTS STRING OF 10,12,5.95,2010-09-22 09:53:00,United Kingdom,online_retail_II.xlsx,Year 2009-2010,350140,Year 2009-2010:350140
17850,523420,20679,EDWARDIAN PARASOL RED,6,4.95,2010-09-22 09:53:00,United Kingdom,online_retail_II.xlsx,Year 2009-2010,350141,Year 2009-2010:350141
17850,523420,21156,RETROSPOT CHILDRENS APRON,8,1.65,2010-09-22 09:53:00,United Kingdom,online_retail_II.xlsx,Year 2009-2010,350142,Year 2009-2010:350142
17850,523420,22367,CHILDRENS APRON SPACEBOY DESIGN,8,1.65,2010-09-22 09:53:00,United Kingdom,online_retail_II.xlsx,Year 2009-2010,350143,Year 2009-2010:350143
17850,523420,22113,GREY HEART HOT WATER BOTTLE,12,3.39,2010-09-22 09:53:00,United Kingdom,online_retail_II.xlsx,Year 2009-2010,350144,Year 2009-2010:350144
17850,523420,71477,COLOUR GLASS. STAR T-LIGHT HOLDER,6,2.75,2010-09-22 09:53:00,United Kingdom,online_retail_II.xlsx,Year 2009-2010,350145,Year 2009-2010:350145
17850,523420,72741,GRAND CHOCOLATECANDLE,18,1.25,2010-09-22 09:53:00,United Kingdom,online_retail_II.xlsx,Year 2009-2010,350146,Year 2009-2010:350146
17850,523420,35647,VINTAGE BEAD PINK SHADE,12,1.25,2010-09-22 09:53:00,United Kingdom,online_retail_II.xlsx,Year 2009-2010,350147,Year 2009-2010:350147
17850,523420,37370,RETRO COFFEE MUGS ASSORTED,6,1.06,2010-09-22 09:53:00,United Kingdom,online_retail_II.xlsx,Year 2009-2010,350148,Year 2009-2010:350148
17850,523420,21071,VINTAGE BILLBOARD DRINK ME MUG,6,1.06,2010-09-22 09:53:00,United Kingdom,online_retail_II.xlsx,Year 2009-2010,350149,Year 2009-2010:350149
17850,523420,21870,I CAN ONLY PLEASE ONE PERSON MUG,6,1.06,2010-09-22 09:53:00,United Kingdom,online_retail_II.xlsx,Year 2009-2010,350150,Year 2009-2010:350150
17850,523420,21874,GIN AND TONIC MUG,6,1.06,2010-09-22 09:53:00,United Kingdom,online_retail_II.xlsx,Year 2009-2010,350151,Year 2009-2010:350151
17850,523420,22023,EMPIRE BIRTHDAY CARD,12,0.36,2010-09-22 09:53:00,United Kingdom,online_retail_II.xlsx,Year 2009-2010,350152,Year 2009-2010:350152
17850,523420,21504,SKULLS GREETING CARD,12,0.36,2010-09-22 09:53:00,United Kingdom,online_retail_II.xlsx,Year 2009-2010,350153,Year 2009-2010:350153
17850,523420,21508,VINTAGE KID DOLLY CARD,12,0.36,2010-09-22 09:53:00,United Kingdom,online_retail_II.xlsx,Year 2009-2010,350154,Year 2009-2010:350154
17850,523420,21509,COWBOYS AND INDIANS BIRTHDAY CARD,12,0.36,2010-09-22 09:53:00,United Kingdom,online_retail_II.xlsx,Year 2009-2010,350155,Year 2009-2010:350155
17850,523420,22026,BANQUET BIRTHDAY  CARD,12,0.36,2010-09-22 09:53:00,United Kingdom,online_retail_II.xlsx,Year 2009-2010,350156,Year 2009-2010:350156
17850,523420,22029,SPACEBOY BIRTHDAY CARD,12,0.36,2010-09-22 09:53:00,United Kingdom,online_retail_II.xlsx,Year 2009-2010,350157,Year 2009-2010:350157
17850,523420,85123A,WHITE HANGING HEART T-LIGHT HOLDER,12,2.55,2010-09-22 09:53:00,United Kingdom,online_retail_II.xlsx,Year 2009-2010,350158,Year 2009-2010:350158
17850,523420,82494L,WOODEN FRAME ANTIQUE WHITE,12,2.55,2010-09-22 09:53:00,United Kingdom,online_retail_II.xlsx,Year 2009-2010,350159,Year 2009-2010:350159
17850,523420,82482,WOODEN PICTURE FRAME WHITE FINISH,12,2.1,2010-09-22 09:53:00,United Kingdom,online_retail_II.xlsx,Year 2009-2010,350160,Year 2009-2010:350160
17850,523420,82483,WOOD 2 DRAWER CABINET WHITE FINISH,6,4.95,2010-09-22 09:53:00,United Kingdom,online_retail_II.xlsx,Year 2009-2010,350161,Year 2009-2010:350161
17850,523420,82486,WOOD S/3 CABINET ANT WHITE FINISH,6,6.95,2010-09-22 09:53:00,United Kingdom,online_retail_II.xlsx,Year 2009-2010,350162,Year 2009-2010:350162
17850,523420,22170,PICTURE FRAME WOOD TRIPLE PORTRAIT,6,5.95,2010-09-22 09:53:00,United Kingdom,online_retail_II.xlsx,Year 2009-2010,350163,Year 2009-2010:350163
17850,523420,15056BL,EDWARDIAN PARASOL BLACK,6,4.95,2010-09-22 09:53:00,United Kingdom,online_retail_II.xlsx,Year 2009-2010,350164,Year 2009-2010:350164
17850,523421,21169,YOU'RE CONFUSING ME METAL SIGN,12,1.45,2010-09-22 09:54:00,United Kingdom,online_retail_II.xlsx,Year 2009-2010,350165,Year 2009-2010:350165
17850,523421,21165,BEWARE OF THE CAT METAL SIGN,12,1.45,2010-09-22 09:54:00,United Kingdom,online_retail_II.xlsx,Year 2009-2010,350166,Year 2009-2010:350166
17850,523422,35647,VINTAGE BEAD PINK SHADE,6,1.25,2010-09-22 10:10:00,United Kingdom,online_retail_II.xlsx,Year 2009-2010,350167,Year 2009-2010:350167
17850,523422,37370,RETRO COFFEE MUGS ASSORTED,12,1.06,2010-09-22 10:10:00,United Kingdom,online_retail_II.xlsx,Year 2009-2010,350168,Year 2009-2010:350168
17850,523422,21071,VINTAGE BILLBOARD DRINK ME MUG,12,1.06,2010-09-22 10:10:00,United Kingdom,online_retail_II.xlsx,Year 2009-2010,350169,Year 2009-2010:350169
17850,523422,22468,BABUSHKA LIGHTS STRING OF 10,6,5.95,2010-09-22 10:10:00,United Kingdom,online_retail_II.xlsx,Year 2009-2010,350170,Year 2009-2010:350170
17850,523422,21870,I CAN ONLY PLEASE ONE PERSON MUG,12,1.06,2010-09-22 10:10:00,United Kingdom,online_retail_II.xlsx,Year 2009-2010,350171,Year 2009-2010:350171
17850,523422,21874,GIN AND TONIC MUG,12,1.06,2010-09-22 10:10:00,United Kingdom,online_retail_II.xlsx,Year 2009-2010,350172,Year 2009-2010:350172
17850,523422,22023,EMPIRE BIRTHDAY CARD,12,0.36,2010-09-22 10:10:00,United Kingdom,online_retail_II.xlsx,Year 2009-2010,350173,Year 2009-2010:350173
17850,523422,21519,GIN & TONIC DIET GREETING CARD,12,0.36,2010-09-22 10:10:00,United Kingdom,online_retail_II.xlsx,Year 2009-2010,350174,Year 2009-2010:350174
17850,523422,21508,VINTAGE KID DOLLY CARD,12,0.36,2010-09-22 10:10:00,United Kingdom,online_retail_II.xlsx,Year 2009-2010,350175,Year 2009-2010:350175
17850,523422,21504,SKULLS GREETING CARD,12,0.36,2010-09-22 10:10:00,United Kingdom,online_retail_II.xlsx,Year 2009-2010,350176,Year 2009-2010:350176
17850,523422,21509,COWBOYS AND INDIANS BIRTHDAY CARD,12,0.36,2010-09-22 10:10:00,United Kingdom,online_retail_II.xlsx,Year 2009-2010,350177,Year 2009-2010:350177
17850,523422,22026,BANQUET BIRTHDAY  CARD,12,0.36,2010-09-22 10:10:00,United Kingdom,online_retail_II.xlsx,Year 2009-2010,350178,Year 2009-2010:350178
17850,523422,22029,SPACEBOY BIRTHDAY CARD,12,0.36,2010-09-22 10:10:00,United Kingdom,online_retail_II.xlsx,Year 2009-2010,350179,Year 2009-2010:350179
17850,523422,85123A,WHITE HANGING HEART T-LIGHT HOLDER,6,2.55,2010-09-22 10:10:00,United Kingdom,online_retail_II.xlsx,Year 2009-2010,350180,Year 2009-2010:350180
17850,523422,82494L,WOODEN FRAME ANTIQUE WHITE,6,2.55,2010-09-22 10:10:00,United Kingdom,online_retail_II.xlsx,Year 2009-2010,350181,Year 2009-2010:350181
17850,523422,82482,WOODEN PICTURE FRAME WHITE FINISH,6,2.1,2010-09-22 10:10:00,United Kingdom,online_retail_II.xlsx,Year 2009-2010,350182,Year 2009-2010:350182
17850,523422,82483,WOOD 2 DRAWER CABINET WHITE FINISH,4,4.95,2010-09-22 10:10:00,United Kingdom,online_retail_II.xlsx,Year 2009-2010,350183,Year 2009-2010:350183
17850,523422,82486,WOOD S/3 CABINET ANT WHITE FINISH,4,6.95,2010-09-22 10:10:00,United Kingdom,online_retail_II.xlsx,Year 2009-2010,350184,Year 2009-2010:350184
17850,523422,15056BL,EDWARDIAN PARASOL BLACK,6,4.95,2010-09-22 10:10:00,United Kingdom,online_retail_II.xlsx,Year 2009-2010,350185,Year 2009-2010:350185
17850,523422,20679,EDWARDIAN PARASOL RED,6,4.95,2010-09-22 10:10:00,United Kingdom,online_retail_II.xlsx,Year 2009-2010,350186,Year 2009-2010:350186
17850,523422,21156,RETROSPOT CHILDRENS APRON,8,1.65,2010-09-22 10:10:00,United Kingdom,online_retail_II.xlsx,Year 2009-2010,350187,Year 2009-2010:350187
17850,523422,22367,CHILDRENS APRON SPACEBOY DESIGN,8,1.65,2010-09-22 10:10:00,United Kingdom,online_retail_II.xlsx,Year 2009-2010,350188,Year 2009-2010:350188
17850,523422,22113,GREY HEART HOT WATER BOTTLE,6,3.39,2010-09-22 10:10:00,United Kingdom,online_retail_II.xlsx,Year 2009-2010,350189,Year 2009-2010:350189
17850,523422,71477,COLOUR GLASS. STAR T-LIGHT HOLDER,4,2.75,2010-09-22 10:10:00,United Kingdom,online_retail_II.xlsx,Year 2009-2010,350190,Year 2009-2010:350190
17850,523422,72741,GRAND CHOCOLATECANDLE,9,1.25,2010-09-22 10:10:00,United Kingdom,online_retail_II.xlsx,Year 2009-2010,350191,Year 2009-2010:350191
17850,523423,21169,YOU'RE CONFUSING ME METAL SIGN,6,1.45,2010-09-22 10:11:00,United Kingdom,online_retail_II.xlsx,Year 2009-2010,350192,Year 2009-2010:350192
17850,523423,21165,BEWARE OF THE CAT METAL SIGN,12,1.45,2010-09-22 10:11:00,United Kingdom,online_retail_II.xlsx,Year 2009-2010,350193,Year 2009-2010:350193
17850,523423,21166,COOK WITH WINE METAL SIGN,6,1.69,2010-09-22 10:11:00,United Kingdom,online_retail_II.xlsx,Year 2009-2010,350194,Year 2009-2010:350194
17850,523461,82486,WOOD S/3 CABINET ANT WHITE FINISH,6,6.95,2010-09-22 11:32:00,United Kingdom,online_retail_II.xlsx,Year 2009-2010,350324,Year 2009-2010:350324
17850,523461,22170,PICTURE FRAME WOOD TRIPLE PORTRAIT,6,5.95,2010-09-22 11:32:00,United Kingdom,online_retail_II.xlsx,Year 2009-2010,350325,Year 2009-2010:350325
17850,523461,15056BL,EDWARDIAN PARASOL BLACK,12,4.95,2010-09-22 11:32:00,United Kingdom,online_retail_II.xlsx,Year 2009-2010,350326,Year 2009-2010:350326
17850,523461,20679,EDWARDIAN PARASOL RED,12,4.95,2010-09-22 11:32:00,United Kingdom,online_retail_II.xlsx,Year 2009-2010,350327,Year 2009-2010:350327
17850,523461,21156,RETROSPOT CHILDRENS APRON,8,1.65,2010-09-22 11:32:00,United Kingdom,online_retail_II.xlsx,Year 2009-2010,350328,Year 2009-2010:350328
17850,523461,22367,CHILDRENS APRON SPACEBOY DESIGN,8,1.65,2010-09-22 11:32:00,United Kingdom,online_retail_II.xlsx,Year 2009-2010,350329,Year 2009-2010:350329
17850,523461,22113,GREY HEART HOT WATER BOTTLE,6,3.39,2010-09-22 11:32:00,United Kingdom,online_retail_II.xlsx,Year 2009-2010,350330,Year 2009-2010:350330
17850,523461,71477,COLOUR GLASS. STAR T-LIGHT HOLDER,6,2.75,2010-09-22 11:32:00,United Kingdom,online_retail_II.xlsx,Year 2009-2010,350331,Year 2009-2010:350331
17850,523461,72741,GRAND CHOCOLATECANDLE,18,1.25,2010-09-22 11:32:00,United Kingdom,online_retail_II.xlsx,Year 2009-2010,350332,Year 2009-2010:350332
17850,523461,22468,BABUSHKA LIGHTS STRING OF 10,12,5.95,2010-09-22 11:32:00,United Kingdom,online_retail_II.xlsx,Year 2009-2010,350333,Year 2009-2010:350333
17850,523461,35647,VINTAGE BEAD PINK SHADE,12,1.25,2010-09-22 11:32:00,United Kingdom,online_retail_II.xlsx,Year 2009-2010,350334,Year 2009-2010:350334
17850,523461,37370,RETRO COFFEE MUGS ASSORTED,12,1.06,2010-09-22 11:32:00,United Kingdom,online_retail_II.xlsx,Year 2009-2010,350335,Year 2009-2010:350335
17850,523461,21071,VINTAGE BILLBOARD DRINK ME MUG,12,1.06,2010-09-22 11:32:00,United Kingdom,online_retail_II.xlsx,Year 2009-2010,350336,Year 2009-2010:350336
17850,523461,21870,I CAN ONLY PLEASE ONE PERSON MUG,12,1.06,2010-09-22 11:32:00,United Kingdom,online_retail_II.xlsx,Year 2009-2010,350337,Year 2009-2010:350337
17850,523461,21874,GIN AND TONIC MUG,12,1.06,2010-09-22 11:32:00,United Kingdom,online_retail_II.xlsx,Year 2009-2010,350338,Year 2009-2010:350338
17850,523461,22023,EMPIRE BIRTHDAY CARD,12,0.36,2010-09-22 11:32:00,United Kingdom,online_retail_II.xlsx,Year 2009-2010,350339,Year 2009-2010:350339
17850,523461,21519,GIN & TONIC DIET GREETING CARD,12,0.36,2010-09-22 11:32:00,United Kingdom,online_retail_II.xlsx,Year 2009-2010,350340,Year 2009-2010:350340
17850,523461,21504,SKULLS GREETING CARD,12,0.36,2010-09-22 11:32:00,United Kingdom,online_retail_II.xlsx,Year 2009-2010,350341,Year 2009-2010:350341
17850,523461,21509,COWBOYS AND INDIANS BIRTHDAY CARD,12,0.36,2010-09-22 11:32:00,United Kingdom,online_retail_II.xlsx,Year 2009-2010,350342,Year 2009-2010:350342
17850,523461,22026,BANQUET BIRTHDAY  CARD,12,0.36,2010-09-22 11:32:00,United Kingdom,online_retail_II.xlsx,Year 2009-2010,350343,Year 2009-2010:350343
17850,523461,22029,SPACEBOY BIRTHDAY CARD,12,0.36,2010-09-22 11:32:00,United Kingdom,online_retail_II.xlsx,Year 2009-2010,350344,Year 2009-2010:350344
17850,523461,21508,VINTAGE KID DOLLY CARD,12,0.36,2010-09-22 11:32:00,United Kingdom,online_retail_II.xlsx,Year 2009-2010,350345,Year 2009-2010:350345
17850,523461,85123A,WHITE HANGING HEART T-LIGHT HOLDER,12,2.55,2010-09-22 11:32:00,United Kingdom,online_retail_II.xlsx,Year 2009-2010,350346,Year 2009-2010:350346
17850,523461,82494L,WOODEN FRAME ANTIQUE WHITE,12,2.55,2010-09-22 11:32:00,United Kingdom,online_retail_II.xlsx,Year 2009-2010,350347,Year 2009-2010:350347
17850,523461,82482,WOODEN PICTURE FRAME WHITE FINISH,12,2.1,2010-09-22 11:32:00,United Kingdom,online_retail_II.xlsx,Year 2009-2010,350348,Year 2009-2010:350348
17850,523461,82483,WOOD 2 DRAWER CABINET WHITE FINISH,6,4.95,2010-09-22 11:32:00,United Kingdom,online_retail_II.xlsx,Year 2009-2010,350349,Year 2009-2010:350349
17850,523462,21169,YOU'RE CONFUSING ME METAL SIGN,12,1.45,2010-09-22 11:34:00,United Kingdom,online_retail_II.xlsx,Year 2009-2010,350350,Year 2009-2010:350350
17850,523462,21166,COOK WITH WINE METAL SIGN,12,1.69,2010-09-22 11:34:00,United Kingdom,online_retail_II.xlsx,Year 2009-2010,350351,Year 2009-2010:350351
17850,523465,22023,EMPIRE BIRTHDAY CARD,12,0.36,2010-09-22 11:37:00,United Kingdom,online_retail_II.xlsx,Year 2009-2010,350352,Year 2009-2010:350352
17850,523465,21504,SKULLS GREETING CARD,12,0.36,2010-09-22 11:37:00,United Kingdom,online_retail_II.xlsx,Year 2009-2010,350353,Year 2009-2010:350353
17850,523465,21508,VINTAGE KID DOLLY CARD,12,0.36,2010-09-22 11:37:00,United Kingdom,online_retail_II.xlsx,Year 2009-2010,350354,Year 2009-2010:350354
17850,523465,21509,COWBOYS AND INDIANS BIRTHDAY CARD,12,0.36,2010-09-22 11:37:00,United Kingdom,online_retail_II.xlsx,Year 2009-2010,350355,Year 2009-2010:350355
17850,523465,22026,BANQUET BIRTHDAY  CARD,12,0.36,2010-09-22 11:37:00,United Kingdom,online_retail_II.xlsx,Year 2009-2010,350356,Year 2009-2010:350356
17850,523465,22029,SPACEBOY BIRTHDAY CARD,12,0.36,2010-09-22 11:37:00,United Kingdom,online_retail_II.xlsx,Year 2009-2010,350357,Year 2009-2010:350357
17850,523465,85123A,WHITE HANGING HEART T-LIGHT HOLDER,12,2.55,2010-09-22 11:37:00,United Kingdom,online_retail_II.xlsx,Year 2009-2010,350358,Year 2009-2010:350358
17850,523465,82494L,WOODEN FRAME ANTIQUE WHITE,8,2.55,2010-09-22 11:37:00,United Kingdom,online_retail_II.xlsx,Year 2009-2010,350359,Year 2009-2010:350359
17850,523465,82482,WOODEN PICTURE FRAME WHITE FINISH,8,2.1,2010-09-22 11:37:00,United Kingdom,online_retail_II.xlsx,Year 2009-2010,350360,Year 2009-2010:350360
17850,523465,82483,WOOD 2 DRAWER CABINET WHITE FINISH,6,4.95,2010-09-22 11:37:00,United Kingdom,online_retail_II.xlsx,Year 2009-2010,350361,Year 2009-2010:350361
17850,523465,82486,WOOD S/3 CABINET ANT WHITE FINISH,6,6.95,2010-09-22 11:37:00,United Kingdom,online_retail_II.xlsx,Year 2009-2010,350362,Year 2009-2010:350362
17850,523465,15056BL,EDWARDIAN PARASOL BLACK,6,4.95,2010-09-22 11:37:00,United Kingdom,online_retail_II.xlsx,Year 2009-2010,350363,Year 2009-2010:350363
17850,523465,20679,EDWARDIAN PARASOL RED,6,4.95,2010-09-22 11:37:00,United Kingdom,online_retail_II.xlsx,Year 2009-2010,350364,Year 2009-2010:350364
17850,523465,21156,RETROSPOT CHILDRENS APRON,8,1.65,2010-09-22 11:37:00,United Kingdom,online_retail_II.xlsx,Year 2009-2010,350365,Year 2009-2010:350365
17850,523465,22367,CHILDRENS APRON SPACEBOY DESIGN,8,1.65,2010-09-22 11:37:00,United Kingdom,online_retail_II.xlsx,Year 2009-2010,350366,Year 2009-2010:350366
17850,523465,22113,GREY HEART HOT WATER BOTTLE,6,3.39,2010-09-22 11:37:00,United Kingdom,online_retail_II.xlsx,Year 2009-2010,350367,Year 2009-2010:350367
17850,523465,71477,COLOUR GLASS. STAR T-LIGHT HOLDER,6,2.75,2010-09-22 11:37:00,United Kingdom,online_retail_II.xlsx,Year 2009-2010,350368,Year 2009-2010:350368
17850,523465,72741,GRAND CHOCOLATECANDLE,18,1.25,2010-09-22 11:37:00,United Kingdom,online_retail_II.xlsx,Year 2009-2010,350369,Year 2009-2010:350369
17850,523465,22468,BABUSHKA LIGHTS STRING OF 10,6,5.95,2010-09-22 11:37:00,United Kingdom,online_retail_II.xlsx,Year 2009-2010,350370,Year 2009-2010:350370
17850,523465,35647,VINTAGE BEAD PINK SHADE,6,1.25,2010-09-22 11:37:00,United Kingdom,online_retail_II.xlsx,Year 2009-2010,350371,Year 2009-2010:350371
17850,523465,37370,RETRO COFFEE MUGS ASSORTED,6,1.06,2010-09-22 11:37:00,United Kingdom,online_retail_II.xlsx,Year 2009-2010,350372,Year 2009-2010:350372
17850,523465,21071,VINTAGE BILLBOARD DRINK ME MUG,6,1.06,2010-09-22 11:37:00,United Kingdom,online_retail_II.xlsx,Year 2009-2010,350373,Year 2009-2010:350373
17850,523465,21870,I CAN ONLY PLEASE ONE PERSON MUG,6,1.06,2010-09-22 11:37:00,United Kingdom,online_retail_II.xlsx,Year 2009-2010,350374,Year 2009-2010:350374
17850,523465,21874,GIN AND TONIC MUG,6,1.06,2010-09-22 11:37:00,United Kingdom,online_retail_II.xlsx,Year 2009-2010,350375,Year 2009-2010:350375
17850,523468,21156,RETROSPOT CHILDRENS APRON,8,1.65,2010-09-22 11:40:00,United Kingdom,online_retail_II.xlsx,Year 2009-2010,350376,Year 2009-2010:350376
17850,523468,22367,CHILDRENS APRON SPACEBOY DESIGN,8,1.65,2010-09-22 11:40:00,United Kingdom,online_retail_II.xlsx,Year 2009-2010,350377,Year 2009-2010:350377
17850,523468,22113,GREY HEART HOT WATER BOTTLE,12,3.39,2010-09-22 11:40:00,United Kingdom,online_retail_II.xlsx,Year 2009-2010,350378,Year 2009-2010:350378
17850,523468,71477,COLOUR GLASS. STAR T-LIGHT HOLDER,12,2.75,2010-09-22 11:40:00,United Kingdom,online_retail_II.xlsx,Year 2009-2010,350379,Year 2009-2010:350379
17850,523468,72741,GRAND CHOCOLATECANDLE,18,1.25,2010-09-22 11:40:00,United Kingdom,online_retail_II.xlsx,Year 2009-2010,350380,Year 2009-2010:350380
17850,523468,22468,BABUSHKA LIGHTS STRING OF 10,12,5.95,2010-09-22 11:40:00,United Kingdom,online_retail_II.xlsx,Year 2009-2010,350381,Year 2009-2010:350381
17850,523468,35647,VINTAGE BEAD PINK SHADE,12,1.25,2010-09-22 11:40:00,United Kingdom,online_retail_II.xlsx,Year 2009-2010,350382,Year 2009-2010:350382
17850,523468,37370,RETRO COFFEE MUGS ASSORTED,12,1.06,2010-09-22 11:40:00,United Kingdom,online_retail_II.xlsx,Year 2009-2010,350383,Year 2009-2010:350383
17850,523468,21071,VINTAGE BILLBOARD DRINK ME MUG,12,1.06,2010-09-22 11:40:00,United Kingdom,online_retail_II.xlsx,Year 2009-2010,350384,Year 2009-2010:350384
17850,523468,21870,I CAN ONLY PLEASE ONE PERSON MUG,12,1.06,2010-09-22 11:40:00,United Kingdom,online_retail_II.xlsx,Year 2009-2010,350385,Year 2009-2010:350385
17850,523468,21874,GIN AND TONIC MUG,12,1.06,2010-09-22 11:40:00,United Kingdom,online_retail_II.xlsx,Year 2009-2010,350386,Year 2009-2010:350386
17850,523468,22023,EMPIRE BIRTHDAY CARD,12,0.36,2010-09-22 11:40:00,United Kingdom,online_retail_II.xlsx,Year 2009-2010,350387,Year 2009-2010:350387
17850,523468,21504,SKULLS GREETING CARD,12,0.36,2010-09-22 11:40:00,United Kingdom,online_retail_II.xlsx,Year 2009-2010,350388,Year 2009-2010:350388
17850,523468,21508,VINTAGE KID DOLLY CARD,12,0.36,2010-09-22 11:40:00,United Kingdom,online_retail_II.xlsx,Year 2009-2010,350389,Year 2009-2010:350389
17850,523468,21509,COWBOYS AND INDIANS BIRTHDAY CARD,12,0.36,2010-09-22 11:40:00,United Kingdom,online_retail_II.xlsx,Year 2009-2010,350390,Year 2009-2010:350390
17850,523468,22026,BANQUET BIRTHDAY  CARD,12,0.36,2010-09-22 11:40:00,United Kingdom,online_retail_II.xlsx,Year 2009-2010,350391,Year 2009-2010:350391
17850,523468,22029,SPACEBOY BIRTHDAY CARD,12,0.36,2010-09-22 11:40:00,United Kingdom,online_retail_II.xlsx,Year 2009-2010,350392,Year 2009-2010:350392
17850,523468,85123A,WHITE HANGING HEART T-LIGHT HOLDER,12,2.55,2010-09-22 11:40:00,United Kingdom,online_retail_II.xlsx,Year 2009-2010,350393,Year 2009-2010:350393
17850,523468,82494L,WOODEN FRAME ANTIQUE WHITE,12,2.55,2010-09-22 11:40:00,United Kingdom,online_retail_II.xlsx,Year 2009-2010,350394,Year 2009-2010:350394
17850,523468,82482,WOODEN PICTURE FRAME WHITE FINISH,12,2.1,2010-09-22 11:40:00,United Kingdom,online_retail_II.xlsx,Year 2009-2010,350395,Year 2009-2010:350395
17850,523468,82483,WOOD 2 DRAWER CABINET WHITE FINISH,6,4.95,2010-09-22 11:40:00,United Kingdom,online_retail_II.xlsx,Year 2009-2010,350396,Year 2009-2010:350396
17850,523468,82486,WOOD S/3 CABINET ANT WHITE FINISH,6,6.95,2010-09-22 11:40:00,United Kingdom,online_retail_II.xlsx,Year 2009-2010,350397,Year 2009-2010:350397
17850,523468,22170,PICTURE FRAME WOOD TRIPLE PORTRAIT,6,5.95,2010-09-22 11:40:00,United Kingdom,online_retail_II.xlsx,Year 2009-2010,350398,Year 2009-2010:350398
17850,523468,15056BL,EDWARDIAN PARASOL BLACK,6,4.95,2010-09-22 11:40:00,United Kingdom,online_retail_II.xlsx,Year 2009-2010,350399,Year 2009-2010:350399
17850,523468,20679,EDWARDIAN PARASOL RED,6,4.95,2010-09-22 11:40:00,United Kingdom,online_retail_II.xlsx,Year 2009-2010,350400,Year 2009-2010:350400
17850,523469,21169,YOU'RE CONFUSING ME METAL SIGN,6,1.45,2010-09-22 11:41:00,United Kingdom,online_retail_II.xlsx,Year 2009-2010,350401,Year 2009-2010:350401
17850,523469,21165,BEWARE OF THE CAT METAL SIGN,6,1.45,2010-09-22 11:41:00,United Kingdom,online_retail_II.xlsx,Year 2009-2010,350402,Year 2009-2010:350402
17850,523470,21169,YOU'RE CONFUSING ME METAL SIGN,12,1.45,2010-09-22 11:41:00,United Kingdom,online_retail_II.xlsx,Year 2009-2010,350403,Year 2009-2010:350403
17850,523470,21165,BEWARE OF THE CAT METAL SIGN,12,1.45,2010-09-22 11:41:00,United Kingdom,online_retail_II.xlsx,Year 2009-2010,350404,Year 2009-2010:350404
17850,523470,21166,COOK WITH WINE METAL SIGN,12,1.69,2010-09-22 11:41:00,United Kingdom,online_retail_II.xlsx,Year 2009-2010,350405,Year 2009-2010:350405
17850,523511,22468,BABUSHKA LIGHTS STRING OF 10,12,5.95,2010-09-22 12:31:00,United Kingdom,online_retail_II.xlsx,Year 2009-2010,350671,Year 2009-2010:350671
17850,523511,35647,VINTAGE BEAD PINK SHADE,12,1.25,2010-09-22 12:31:00,United Kingdom,online_retail_II.xlsx,Year 2009-2010,350672,Year 2009-2010:350672
17850,523511,37370,RETRO COFFEE MUGS ASSORTED,12,1.06,2010-09-22 12:31:00,United Kingdom,online_retail_II.xlsx,Year 2009-2010,350673,Year 2009-2010:350673
17850,523511,21071,VINTAGE BILLBOARD DRINK ME MUG,12,1.06,2010-09-22 12:31:00,United Kingdom,online_retail_II.xlsx,Year 2009-2010,350674,Year 2009-2010:350674
17850,523511,21870,I CAN ONLY PLEASE ONE PERSON MUG,12,1.06,2010-09-22 12:31:00,United Kingdom,online_retail_II.xlsx,Year 2009-2010,350675,Year 2009-2010:350675
17850,523511,21874,GIN AND TONIC MUG,12,1.06,2010-09-22 12:31:00,United Kingdom,online_retail_II.xlsx,Year 2009-2010,350676,Year 2009-2010:350676
17850,523511,22023,EMPIRE BIRTHDAY CARD,12,0.36,2010-09-22 12:31:00,United Kingdom,online_retail_II.xlsx,Year 2009-2010,350677,Year 2009-2010:350677
17850,523511,21504,SKULLS GREETING CARD,12,0.36,2010-09-22 12:31:00,United Kingdom,online_retail_II.xlsx,Year 2009-2010,350678,Year 2009-2010:350678
17850,523511,21508,VINTAGE KID DOLLY CARD,12,0.36,2010-09-22 12:31:00,United Kingdom,online_retail_II.xlsx,Year 2009-2010,350679,Year 2009-2010:350679
17850,523511,21509,COWBOYS AND INDIANS BIRTHDAY CARD,12,0.36,2010-09-22 12:31:00,United Kingdom,online_retail_II.xlsx,Year 2009-2010,350680,Year 2009-2010:350680
17850,523511,22026,BANQUET BIRTHDAY  CARD,12,0.36,2010-09-22 12:31:00,United Kingdom,online_retail_II.xlsx,Year 2009-2010,350681,Year 2009-2010:350681
17850,523511,22029,SPACEBOY BIRTHDAY CARD,12,0.36,2010-09-22 12:31:00,United Kingdom,online_retail_II.xlsx,Year 2009-2010,350682,Year 2009-2010:350682
17850,523511,85123A,WHITE HANGING HEART T-LIGHT HOLDER,12,2.55,2010-09-22 12:31:00,United Kingdom,online_retail_II.xlsx,Year 2009-2010,350683,Year 2009-2010:350683
17850,523511,82494L,WOODEN FRAME ANTIQUE WHITE,12,2.55,2010-09-22 12:31:00,United Kingdom,online_retail_II.xlsx,Year 2009-2010,350684,Year 2009-2010:350684
17850,523511,82482,WOODEN PICTURE FRAME WHITE FINISH,12,2.1,2010-09-22 12:31:00,United Kingdom,online_retail_II.xlsx,Year 2009-2010,350685,Year 2009-2010:350685
17850,523511,82483,WOOD 2 DRAWER CABINET WHITE FINISH,6,4.95,2010-09-22 12:31:00,United Kingdom,online_retail_II.xlsx,Year 2009-2010,350686,Year 2009-2010:350686
17850,523511,82486,WOOD S/3 CABINET ANT WHITE FINISH,6,6.95,2010-09-22 12:31:00,United Kingdom,online_retail_II.xlsx,Year 2009-2010,350687,Year 2009-2010:350687
17850,523511,22170,PICTURE FRAME WOOD TRIPLE PORTRAIT,6,5.95,2010-09-22 12:31:00,United Kingdom,online_retail_II.xlsx,Year 2009-2010,350688,Year 2009-2010:350688
17850,523511,15056BL,EDWARDIAN PARASOL BLACK,6,4.95,2010-09-22 12:31:00,United Kingdom,online_retail_II.xlsx,Year 2009-2010,350689,Year 2009-2010:350689
17850,523511,20679,EDWARDIAN PARASOL RED,6,4.95,2010-09-22 12:31:00,United Kingdom,online_retail_II.xlsx,Year 2009-2010,350690,Year 2009-2010:350690
17850,523511,21156,RETROSPOT CHILDRENS APRON,8,1.65,2010-09-22 12:31:00,United Kingdom,online_retail_II.xlsx,Year 2009-2010,350691,Year 2009-2010:350691
17850,523511,22367,CHILDRENS APRON SPACEBOY DESIGN,8,1.65,2010-09-22 12:31:00,United Kingdom,online_retail_II.xlsx,Year 2009-2010,350692,Year 2009-2010:350692
17850,523511,22113,GREY HEART HOT WATER BOTTLE,12,3.39,2010-09-22 12:31:00,United Kingdom,online_retail_II.xlsx,Year 2009-2010,350693,Year 2009-2010:350693
17850,523511,71477,COLOUR GLASS. STAR T-LIGHT HOLDER,12,2.75,2010-09-22 12:31:00,United Kingdom,online_retail_II.xlsx,Year 2009-2010,350694,Year 2009-2010:350694
17850,523511,72741,GRAND CHOCOLATECANDLE,18,1.25,2010-09-22 12:31:00,United Kingdom,online_retail_II.xlsx,Year 2009-2010,350695,Year 2009-2010:350695
17850,523512,21169,YOU'RE CONFUSING ME METAL SIGN,12,1.45,2010-09-22 12:33:00,United Kingdom,online_retail_II.xlsx,Year 2009-2010,350696,Year 2009-2010:350696
17850,523512,21165,BEWARE OF THE CAT METAL SIGN,12,1.45,2010-09-22 12:33:00,United Kingdom,online_retail_II.xlsx,Year 2009-2010,350697,Year 2009-2010:350697
17850,523512,21166,COOK WITH WINE METAL SIGN,12,1.69,2010-09-22 12:33:00,United Kingdom,online_retail_II.xlsx,Year 2009-2010,350698,Year 2009-2010:350698
17850,523513,22023,EMPIRE BIRTHDAY CARD,12,0.36,2010-09-22 12:38:00,United Kingdom,online_retail_II.xlsx,Year 2009-2010,350699,Year 2009-2010:350699
17850,523513,22026,BANQUET BIRTHDAY  CARD,12,0.36,2010-09-22 12:38:00,United Kingdom,online_retail_II.xlsx,Year 2009-2010,350700,Year 2009-2010:350700
17850,523513,22029,SPACEBOY BIRTHDAY CARD,12,0.36,2010-09-22 12:38:00,United Kingdom,online_retail_II.xlsx,Year 2009-2010,350701,Year 2009-2010:350701
17850,523513,85123A,WHITE HANGING HEART T-LIGHT HOLDER,6,2.55,2010-09-22 12:38:00,United Kingdom,online_retail_II.xlsx,Year 2009-2010,350702,Year 2009-2010:350702
17850,523513,82494L,WOODEN FRAME ANTIQUE WHITE,6,2.55,2010-09-22 12:38:00,United Kingdom,online_retail_II.xlsx,Year 2009-2010,350703,Year 2009-2010:350703
17850,523513,82482,WOODEN PICTURE FRAME WHITE FINISH,6,2.1,2010-09-22 12:38:00,United Kingdom,online_retail_II.xlsx,Year 2009-2010,350704,Year 2009-2010:350704
17850,523513,82483,WOOD 2 DRAWER CABINET WHITE FINISH,6,4.95,2010-09-22 12:38:00,United Kingdom,online_retail_II.xlsx,Year 2009-2010,350705,Year 2009-2010:350705
17850,523513,82486,WOOD S/3 CABINET ANT WHITE FINISH,6,6.95,2010-09-22 12:38:00,United Kingdom,online_retail_II.xlsx,Year 2009-2010,350706,Year 2009-2010:350706
17850,523513,15056BL,EDWARDIAN PARASOL BLACK,6,4.95,2010-09-22 12:38:00,United Kingdom,online_retail_II.xlsx,Year 2009-2010,350707,Year 2009-2010:350707
17850,523513,20679,EDWARDIAN PARASOL RED,6,4.95,2010-09-22 12:38:00,United Kingdom,online_retail_II.xlsx,Year 2009-2010,350708,Year 2009-2010:350708
17850,523513,21156,RETROSPOT CHILDRENS APRON,8,1.65,2010-09-22 12:38:00,United Kingdom,online_retail_II.xlsx,Year 2009-2010,350709,Year 2009-2010:350709
17850,523513,22367,CHILDRENS APRON SPACEBOY DESIGN,8,1.65,2010-09-22 12:38:00,United Kingdom,online_retail_II.xlsx,Year 2009-2010,350710,Year 2009-2010:350710
17850,523513,22113,GREY HEART HOT WATER BOTTLE,6,3.39,2010-09-22 12:38:00,United Kingdom,online_retail_II.xlsx,Year 2009-2010,350711,Year 2009-2010:350711
17850,523513,71477,COLOUR GLASS. STAR T-LIGHT HOLDER,6,2.75,2010-09-22 12:38:00,United Kingdom,online_retail_II.xlsx,Year 2009-2010,350712,Year 2009-2010:350712
17850,523513,72741,GRAND CHOCOLATECANDLE,18,1.25,2010-09-22 12:38:00,United Kingdom,online_retail_II.xlsx,Year 2009-2010,350713,Year 2009-2010:350713
17850,523513,22468,BABUSHKA LIGHTS STRING OF 10,6,5.95,2010-09-22 12:38:00,United Kingdom,online_retail_II.xlsx,Year 2009-2010,350714,Year 2009-2010:350714
17850,523513,35647,VINTAGE BEAD PINK SHADE,12,1.25,2010-09-22 12:38:00,United Kingdom,online_retail_II.xlsx,Year 2009-2010,350715,Year 2009-2010:350715
17850,523513,21870,I CAN ONLY PLEASE ONE PERSON MUG,12,1.06,2010-09-22 12:38:00,United Kingdom,online_retail_II.xlsx,Year 2009-2010,350716,Year 2009-2010:350716
17850,523513,21874,GIN AND TONIC MUG,12,1.06,2010-09-22 12:38:00,United Kingdom,online_retail_II.xlsx,Year 2009-2010,350717,Year 2009-2010:350717
17850,523513,37370,RETRO COFFEE MUGS ASSORTED,12,1.06,2010-09-22 12:38:00,United Kingdom,online_retail_II.xlsx,Year 2009-2010,350718,Year 2009-2010:350718
17850,523513,22170,PICTURE FRAME WOOD TRIPLE PORTRAIT,6,5.95,2010-09-22 12:38:00,United Kingdom,online_retail_II.xlsx,Year 2009-2010,350719,Year 2009-2010:350719
17850,523514,21169,YOU'RE CONFUSING ME METAL SIGN,12,1.45,2010-09-22 12:39:00,United Kingdom,online_retail_II.xlsx,Year 2009-2010,350720,Year 2009-2010:350720
17850,523514,21165,BEWARE OF THE CAT METAL SIGN,12,1.69,2010-09-22 12:39:00,United Kingdom,online_retail_II.xlsx,Year 2009-2010,350721,Year 2009-2010:350721
17850,523514,21166,COOK WITH WINE METAL SIGN,12,1.69,2010-09-22 12:39:00,United Kingdom,online_retail_II.xlsx,Year 2009-2010,350722,Year 2009-2010:350722
17850,523540,21509,COWBOYS AND INDIANS BIRTHDAY CARD,12,0.36,2010-09-22 14:07:00,United Kingdom,online_retail_II.xlsx,Year 2009-2010,351006,Year 2009-2010:351006
17850,523540,22026,BANQUET BIRTHDAY  CARD,12,0.36,2010-09-22 14:07:00,United Kingdom,online_retail_II.xlsx,Year 2009-2010,351007,Year 2009-2010:351007
17850,523540,22029,SPACEBOY BIRTHDAY CARD,12,0.36,2010-09-22 14:07:00,United Kingdom,online_retail_II.xlsx,Year 2009-2010,351008,Year 2009-2010:351008
17850,523540,85123A,WHITE HANGING HEART T-LIGHT HOLDER,12,2.55,2010-09-22 14:07:00,United Kingdom,online_retail_II.xlsx,Year 2009-2010,351009,Year 2009-2010:351009
17850,523540,82494L,WOODEN FRAME ANTIQUE WHITE,8,2.55,2010-09-22 14:07:00,United Kingdom,online_retail_II.xlsx,Year 2009-2010,351010,Year 2009-2010:351010
17850,523540,82482,WOODEN PICTURE FRAME WHITE FINISH,8,2.1,2010-09-22 14:07:00,United Kingdom,online_retail_II.xlsx,Year 2009-2010,351011,Year 2009-2010:351011
17850,523540,82483,WOOD 2 DRAWER CABINET WHITE FINISH,6,4.95,2010-09-22 14:07:00,United Kingdom,online_retail_II.xlsx,Year 2009-2010,351012,Year 2009-2010:351012
17850,523540,82486,WOOD S/3 CABINET ANT WHITE FINISH,6,6.95,2010-09-22 14:07:00,United Kingdom,online_retail_II.xlsx,Year 2009-2010,351013,Year 2009-2010:351013
17850,523540,15056BL,EDWARDIAN PARASOL BLACK,6,4.95,2010-09-22 14:07:00,United Kingdom,online_retail_II.xlsx,Year 2009-2010,351014,Year 2009-2010:351014
17850,523540,20679,EDWARDIAN PARASOL RED,6,4.95,2010-09-22 14:07:00,United Kingdom,online_retail_II.xlsx,Year 2009-2010,351015,Year 2009-2010:351015
17850,523540,21156,RETROSPOT CHILDRENS APRON,8,1.65,2010-09-22 14:07:00,United Kingdom,online_retail_II.xlsx,Year 2009-2010,351016,Year 2009-2010:351016
17850,523540,22367,CHILDRENS APRON SPACEBOY DESIGN,8,1.65,2010-09-22 14:07:00,United Kingdom,online_retail_II.xlsx,Year 2009-2010,351017,Year 2009-2010:351017
17850,523540,22113,GREY HEART HOT WATER BOTTLE,6,3.39,2010-09-22 14:07:00,United Kingdom,online_retail_II.xlsx,Year 2009-2010,351018,Year 2009-2010:351018
17850,523540,71477,COLOUR GLASS. STAR T-LIGHT HOLDER,6,2.75,2010-09-22 14:07:00,United Kingdom,online_retail_II.xlsx,Year 2009-2010,351019,Year 2009-2010:351019
17850,523540,72741,GRAND CHOCOLATECANDLE,18,1.25,2010-09-22 14:07:00,United Kingdom,online_retail_II.xlsx,Year 2009-2010,351020,Year 2009-2010:351020
17850,523540,22170,PICTURE FRAME WOOD TRIPLE PORTRAIT,6,5.95,2010-09-22 14:07:00,United Kingdom,online_retail_II.xlsx,Year 2009-2010,351021,Year 2009-2010:351021
17850,523540,22468,BABUSHKA LIGHTS STRING OF 10,6,5.95,2010-09-22 14:07:00,United Kingdom,online_retail_II.xlsx,Year 2009-2010,351022,Year 2009-2010:351022
17850,523540,35647,VINTAGE BEAD PINK SHADE,6,1.25,2010-09-22 14:07:00,United Kingdom,online_retail_II.xlsx,Year 2009-2010,351023,Year 2009-2010:351023
17850,523540,37370,RETRO COFFEE MUGS ASSORTED,6,1.06,2010-09-22 14:07:00,United Kingdom,online_retail_II.xlsx,Year 2009-2010,351024,Year 2009-2010:351024
17850,523540,21071,VINTAGE BILLBOARD DRINK ME MUG,6,1.06,2010-09-22 14:07:00,United Kingdom,online_retail_II.xlsx,Year 2009-2010,351025,Year 2009-2010:351025
17850,523540,21870,I CAN ONLY PLEASE ONE PERSON MUG,6,1.06,2010-09-22 14:07:00,United Kingdom,online_retail_II.xlsx,Year 2009-2010,351026,Year 2009-2010:351026
17850,523540,21874,GIN AND TONIC MUG,6,1.06,2010-09-22 14:07:00,United Kingdom,online_retail_II.xlsx,Year 2009-2010,351027,Year 2009-2010:351027
17850,523540,22023,EMPIRE BIRTHDAY CARD,12,0.36,2010-09-22 14:07:00,United Kingdom,online_retail_II.xlsx,Year 2009-2010,351028,Year 2009-2010:351028
17850,523540,21504,SKULLS GREETING CARD,12,0.36,2010-09-22 14:07:00,United Kingdom,online_retail_II.xlsx,Year 2009-2010,351029,Year 2009-2010:351029
17850,523540,21508,VINTAGE KID DOLLY CARD,12,0.36,2010-09-22 14:07:00,United Kingdom,online_retail_II.xlsx,Year 2009-2010,351030,Year 2009-2010:351030
17850,524120,21166,COOK WITH WINE METAL SIGN,6,1.69,2010-09-27 14:12:00,United Kingdom,online_retail_II.xlsx,Year 2009-2010,357961,Year 2009-2010:357961
17850,524120,21169,YOU'RE CONFUSING ME METAL SIGN,6,1.45,2010-09-27 14:12:00,United Kingdom,online_retail_II.xlsx,Year 2009-2010,357962,Year 2009-2010:357962
17850,524120,21165,BEWARE OF THE CAT METAL SIGN,12,1.45,2010-09-27 14:12:00,United Kingdom,online_retail_II.xlsx,Year 2009-2010,357963,Year 2009-2010:357963
13085,C527339,M,Manual,-1,830.12,2010-10-15 15:35:00,United Kingdom,online_retail_II.xlsx,Year 2009-2010,394959,Year 2009-2010:394959
12347,529924,22698,PINK REGENCY TEACUP AND SAUCER,6,2.95,2010-10-31 14:20:00,Iceland,online_retail_II.xlsx,Year 2009-2010,423894,Year 2009-2010:423894
12347,529924,22699,ROSES REGENCY TEACUP AND SAUCER,6,2.95,2010-10-31 14:20:00,Iceland,online_retail_II.xlsx,Year 2009-2010,423895,Year 2009-2010:423895
12347,529924,20985,HEART CALCULATOR,12,1.25,2010-10-31 14:20:00,Iceland,online_retail_II.xlsx,Year 2009-2010,423896,Year 2009-2010:423896
12347,529924,22418,10 COLOUR SPACEBOY PEN,24,0.85,2010-10-31 14:20:00,Iceland,online_retail_II.xlsx,Year 2009-2010,423897,Year 2009-2010:423897
12347,529924,22422,TOOTHPASTE TUBE PEN,12,0.65,2010-10-31 14:20:00,Iceland,online_retail_II.xlsx,Year 2009-2010,423898,Year 2009-2010:423898
12347,529924,51014A,"FEATHER PEN,HOT PINK",12,0.85,2010-10-31 14:20:00,Iceland,online_retail_II.xlsx,Year 2009-2010,423899,Year 2009-2010:423899
12347,529924,51014C,"FEATHER PEN,COAL BLACK",12,0.85,2010-10-31 14:20:00,Iceland,online_retail_II.xlsx,Year 2009-2010,423900,Year 2009-2010:423900
12347,529924,51014L,"FEATHER PEN,LIGHT PINK",12,0.85,2010-10-31 14:20:00,Iceland,online_retail_II.xlsx,Year 2009-2010,423901,Year 2009-2010:423901
12347,529924,22709,WRAP WEDDING DAY,25,0.42,2010-10-31 14:20:00,Iceland,online_retail_II.xlsx,Year 2009-2010,423902,Year 2009-2010:423902
12347,529924,22045,SPACEBOY GIFT WRAP,25,0.42,2010-10-31 14:20:00,Iceland,online_retail_II.xlsx,Year 2009-2010,423903,Year 2009-2010:423903
12347,529924,84558A,3D DOG PICTURE PLAYING CARDS,6,2.95,2010-10-31 14:20:00,Iceland,online_retail_II.xlsx,Year 2009-2010,423904,Year 2009-2010:423904
12347,529924,22534,MAGIC DRAWING SLATE SPACEBOY,24,0.42,2010-10-31 14:20:00,Iceland,online_retail_II.xlsx,Year 2009-2010,423905,Year 2009-2010:423905
12347,529924,22530,MAGIC DRAWING SLATE DOLLY GIRL,24,0.42,2010-10-31 14:20:00,Iceland,online_retail_II.xlsx,Year 2009-2010,423906,Year 2009-2010:423906
12347,529924,22196,SMALL HEART MEASURING SPOONS,12,0.85,2010-10-31 14:20:00,Iceland,online_retail_II.xlsx,Year 2009-2010,423907,Year 2009-2010:423907
12347,529924,21739,COSY SLIPPER SHOES SMALL GREEN,6,2.95,2010-10-31 14:20:00,Iceland,online_retail_II.xlsx,Year 2009-2010,423908,Year 2009-2010:423908
12347,529924,21741,COSY SLIPPER SHOES LARGE GREEN,6,2.95,2010-10-31 14:20:00,Iceland,online_retail_II.xlsx,Year 2009-2010,423909,Year 2009-2010:423909
12347,529924,47594A,CAROUSEL DESIGN WASHBAG,6,1.95,2010-10-31 14:20:00,Iceland,online_retail_II.xlsx,Year 2009-2010,423910,Year 2009-2010:423910
12347,529924,20966,SANDWICH BATH SPONGE,10,1.25,2010-10-31 14:20:00,Iceland,online_retail_II.xlsx,Year 2009-2010,423911,Year 2009-2010:423911
12347,529924,72819,CUPID DESIGN SCENTED CANDLES,6,2.55,2010-10-31 14:20:00,Iceland,online_retail_II.xlsx,Year 2009-2010,423912,Year 2009-2010:423912
12347,529924,35471D,SET OF 3 BIRD LIGHT PINK FEATHER,12,1.25,2010-10-31 14:20:00,Iceland,online_retail_II.xlsx,Year 2009-2010,423913,Year 2009-2010:423913
12347,529924,22244,3 HOOK HANGER MAGIC GARDEN,12,1.95,2010-10-31 14:20:00,Iceland,online_retail_II.xlsx,Year 2009-2010,423914,Year 2009-2010:423914
12347,529924,22245,"HOOK, 1 HANGER ,MAGIC GARDEN",12,0.85,2010-10-31 14:20:00,Iceland,online_retail_II.xlsx,Year 2009-2010,423915,Year 2009-2010:423915
12347,529924,47559B,TEA TIME OVEN GLOVE,10,1.25,2010-10-31 14:20:00,Iceland,online_retail_II.xlsx,Year 2009-2010,423916,Year 2009-2010:423916
12347,529924,21976,PACK OF 60 MUSHROOM CAKE CASES,24,0.55,2010-10-31 14:20:00,Iceland,online_retail_II.xlsx,Year 2009-2010,423917,Year 2009-2010:423917
12347,529924,84991,60 TEATIME FAIRY CAKE CASES,24,0.55,2010-10-31 14:20:00,Iceland,online_retail_II.xlsx,Year 2009-2010,423918,Year 2009-2010:423918
12347,529924,84992,72 SWEETHEART FAIRY CAKE CASES,24,0.55,2010-10-31 14:20:00,Iceland,online_retail_II.xlsx,Year 2009-2010,423919,Year 2009-2010:423919
12347,529924,22423,REGENCY CAKESTAND 3 TIER,3,12.75,2010-10-31 14:20:00,Iceland,online_retail_II.xlsx,Year 2009-2010,423920,Year 2009-2010:423920
12347,529924,22697,GREEN REGENCY TEACUP AND SAUCER,6,2.95,2010-10-31 14:20:00,Iceland,online_retail_II.xlsx,Year 2009-2010,423921,Year 2009-2010:423921
12347,529924,20712,JUMBO BAG WOODLAND ANIMALS,10,1.95,2010-10-31 14:20:00,Iceland,online_retail_II.xlsx,Year 2009-2010,423922,Year 2009-2010:423922
12347,529924,21372,MIRRORED WALL ART TABLE LAMP,24,0.85,2010-10-31 14:20:00,Iceland,online_retail_II.xlsx,Year 2009-2010,423923,Year 2009-2010:423923
12347,529924,21144,PINK POODLE HANGING DECORATION,24,0.38,2010-10-31 14:20:00,Iceland,online_retail_II.xlsx,Year 2009-2010,423924,Year 2009-2010:423924
12347,529924,84625A,PINK NEW BAROQUECANDLESTICK CANDLE,6,2.95,2010-10-31 14:20:00,Iceland,online_retail_II.xlsx,Year 2009-2010,423925,Year 2009-2010:423925
12347,529924,84625C,BLUE NEW BAROQUE CANDLESTICK CANDLE,6,2.95,2010-10-31 14:20:00,Iceland,online_retail_II.xlsx,Year 2009-2010,423926,Year 2009-2010:423926
12347,529924,84625D,WHITE NEWBAROQUE CANDLESTICK CANDLE,6,2.95,2010-10-31 14:20:00,Iceland,online_retail_II.xlsx,Year 2009-2010,423927,Year 2009-2010:423927
12347,529924,21579,LOLITA  DESIGN  COTTON TOTE BAG,6,2.25,2010-10-31 14:20:00,Iceland,online_retail_II.xlsx,Year 2009-2010,423928,Year 2009-2010:423928
12347,529924,21578,WOODLAND DESIGN  COTTON TOTE BAG,6,2.25,2010-10-31 14:20:00,Iceland,online_retail_II.xlsx,Year 2009-2010,423929,Year 2009-2010:423929
12347,529924,20719,WOODLAND CHARLOTTE BAG,10,0.85,2010-10-31 14:20:00,Iceland,online_retail_II.xlsx,Year 2009-2010,423930,Year 2009-2010:423930
12347,529924,22331,WOODLAND PARTY BAG + STICKER SET,16,1.65,2010-10-31 14:20:00,Iceland,online_retail_II.xlsx,Year 2009-2010,423931,Year 2009-2010:423931
12347,529924,47599A,PINK PARTY BAGS,12,2.1,2010-10-31 14:20:00,Iceland,online_retail_II.xlsx,Year 2009-2010,423932,Year 2009-2010:423932
12347,529924,20716,PARTY FOOD SHOPPER BAG,10,1.25,2010-10-31 14:20:00,Iceland,online_retail_II.xlsx,Year 2009-2010,423933,Year 2009-2010:423933
17850,536365,85123A,WHITE HANGING HEART T-LIGHT HOLDER,6,2.55,2010-12-01 08:26:00,United Kingdom,online_retail_II.xlsx,Year 2009-2010,502940,Year 2009-2010:502940
17850,536365,71053,WHITE METAL LANTERN,6,3.39,2010-12-01 08:26:00,United Kingdom,online_retail_II.xlsx,Year 2009-2010,502941,Year 2009-2010:502941
17850,536365,84406B,CREAM CUPID HEARTS COAT HANGER,8,2.75,2010-12-01 08:26:00,United Kingdom,online_retail_II.xlsx,Year 2009-2010,502942,Year 2009-2010:502942
17850,536365,84029G,KNITTED UNION FLAG HOT WATER BOTTLE,6,3.39,2010-12-01 08:26:00,United Kingdom,online_retail_II.xlsx,Year 2009-2010,502943,Year 2009-2010:502943
17850,536365,84029E,RED WOOLLY HOTTIE WHITE HEART.,6,3.39,2010-12-01 08:26:00,United Kingdom,online_retail_II.xlsx,Year 2009-2010,502944,Year 2009-2010:502944
17850,536365,22752,SET 7 BABUSHKA NESTING BOXES,2,7.65,2010-12-01 08:26:00,United Kingdom,online_retail_II.xlsx,Year 2009-2010,502945,Year 2009-2010:502945
17850,536365,21730,GLASS STAR FROSTED T-LIGHT HOLDER,6,4.25,2010-12-01 08:26:00,United Kingdom,online_retail_II.xlsx,Year 2009-2010,502946,Year 2009-2010:502946
17850,536366,22633,HAND WARMER UNION JACK,6,1.85,2010-12-01 08:28:00,United Kingdom,online_retail_II.xlsx,Year 2009-2010,502947,Year 2009-2010:502947
17850,536366,22632,HAND WARMER RED POLKA DOT,6,1.85,2010-12-01 08:28:00,United Kingdom,online_retail_II.xlsx,Year 2009-2010,502948,Year 2009-2010:502948
17850,536372,22632,HAND WARMER RED POLKA DOT,6,1.85,2010-12-01 09:01:00,United Kingdom,online_retail_II.xlsx,Year 2009-2010,502987,Year 2009-2010:502987
17850,536372,22633,HAND WARMER UNION JACK,6,1.85,2010-12-01 09:01:00,United Kingdom,online_retail_II.xlsx,Year 2009-2010,502988,Year 2009-2010:502988
17850,536373,85123A,WHITE HANGING HEART T-LIGHT HOLDER,6,2.55,2010-12-01 09:02:00,United Kingdom,online_retail_II.xlsx,Year 2009-2010,502989,Year 2009-2010:502989
17850,536373,71053,WHITE METAL LANTERN,6,3.39,2010-12-01 09:02:00,United Kingdom,online_retail_II.xlsx,Year 2009-2010,502990,Year 2009-2010:502990
17850,536373,84406B,CREAM CUPID HEARTS COAT HANGER,8,2.75,2010-12-01 09:02:00,United Kingdom,online_retail_II.xlsx,Year 2009-2010,502991,Year 2009-2010:502991
17850,536373,20679,EDWARDIAN PARASOL RED,6,4.95,2010-12-01 09:02:00,United Kingdom,online_retail_II.xlsx,Year 2009-2010,502992,Year 2009-2010:502992
17850,536373,37370,RETRO COFFEE MUGS ASSORTED,6,1.06,2010-12-01 09:02:00,United Kingdom,online_retail_II.xlsx,Year 2009-2010,502993,Year 2009-2010:502993
17850,536373,21871,SAVE THE PLANET MUG,6,1.06,2010-12-01 09:02:00,United Kingdom,online_retail_II.xlsx,Year 2009-2010,502994,Year 2009-2010:502994
17850,536373,21071,VINTAGE BILLBOARD DRINK ME MUG,6,1.06,2010-12-01 09:02:00,United Kingdom,online_retail_II.xlsx,Year 2009-2010,502995,Year 2009-2010:502995
17850,536373,21068,VINTAGE BILLBOARD LOVE/HATE MUG,6,1.06,2010-12-01 09:02:00,United Kingdom,online_retail_II.xlsx,Year 2009-2010,502996,Year 2009-2010:502996
17850,536373,82483,WOOD 2 DRAWER CABINET WHITE FINISH,2,4.95,2010-12-01 09:02:00,United Kingdom,online_retail_II.xlsx,Year 2009-2010,502997,Year 2009-2010:502997
17850,536373,82486,WOOD S/3 CABINET ANT WHITE FINISH,4,6.95,2010-12-01 09:02:00,United Kingdom,online_retail_II.xlsx,Year 2009-2010,502998,Year 2009-2010:502998
17850,536373,82482,WOODEN PICTURE FRAME WHITE FINISH,6,2.1,2010-12-01 09:02:00,United Kingdom,online_retail_II.xlsx,Year 2009-2010,502999,Year 2009-2010:502999
17850,536373,82494L,WOODEN FRAME ANTIQUE WHITE,6,2.55,2010-12-01 09:02:00,United Kingdom,online_retail_II.xlsx,Year 2009-2010,503000,Year 2009-2010:503000
17850,536373,84029G,KNITTED UNION FLAG HOT WATER BOTTLE,6,3.39,2010-12-01 09:02:00,United Kingdom,online_retail_II.xlsx,Year 2009-2010,503001,Year 2009-2010:503001
17850,536373,84029E,RED WOOLLY HOTTIE WHITE HEART.,6,3.39,2010-12-01 09:02:00,United Kingdom,online_retail_II.xlsx,Year 2009-2010,503002,Year 2009-2010:503002
17850,536373,22752,SET 7 BABUSHKA NESTING BOXES,2,7.65,2010-12-01 09:02:00,United Kingdom,online_retail_II.xlsx,Year 2009-2010,503003,Year 2009-2010:503003
17850,536373,21730,GLASS STAR FROSTED T-LIGHT HOLDER,6,4.25,2010-12-01 09:02:00,United Kingdom,online_retail_II.xlsx,Year 2009-2010,503004,Year 2009-2010:503004
17850,536375,85123A,WHITE HANGING HEART T-LIGHT HOLDER,6,2.55,2010-12-01 09:32:00,United Kingdom,online_retail_II.xlsx,Year 2009-2010,503006,Year 2009-2010:503006
17850,536375,71053,WHITE METAL LANTERN,6,3.39,2010-12-01 09:32:00,United Kingdom,online_retail_II.xlsx,Year 2009-2010,503007,Year 2009-2010:503007
17850,536375,84406B,CREAM CUPID HEARTS COAT HANGER,8,2.75,2010-12-01 09:32:00,United Kingdom,online_retail_II.xlsx,Year 2009-2010,503008,Year 2009-2010:503008
17850,536375,20679,EDWARDIAN PARASOL RED,6,4.95,2010-12-01 09:32:00,United Kingdom,online_retail_II.xlsx,Year 2009-2010,503009,Year 2009-2010:503009
17850,536375,37370,RETRO COFFEE MUGS ASSORTED,6,1.06,2010-12-01 09:32:00,United Kingdom,online_retail_II.xlsx,Year 2009-2010,503010,Year 2009-2010:503010
17850,536375,21871,SAVE THE PLANET MUG,6,1.06,2010-12-01 09:32:00,United Kingdom,online_retail_II.xlsx,Year 2009-2010,503011,Year 2009-2010:503011
17850,536375,21071,VINTAGE BILLBOARD DRINK ME MUG,6,1.06,2010-12-01 09:32:00,United Kingdom,online_retail_II.xlsx,Year 2009-2010,503012,Year 2009-2010:503012
17850,536375,21068,VINTAGE BILLBOARD LOVE/HATE MUG,6,1.06,2010-12-01 09:32:00,United Kingdom,online_retail_II.xlsx,Year 2009-2010,503013,Year 2009-2010:503013
17850,536375,82483,WOOD 2 DRAWER CABINET WHITE FINISH,2,4.95,2010-12-01 09:32:00,United Kingdom,online_retail_II.xlsx,Year 2009-2010,503014,Year 2009-2010:503014
17850,536375,82486,WOOD S/3 CABINET ANT WHITE FINISH,4,6.95,2010-12-01 09:32:00,United Kingdom,online_retail_II.xlsx,Year 2009-2010,503015,Year 2009-2010:503015
17850,536375,82482,WOODEN PICTURE FRAME WHITE FINISH,6,2.1,2010-12-01 09:32:00,United Kingdom,online_retail_II.xlsx,Year 2009-2010,503016,Year 2009-2010:503016
17850,536375,82494L,WOODEN FRAME ANTIQUE WHITE,6,2.55,2010-12-01 09:32:00,United Kingdom,online_retail_II.xlsx,Year 2009-2010,503017,Year 2009-2010:503017
17850,536375,84029G,KNITTED UNION FLAG HOT WATER BOTTLE,6,3.39,2010-12-01 09:32:00,United Kingdom,online_retail_II.xlsx,Year 2009-2010,503018,Year 2009-2010:503018
17850,536375,84029E,RED WOOLLY HOTTIE WHITE HEART.,6,3.39,2010-12-01 09:32:00,United Kingdom,online_retail_II.xlsx,Year 2009-2010,503019,Year 2009-2010:503019
17850,536375,22752,SET 7 BABUSHKA NESTING BOXES,2,7.65,2010-12-01 09:32:00,United Kingdom,online_retail_II.xlsx,Year 2009-2010,503020,Year 2009-2010:503020
17850,536375,21730,GLASS STAR FROSTED T-LIGHT HOLDER,6,4.25,2010-12-01 09:32:00,United Kingdom,online_retail_II.xlsx,Year 2009-2010,503021,Year 2009-2010:503021
17850,536377,22632,HAND WARMER RED POLKA DOT,6,1.85,2010-12-01 09:34:00,United Kingdom,online_retail_II.xlsx,Year 2009-2010,503024,Year 2009-2010:503024
17850,536377,22633,HAND WARMER UNION JACK,6,1.85,2010-12-01 09:34:00,United Kingdom,online_retail_II.xlsx,Year 2009-2010,503025,Year 2009-2010:503025
17850,536396,85123A,WHITE HANGING HEART T-LIGHT HOLDER,6,2.55,2010-12-01 10:51:00,United Kingdom,online_retail_II.xlsx,Year 2009-2010,503218,Year 2009-2010:503218
17850,536396,71053,WHITE METAL LANTERN,6,3.39,2010-12-01 10:51:00,United Kingdom,online_retail_II.xlsx,Year 2009-2010,503219,Year 2009-2010:503219
17850,536396,84406B,CREAM CUPID HEARTS COAT HANGER,8,2.75,2010-12-01 10:51:00,United Kingdom,online_retail_II.xlsx,Year 2009-2010,503220,Year 2009-2010:503220
17850,536396,15056BL,EDWARDIAN PARASOL BLACK,6,4.95,2010-12-01 10:51:00,United Kingdom,online_retail_II.xlsx,Year 2009-2010,503221,Year 2009-2010:503221
17850,536396,20679,EDWARDIAN PARASOL RED,6,4.95,2010-12-01 10:51:00,United Kingdom,online_retail_II.xlsx,Year 2009-2010,503222,Year 2009-2010:503222
17850,536396,37370,RETRO COFFEE MUGS ASSORTED,6,1.06,2010-12-01 10:51:00,United Kingdom,online_retail_II.xlsx,Year 2009-2010,503223,Year 2009-2010:503223
17850,536396,21871,SAVE THE PLANET MUG,6,1.06,2010-12-01 10:51:00,United Kingdom,online_retail_II.xlsx,Year 2009-2010,503224,Year 2009-2010:503224
17850,536396,21071,VINTAGE BILLBOARD DRINK ME MUG,6,1.06,2010-12-01 10:51:00,United Kingdom,online_retail_II.xlsx,Year 2009-2010,503225,Year 2009-2010:503225
17850,536396,21068,VINTAGE BILLBOARD LOVE/HATE MUG,6,1.06,2010-12-01 10:51:00,United Kingdom,online_retail_II.xlsx,Year 2009-2010,503226,Year 2009-2010:503226
17850,536396,82483,WOOD 2 DRAWER CABINET WHITE FINISH,2,4.95,2010-12-01 10:51:00,United Kingdom,online_retail_II.xlsx,Year 2009-2010,503227,Year 2009-2010:503227
17850,536396,82486,WOOD S/3 CABINET ANT WHITE FINISH,4,6.95,2010-12-01 10:51:00,United Kingdom,online_retail_II.xlsx,Year 2009-2010,503228,Year 2009-2010:503228
17850,536396,82482,WOODEN PICTURE FRAME WHITE FINISH,6,2.1,2010-12-01 10:51:00,United Kingdom,online_retail_II.xlsx,Year 2009-2010,503229,Year 2009-2010:503229
17850,536396,82494L,WOODEN FRAME ANTIQUE WHITE,12,2.55,2010-12-01 10:51:00,United Kingdom,online_retail_II.xlsx,Year 2009-2010,503230,Year 2009-2010:503230
17850,536396,84029G,KNITTED UNION FLAG HOT WATER BOTTLE,6,3.39,2010-12-01 10:51:00,United Kingdom,online_retail_II.xlsx,Year 2009-2010,503231,Year 2009-2010:503231
17850,536396,84029E,RED WOOLLY HOTTIE WHITE HEART.,6,3.39,2010-12-01 10:51:00,United Kingdom,online_retail_II.xlsx,Year 2009-2010,503232,Year 2009-2010:503232
17850,536396,22752,SET 7 BABUSHKA NESTING BOXES,2,7.65,2010-12-01 10:51:00,United Kingdom,online_retail_II.xlsx,Year 2009-2010,503233,Year 2009-2010:503233
17850,536396,22803,IVORY EMBROIDERED QUILT,2,35.75,2010-12-01 10:51:00,United Kingdom,online_retail_II.xlsx,Year 2009-2010,503234,Year 2009-2010:503234
17850,536396,21730,GLASS STAR FROSTED T-LIGHT HOLDER,6,4.25,2010-12-01 10:51:00,United Kingdom,online_retail_II.xlsx,Year 2009-2010,503235,Year 2009-2010:503235
17850,536399,22632,HAND WARMER RED POLKA DOT,6,1.85,2010-12-01 10:52:00,United Kingdom,online_retail_II.xlsx,Year 2009-2010,503255,Year 2009-2010:503255
17850,536399,22633,HAND WARMER UNION JACK,6,1.85,2010-12-01 10:52:00,United Kingdom,online_retail_II.xlsx,Year 2009-2010,503256,Year 2009-2010:503256
17850,536406,85123A,WHITE HANGING HEART T-LIGHT HOLDER,8,2.55,2010-12-01 11:33:00,United Kingdom,online_retail_II.xlsx,Year 2009-2010,503356,Year 2009-2010:503356
17850,536406,71053,WHITE METAL LANTERN,8,3.39,2010-12-01 11:33:00,United Kingdom,online_retail_II.xlsx,Year 2009-2010,503357,Year 2009-2010:503357
17850,536406,84406B,CREAM CUPID HEARTS COAT HANGER,8,2.75,2010-12-01 11:33:00,United Kingdom,online_retail_II.xlsx,Year 2009-2010,503358,Year 2009-2010:503358
17850,536406,20679,EDWARDIAN PARASOL RED,6,4.95,2010-12-01 11:33:00,United Kingdom,online_retail_II.xlsx,Year 2009-2010,503359,Year 2009-2010:503359
17850,536406,37370,RETRO COFFEE MUGS ASSORTED,6,1.06,2010-12-01 11:33:00,United Kingdom,online_retail_II.xlsx,Year 2009-2010,503360,Year 2009-2010:503360
17850,536406,21871,SAVE THE PLANET MUG,6,1.06,2010-12-01 11:33:00,United Kingdom,online_retail_II.xlsx,Year 2009-2010,503361,Year 2009-2010:503361
17850,536406,21071,VINTAGE BILLBOARD DRINK ME MUG,6,1.06,2010-12-01 11:33:00,United Kingdom,online_retail_II.xlsx,Year 2009-2010,503362,Year 2009-2010:503362
17850,536406,21068,VINTAGE BILLBOARD LOVE/HATE MUG,6,1.06,2010-12-01 11:33:00,United Kingdom,online_retail_II.xlsx,Year 2009-2010,503363,Year 2009-2010:503363
17850,536406,82483,WOOD 2 DRAWER CABINET WHITE FINISH,4,4.95,2010-12-01 11:33:00,United Kingdom,online_retail_II.xlsx,Year 2009-2010,503364,Year 2009-2010:503364
17850,536406,82486,WOOD S/3 CABINET ANT WHITE FINISH,4,6.95,2010-12-01 11:33:00,United Kingdom,online_retail_II.xlsx,Year 2009-2010,503365,Year 2009-2010:503365
17850,536406,82482,WOODEN PICTURE FRAME WHITE FINISH,6,2.1,2010-12-01 11:33:00,United Kingdom,online_retail_II.xlsx,Year 2009-2010,503366,Year 2009-2010:503366
17850,536406,82494L,WOODEN FRAME ANTIQUE WHITE,6,2.55,2010-12-01 11:33:00,United Kingdom,online_retail_II.xlsx,Year 2009-2010,503367,Year 2009-2010:503367
17850,536406,84029G,KNITTED UNION FLAG HOT WATER BOTTLE,6,3.39,2010-12-01 11:33:00,United Kingdom,online_retail_II.xlsx,Year 2009-2010,503368,Year 2009-2010:503368
17850,536406,84029E,RED WOOLLY HOTTIE WHITE HEART.,6,3.39,2010-12-01 11:33:00,United Kingdom,online_retail_II.xlsx,Year 2009-2010,503369,Year 2009-2010:503369
17850,536406,22752,SET 7 BABUSHKA NESTING BOXES,2,7.65,2010-12-01 11:33:00,United Kingdom,online_retail_II.xlsx,Year 2009-2010,503370,Year 2009-2010:503370
17850,536406,22803,IVORY EMBROIDERED QUILT,2,35.75,2010-12-01 11:33:00,United Kingdom,online_retail_II.xlsx,Year 2009-2010,503371,Year 2009-2010:503371
17850,536406,21730,GLASS STAR FROSTED T-LIGHT HOLDER,6,4.25,2010-12-01 11:33:00,United Kingdom,online_retail_II.xlsx,Year 2009-2010,503372,Year 2009-2010:503372
17850,536407,22632,HAND WARMER RED POLKA DOT,6,1.85,2010-12-01 11:34:00,United Kingdom,online_retail_II.xlsx,Year 2009-2010,503373,Year 2009-2010:503373
17850,536407,22633,HAND WARMER UNION JACK,6,1.85,2010-12-01 11:34:00,United Kingdom,online_retail_II.xlsx,Year 2009-2010,503374,Year 2009-2010:503374
17850,536600,85123A,WHITE HANGING HEART T-LIGHT HOLDER,6,2.55,2010-12-02 08:32:00,United Kingdom,online_retail_II.xlsx,Year 2009-2010,506058,Year 2009-2010:506058
17850,536600,71053,WHITE METAL LANTERN,6,3.39,2010-12-02 08:32:00,United Kingdom,online_retail_II.xlsx,Year 2009-2010,506059,Year 2009-2010:506059
17850,536600,82483,WOOD 2 DRAWER CABINET WHITE FINISH,4,4.95,2010-12-02 08:32:00,United Kingdom,online_retail_II.xlsx,Year 2009-2010,506060,Year 2009-2010:506060
17850,536600,82486,WOOD S/3 CABINET ANT WHITE FINISH,2,6.95,2010-12-02 08:32:00,United Kingdom,online_retail_II.xlsx,Year 2009-2010,506061,Year 2009-2010:506061
17850,536600,82482,WOODEN PICTURE FRAME WHITE FINISH,6,2.1,2010-12-02 08:32:00,United Kingdom,online_retail_II.xlsx,Year 2009-2010,506062,Year 2009-2010:506062
17850,536600,82494L,WOODEN FRAME ANTIQUE WHITE,6,2.55,2010-12-02 08:32:00,United Kingdom,online_retail_II.xlsx,Year 2009-2010,506063,Year 2009-2010:506063
17850,536600,22411,JUMBO SHOPPER VINTAGE RED PAISLEY,6,1.65,2010-12-02 08:32:00,United Kingdom,online_retail_II.xlsx,Year 2009-2010,506064,Year 2009-2010:506064
17850,536600,84029G,KNITTED UNION FLAG HOT WATER BOTTLE,6,3.39,2010-12-02 08:32:00,United Kingdom,online_retail_II.xlsx,Year 2009-2010,506065,Year 2009-2010:506065
17850,536600,84029E,RED WOOLLY HOTTIE WHITE HEART.,6,3.39,2010-12-02 08:32:00,United Kingdom,online_retail_II.xlsx,Year 2009-2010,506066,Year 2009-2010:506066
17850,536600,22752,SET 7 BABUSHKA NESTING BOXES,2,7.65,2010-12-02 08:32:00,United Kingdom,online_retail_II.xlsx,Year 2009-2010,506067,Year 2009-2010:506067
17850,536600,22803,IVORY EMBROIDERED QUILT,2,35.75,2010-12-02 08:32:00,United Kingdom,online_retail_II.xlsx,Year 2009-2010,506068,Year 2009-2010:506068
17850,536600,21730,GLASS STAR FROSTED T-LIGHT HOLDER,4,4.25,2010-12-02 08:32:00,United Kingdom,online_retail_II.xlsx,Year 2009-2010,506069,Year 2009-2010:506069
17850,536601,22632,HAND WARMER RED POLKA DOT,6,1.85,2010-12-02 08:33:00,United Kingdom,online_retail_II.xlsx,Year 2009-2010,506070,Year 2009-2010:506070
17850,536601,22633,HAND WARMER UNION JACK,6,1.85,2010-12-02 08:33:00,United Kingdom,online_retail_II.xlsx,Year 2009-2010,506071,Year 2009-2010:506071
17850,536602,85123A,WHITE HANGING HEART T-LIGHT HOLDER,6,2.55,2010-12-02 08:34:00,United Kingdom,online_retail_II.xlsx,Year 2009-2010,506072,Year 2009-2010:506072
17850,536602,71053,WHITE METAL LANTERN,6,3.39,2010-12-02 08:34:00,United Kingdom,online_retail_II.xlsx,Year 2009-2010,506073,Year 2009-2010:506073
17850,536602,37370,RETRO COFFEE MUGS ASSORTED,6,1.06,2010-12-02 08:34:00,United Kingdom,online_retail_II.xlsx,Year 2009-2010,506074,Year 2009-2010:506074
17850,536602,21871,SAVE THE PLANET MUG,6,1.06,2010-12-02 08:34:00,United Kingdom,online_retail_II.xlsx,Year 2009-2010,506075,Year 2009-2010:506075
17850,536602,21071,VINTAGE BILLBOARD DRINK ME MUG,6,1.06,2010-12-02 08:34:00,United Kingdom,online_retail_II.xlsx,Year 2009-2010,506076,Year 2009-2010:506076
17850,536602,21068,VINTAGE BILLBOARD LOVE/HATE MUG,6,1.06,2010-12-02 08:34:00,United Kingdom,online_retail_II.xlsx,Year 2009-2010,506077,Year 2009-2010:506077
17850,536602,82483,WOOD 2 DRAWER CABINET WHITE FINISH,4,4.95,2010-12-02 08:34:00,United Kingdom,online_retail_II.xlsx,Year 2009-2010,506078,Year 2009-2010:506078
17850,536602,22411,JUMBO SHOPPER VINTAGE RED PAISLEY,6,1.65,2010-12-02 08:34:00,United Kingdom,online_retail_II.xlsx,Year 2009-2010,506079,Year 2009-2010:506079
17850,536602,84029G,KNITTED UNION FLAG HOT WATER BOTTLE,6,3.39,2010-12-02 08:34:00,United Kingdom,online_retail_II.xlsx,Year 2009-2010,506080,Year 2009-2010:506080
17850,536602,84029E,RED WOOLLY HOTTIE WHITE HEART.,6,3.39,2010-12-02 08:34:00,United Kingdom,online_retail_II.xlsx,Year 2009-2010,506081,Year 2009-2010:506081
17850,536602,21730,GLASS STAR FROSTED T-LIGHT HOLDER,4,4.25,2010-12-02 08:34:00,United Kingdom,online_retail_II.xlsx,Year 2009-2010,506082,Year 2009-2010:506082
17850,536602,22752,SET 7 BABUSHKA NESTING BOXES,2,7.65,2010-12-02 08:34:00,United Kingdom,online_retail_II.xlsx,Year 2009-2010,506083,Year 2009-2010:506083
17850,536603,22632,HAND WARMER RED POLKA DOT,6,1.85,2010-12-02 08:40:00,United Kingdom,online_retail_II.xlsx,Year 2009-2010,506084,Year 2009-2010:506084
17850,536603,22633,HAND WARMER UNION JACK,6,1.85,2010-12-02 08:40:00,United Kingdom,online_retail_II.xlsx,Year 2009-2010,506085,Year 2009-2010:506085
17850,536609,85123A,WHITE HANGING HEART T-LIGHT HOLDER,6,2.55,2010-12-02 09:41:00,United Kingdom,online_retail_II.xlsx,Year 2009-2010,506132,Year 2009-2010:506132
17850,536609,71053,WHITE METAL LANTERN,6,3.39,2010-12-02 09:41:00,United Kingdom,online_retail_II.xlsx,Year 2009-2010,506133,Year 2009-2010:506133
17850,536609,84406B,CREAM CUPID HEARTS COAT HANGER,6,2.75,2010-12-02 09:41:00,United Kingdom,online_retail_II.xlsx,Year 2009-2010,506134,Year 2009-2010:506134
17850,536609,37370,RETRO COFFEE MUGS ASSORTED,6,1.06,2010-12-02 09:41:00,United Kingdom,online_retail_II.xlsx,Year 2009-2010,506135,Year 2009-2010:506135
17850,536609,21871,SAVE THE PLANET MUG,6,1.06,2010-12-02 09:41:00,United Kingdom,online_retail_II.xlsx,Year 2009-2010,506136,Year 2009-2010:506136
17850,536609,21071,VINTAGE BILLBOARD DRINK ME MUG,6,1.06,2010-12-02 09:41:00,United Kingdom,online_retail_II.xlsx,Year 2009-2010,506137,Year 2009-2010:506137
17850,536609,21068,VINTAGE BILLBOARD LOVE/HATE MUG,6,1.06,2010-12-02 09:41:00,United Kingdom,online_retail_II.xlsx,Year 2009-2010,506138,Year 2009-2010:506138
17850,536609,82483,WOOD 2 DRAWER CABINET WHITE FINISH,4,4.95,2010-12-02 09:41:00,United Kingdom,online_retail_II.xlsx,Year 2009-2010,506139,Year 2009-2010:506139
17850,536609,82486,WOOD S/3 CABINET ANT WHITE FINISH,4,6.95,2010-12-02 09:41:00,United Kingdom,online_retail_II.xlsx,Year 2009-2010,506140,Year 2009-2010:506140
17850,536609,82482,WOODEN PICTURE FRAME WHITE FINISH,6,2.1,2010-12-02 09:41:00,United Kingdom,online_retail_II.xlsx,Year 2009-2010,506141,Year 2009-2010:506141
17850,536609,82494L,WOODEN FRAME ANTIQUE WHITE,6,2.55,2010-12-02 09:41:00,United Kingdom,online_retail_II.xlsx,Year 2009-2010,506142,Year 2009-2010:506142
17850,536609,22411,JUMBO SHOPPER VINTAGE RED PAISLEY,6,1.65,2010-12-02 09:41:00,United Kingdom,online_retail_II.xlsx,Year 2009-2010,506143,Year 2009-2010:506143
17850,536609,84029G,KNITTED UNION FLAG HOT WATER BOTTLE,6,3.39,2010-12-02 09:41:00,United Kingdom,online_retail_II.xlsx,Year 2009-2010,506144,Year 2009-2010:506144
17850,536609,84029E,RED WOOLLY HOTTIE WHITE HEART.,6,3.39,2010-12-02 09:41:00,United Kingdom,online_retail_II.xlsx,Year 2009-2010,506145,Year 2009-2010:506145
17850,536609,22752,SET 7 BABUSHKA NESTING BOXES,2,7.65,2010-12-02 09:41:00,United Kingdom,online_retail_II.xlsx,Year 2009-2010,506146,Year 2009-2010:506146
17850,536609,21730,GLASS STAR FROSTED T-LIGHT HOLDER,6,4.25,2010-12-02 09:41:00,United Kingdom,online_retail_II.xlsx,Year 2009-2010,506147,Year 2009-2010:506147
17850,536610,22632,HAND WARMER RED POLKA DOT,6,1.85,2010-12-02 09:42:00,United Kingdom,online_retail_II.xlsx,Year 2009-2010,506148,Year 2009-2010:506148
17850,536610,22633,HAND WARMER UNION JACK,6,1.85,2010-12-02 09:42:00,United Kingdom,online_retail_II.xlsx,Year 2009-2010,506149,Year 2009-2010:506149
17850,536612,85123A,WHITE HANGING HEART T-LIGHT HOLDER,6,2.55,2010-12-02 09:44:00,United Kingdom,online_retail_II.xlsx,Year 2009-2010,506164,Year 2009-2010:506164
17850,536612,71053,WHITE METAL LANTERN,6,3.39,2010-12-02 09:44:00,United Kingdom,online_retail_II.xlsx,Year 2009-2010,506165,Year 2009-2010:506165
17850,536612,84406B,CREAM CUPID HEARTS COAT HANGER,6,2.75,2010-12-02 09:44:00,United Kingdom,online_retail_II.xlsx,Year 2009-2010,506166,Year 2009-2010:506166
17850,536612,37370,RETRO COFFEE MUGS ASSORTED,6,1.06,2010-12-02 09:44:00,United Kingdom,online_retail_II.xlsx,Year 2009-2010,506167,Year 2009-2010:506167
17850,536612,21871,SAVE THE PLANET MUG,6,1.06,2010-12-02 09:44:00,United Kingdom,online_retail_II.xlsx,Year 2009-2010,506168,Year 2009-2010:506168
17850,536612,21071,VINTAGE BILLBOARD DRINK ME MUG,6,1.06,2010-12-02 09:44:00,United Kingdom,online_retail_II.xlsx,Year 2009-2010,506169,Year 2009-2010:506169
17850,536612,21068,VINTAGE BILLBOARD LOVE/HATE MUG,6,1.06,2010-12-02 09:44:00,United Kingdom,online_retail_II.xlsx,Year 2009-2010,506170,Year 2009-2010:506170
17850,536612,82483,WOOD 2 DRAWER CABINET WHITE FINISH,4,4.95,2010-12-02 09:44:00,United Kingdom,online_retail_II.xlsx,Year 2009-2010,506171,Year 2009-2010:506171
17850,536612,82486,WOOD S/3 CABINET ANT WHITE FINISH,2,6.95,2010-12-02 09:44:00,United Kingdom,online_retail_II.xlsx,Year 2009-2010,506172,Year 2009-2010:506172
17850,536612,82482,WOODEN PICTURE FRAME WHITE FINISH,6,2.1,2010-12-02 09:44:00,United Kingdom,online_retail_II.xlsx,Year 2009-2010,506173,Year 2009-2010:506173
17850,536612,82494L,WOODEN FRAME ANTIQUE WHITE,6,2.55,2010-12-02 09:44:00,United Kingdom,online_retail_II.xlsx,Year 2009-2010,506174,Year 2009-2010:506174
17850,536612,22411,JUMBO SHOPPER VINTAGE RED PAISLEY,6,1.65,2010-12-02 09:44:00,United Kingdom,online_retail_II.xlsx,Year 2009-2010,506175,Year 2009-2010:506175
17850,536612,84029G,KNITTED UNION FLAG HOT WATER BOTTLE,6,3.39,2010-12-02 09:44:00,United Kingdom,online_retail_II.xlsx,Year 2009-2010,506176,Year 2009-2010:506176
17850,536612,84029E,RED WOOLLY HOTTIE WHITE HEART.,6,3.39,2010-12-02 09:44:00,United Kingdom,online_retail_II.xlsx,Year 2009-2010,506177,Year 2009-2010:506177
17850,536612,21730,GLASS STAR FROSTED T-LIGHT HOLDER,4,4.25,2010-12-02 09:44:00,United Kingdom,online_retail_II.xlsx,Year 2009-2010,506178,Year 2009-2010:506178
17850,536614,22632,HAND WARMER RED POLKA DOT,6,1.85,2010-12-02 09:44:00,United Kingdom,online_retail_II.xlsx,Year 2009-2010,506179,Year 2009-2010:506179
17850,536614,22633,HAND WARMER UNION JACK,6,1.85,2010-12-02 09:44:00,United Kingdom,online_retail_II.xlsx,Year 2009-2010,506180,Year 2009-2010:506180
17850,536628,85123A,WHITE HANGING HEART T-LIGHT HOLDER,6,2.55,2010-12-02 10:54:00,United Kingdom,online_retail_II.xlsx,Year 2009-2010,506365,Year 2009-2010:506365
17850,536628,71053,WHITE METAL LANTERN,6,3.39,2010-12-02 10:54:00,United Kingdom,online_retail_II.xlsx,Year 2009-2010,506366,Year 2009-2010:506366
17850,536628,84406B,CREAM CUPID HEARTS COAT HANGER,6,2.75,2010-12-02 10:54:00,United Kingdom,online_retail_II.xlsx,Year 2009-2010,506367,Year 2009-2010:506367
17850,536628,37370,RETRO COFFEE MUGS ASSORTED,6,1.06,2010-12-02 10:54:00,United Kingdom,online_retail_II.xlsx,Year 2009-2010,506368,Year 2009-2010:506368
17850,536628,21871,SAVE THE PLANET MUG,6,1.06,2010-12-02 10:54:00,United Kingdom,online_retail_II.xlsx,Year 2009-2010,506369,Year 2009-2010:506369
17850,536628,21071,VINTAGE BILLBOARD DRINK ME MUG,6,1.06,2010-12-02 10:54:00,United Kingdom,online_retail_II.xlsx,Year 2009-2010,506370,Year 2009-2010:506370
17850,536628,21068,VINTAGE BILLBOARD LOVE/HATE MUG,6,1.06,2010-12-02 10:54:00,United Kingdom,online_retail_II.xlsx,Year 2009-2010,506371,Year 2009-2010:506371
17850,536628,82483,WOOD 2 DRAWER CABINET WHITE FINISH,4,4.95,2010-12-02 10:54:00,United Kingdom,online_retail_II.xlsx,Year 2009-2010,506372,Year 2009-2010:506372
17850,536628,82486,WOOD S/3 CABINET ANT WHITE FINISH,2,6.95,2010-12-02 10:54:00,United Kingdom,online_retail_II.xlsx,Year 2009-2010,506373,Year 2009-2010:506373
17850,536628,82482,WOODEN PICTURE FRAME WHITE FINISH,6,2.1,2010-12-02 10:54:00,United Kingdom,online_retail_II.xlsx,Year 2009-2010,506374,Year 2009-2010:506374
17850,536628,82494L,WOODEN FRAME ANTIQUE WHITE,6,2.55,2010-12-02 10:54:00,United Kingdom,online_retail_II.xlsx,Year 2009-2010,506375,Year 2009-2010:506375
17850,536628,22411,JUMBO SHOPPER VINTAGE RED PAISLEY,6,1.65,2010-12-02 10:54:00,United Kingdom,online_retail_II.xlsx,Year 2009-2010,506376,Year 2009-2010:506376
17850,536628,84029G,KNITTED UNION FLAG HOT WATER BOTTLE,6,3.39,2010-12-02 10:54:00,United Kingdom,online_retail_II.xlsx,Year 2009-2010,506377,Year 2009-2010:506377
17850,536628,84029E,RED WOOLLY HOTTIE WHITE HEART.,6,3.39,2010-12-02 10:54:00,United Kingdom,online_retail_II.xlsx,Year 2009-2010,506378,Year 2009-2010:506378
17850,536628,22752,SET 7 BABUSHKA NESTING BOXES,2,7.65,2010-12-02 10:54:00,United Kingdom,online_retail_II.xlsx,Year 2009-2010,506379,Year 2009-2010:506379
17850,536628,21730,GLASS STAR FROSTED T-LIGHT HOLDER,6,4.25,2010-12-02 10:54:00,United Kingdom,online_retail_II.xlsx,Year 2009-2010,506380,Year 2009-2010:506380
17850,536629,22632,HAND WARMER RED POLKA DOT,6,1.85,2010-12-02 10:55:00,United Kingdom,online_retail_II.xlsx,Year 2009-2010,506381,Year 2009-2010:506381
17850,536629,22633,HAND WARMER UNION JACK,6,1.85,2010-12-02 10:55:00,United Kingdom,online_retail_II.xlsx,Year 2009-2010,506382,Year 2009-2010:506382
17850,536630,85123A,WHITE HANGING HEART T-LIGHT HOLDER,6,2.55,2010-12-02 10:56:00,United Kingdom,online_retail_II.xlsx,Year 2009-2010,506383,Year 2009-2010:506383
17850,536630,71053,WHITE METAL LANTERN,6,3.39,2010-12-02 10:56:00,United Kingdom,online_retail_II.xlsx,Year 2009-2010,506384,Year 2009-2010:506384
17850,536630,84406B,CREAM CUPID HEARTS COAT HANGER,6,2.75,2010-12-02 10:56:00,United Kingdom,online_retail_II.xlsx,Year 2009-2010,506385,Year 2009-2010:506385
17850,536630,37370,RETRO COFFEE MUGS ASSORTED,6,1.06,2010-12-02 10:56:00,United Kingdom,online_retail_II.xlsx,Year 2009-2010,506386,Year 2009-2010:506386
17850,536630,21871,SAVE THE PLANET MUG,6,1.06,2010-12-02 10:56:00,United Kingdom,online_retail_II.xlsx,Year 2009-2010,506387,Year 2009-2010:506387
17850,536630,21071,VINTAGE BILLBOARD DRINK ME MUG,6,1.06,2010-12-02 10:56:00,United Kingdom,online_retail_II.xlsx,Year 2009-2010,506388,Year 2009-2010:506388
17850,536630,21068,VINTAGE BILLBOARD LOVE/HATE MUG,6,1.06,2010-12-02 10:56:00,United Kingdom,online_retail_II.xlsx,Year 2009-2010,506389,Year 2009-2010:506389
17850,536630,82483,WOOD 2 DRAWER CABINET WHITE FINISH,4,4.95,2010-12-02 10:56:00,United Kingdom,online_retail_II.xlsx,Year 2009-2010,506390,Year 2009-2010:506390
17850,536630,82486,WOOD S/3 CABINET ANT WHITE FINISH,4,6.95,2010-12-02 10:56:00,United Kingdom,online_retail_II.xlsx,Year 2009-2010,506391,Year 2009-2010:506391
17850,536630,82482,WOODEN PICTURE FRAME WHITE FINISH,6,2.1,2010-12-02 10:56:00,United Kingdom,online_retail_II.xlsx,Year 2009-2010,506392,Year 2009-2010:506392
17850,536630,82494L,WOODEN FRAME ANTIQUE WHITE,6,2.55,2010-12-02 10:56:00,United Kingdom,online_retail_II.xlsx,Year 2009-2010,506393,Year 2009-2010:506393
17850,536630,22411,JUMBO SHOPPER VINTAGE RED PAISLEY,6,1.65,2010-12-02 10:56:00,United Kingdom,online_retail_II.xlsx,Year 2009-2010,506394,Year 2009-2010:506394
17850,536630,84029G,KNITTED UNION FLAG HOT WATER BOTTLE,6,3.39,2010-12-02 10:56:00,United Kingdom,online_retail_II.xlsx,Year 2009-2010,506395,Year 2009-2010:506395
17850,536630,84029E,RED WOOLLY HOTTIE WHITE HEART.,6,3.39,2010-12-02 10:56:00,United Kingdom,online_retail_II.xlsx,Year 2009-2010,506396,Year 2009-2010:506396
17850,536630,22752,SET 7 BABUSHKA NESTING BOXES,2,7.65,2010-12-02 10:56:00,United Kingdom,online_retail_II.xlsx,Year 2009-2010,506397,Year 2009-2010:506397
17850,536630,21730,GLASS STAR FROSTED T-LIGHT HOLDER,6,4.25,2010-12-02 10:56:00,United Kingdom,online_retail_II.xlsx,Year 2009-2010,506398,Year 2009-2010:506398
17850,536631,22632,HAND WARMER RED POLKA DOT,6,1.85,2010-12-02 10:58:00,United Kingdom,online_retail_II.xlsx,Year 2009-2010,506399,Year 2009-2010:506399
17850,536631,22633,HAND WARMER UNION JACK,6,1.85,2010-12-02 10:58:00,United Kingdom,online_retail_II.xlsx,Year 2009-2010,506400,Year 2009-2010:506400
17850,536685,84029E,RED WOOLLY HOTTIE WHITE HEART.,8,3.39,2010-12-02 12:23:00,United Kingdom,online_retail_II.xlsx,Year 2009-2010,506744,Year 2009-2010:506744
17850,536685,22752,SET 7 BABUSHKA NESTING BOXES,4,7.65,2010-12-02 12:23:00,United Kingdom,online_retail_II.xlsx,Year 2009-2010,506745,Year 2009-2010:506745
17850,536685,22803,IVORY EMBROIDERED QUILT,2,35.75,2010-12-02 12:23:00,United Kingdom,online_retail_II.xlsx,Year 2009-2010,506746,Year 2009-2010:506746
17850,536685,21730,GLASS STAR FROSTED T-LIGHT HOLDER,6,4.25,2010-12-02 12:23:00,United Kingdom,online_retail_II.xlsx,Year 2009-2010,506747,Year 2009-2010:506747
17850,536685,85123A,WHITE HANGING HEART T-LIGHT HOLDER,12,2.55,2010-12-02 12:23:00,United Kingdom,online_retail_II.xlsx,Year 2009-2010,506748,Year 2009-2010:506748
17850,536685,71053,WHITE METAL LANTERN,12,3.39,2010-12-02 12:23:00,United Kingdom,online_retail_II.xlsx,Year 2009-2010,506749,Year 2009-2010:506749
17850,536685,84406B,CREAM CUPID HEARTS COAT HANGER,6,2.75,2010-12-02 12:23:00,United Kingdom,online_retail_II.xlsx,Year 2009-2010,506750,Year 2009-2010:506750
17850,536685,37370,RETRO COFFEE MUGS ASSORTED,6,1.06,2010-12-02 12:23:00,United Kingdom,online_retail_II.xlsx,Year 2009-2010,506751,Year 2009-2010:506751
17850,536685,21871,SAVE THE PLANET MUG,6,1.06,2010-12-02 12:23:00,United Kingdom,online_retail_II.xlsx,Year 2009-2010,506752,Year 2009-2010:506752
17850,536685,21071,VINTAGE BILLBOARD DRINK ME MUG,6,1.06,2010-12-02 12:23:00,United Kingdom,online_retail_II.xlsx,Year 2009-2010,506753,Year 2009-2010:506753
17850,536685,21068,VINTAGE BILLBOARD LOVE/HATE MUG,6,1.06,2010-12-02 12:23:00,United Kingdom,online_retail_II.xlsx,Year 2009-2010,506754,Year 2009-2010:506754
17850,536685,82483,WOOD 2 DRAWER CABINET WHITE FINISH,4,4.95,2010-12-02 12:23:00,United Kingdom,online_retail_II.xlsx,Year 2009-2010,506755,Year 2009-2010:506755
17850,536685,82486,WOOD S/3 CABINET ANT WHITE FINISH,4,6.95,2010-12-02 12:23:00,United Kingdom,online_retail_II.xlsx,Year 2009-2010,506756,Year 2009-2010:506756
17850,536685,82482,WOODEN PICTURE FRAME WHITE FINISH,6,2.1,2010-12-02 12:23:00,United Kingdom,online_retail_II.xlsx,Year 2009-2010,506757,Year 2009-2010:506757
17850,536685,82494L,WOODEN FRAME ANTIQUE WHITE,6,2.55,2010-12-02 12:23:00,United Kingdom,online_retail_II.xlsx,Year 2009-2010,506758,Year 2009-2010:506758
17850,536685,22411,JUMBO SHOPPER VINTAGE RED PAISLEY,6,1.65,2010-12-02 12:23:00,United Kingdom,online_retail_II.xlsx,Year 2009-2010,506759,Year 2009-2010:506759
17850,536685,84029G,KNITTED UNION FLAG HOT WATER BOTTLE,8,3.39,2010-12-02 12:23:00,United Kingdom,online_retail_II.xlsx,Year 2009-2010,506760,Year 2009-2010:506760
17850,536688,22632,HAND WARMER RED POLKA DOT,6,1.85,2010-12-02 12:24:00,United Kingdom,online_retail_II.xlsx,Year 2009-2010,506761,Year 2009-2010:506761
17850,536688,22633,HAND WARMER UNION JACK,6,1.85,2010-12-02 12:24:00,United Kingdom,online_retail_II.xlsx,Year 2009-2010,506762,Year 2009-2010:506762
17850,536690,85123A,WHITE HANGING HEART T-LIGHT HOLDER,6,2.55,2010-12-02 12:25:00,United Kingdom,online_retail_II.xlsx,Year 2009-2010,506763,Year 2009-2010:506763
17850,536690,71053,WHITE METAL LANTERN,6,3.39,2010-12-02 12:25:00,United Kingdom,online_retail_II.xlsx,Year 2009-2010,506764,Year 2009-2010:506764
17850,536690,84406B,CREAM CUPID HEARTS COAT HANGER,6,2.75,2010-12-02 12:25:00,United Kingdom,online_retail_II.xlsx,Year 2009-2010,506765,Year 2009-2010:506765
17850,536690,37370,RETRO COFFEE MUGS ASSORTED,6,1.06,2010-12-02 12:25:00,United Kingdom,online_retail_II.xlsx,Year 2009-2010,506766,Year 2009-2010:506766
17850,536690,21871,SAVE THE PLANET MUG,6,1.06,2010-12-02 12:25:00,United Kingdom,online_retail_II.xlsx,Year 2009-2010,506767,Year 2009-2010:506767
17850,536690,21071,VINTAGE BILLBOARD DRINK ME MUG,6,1.06,2010-12-02 12:25:00,United Kingdom,online_retail_II.xlsx,Year 2009-2010,506768,Year 2009-2010:506768
17850,536690,21068,VINTAGE BILLBOARD LOVE/HATE MUG,6,1.06,2010-12-02 12:25:00,United Kingdom,online_retail_II.xlsx,Year 2009-2010,506769,Year 2009-2010:506769
17850,536690,82483,WOOD 2 DRAWER CABINET WHITE FINISH,4,4.95,2010-12-02 12:25:00,United Kingdom,online_retail_II.xlsx,Year 2009-2010,506770,Year 2009-2010:506770
17850,536690,82486,WOOD S/3 CABINET ANT WHITE FINISH,4,6.95,2010-12-02 12:25:00,United Kingdom,online_retail_II.xlsx,Year 2009-2010,506771,Year 2009-2010:506771
17850,536690,82482,WOODEN PICTURE FRAME WHITE FINISH,6,2.1,2010-12-02 12:25:00,United Kingdom,online_retail_II.xlsx,Year 2009-2010,506772,Year 2009-2010:506772
17850,536690,82494L,WOODEN FRAME ANTIQUE WHITE,6,2.55,2010-12-02 12:25:00,United Kingdom,online_retail_II.xlsx,Year 2009-2010,506773,Year 2009-2010:506773
17850,536690,22411,JUMBO SHOPPER VINTAGE RED PAISLEY,6,1.65,2010-12-02 12:25:00,United Kingdom,online_retail_II.xlsx,Year 2009-2010,506774,Year 2009-2010:506774
17850,536690,84029G,KNITTED UNION FLAG HOT WATER BOTTLE,6,3.39,2010-12-02 12:25:00,United Kingdom,online_retail_II.xlsx,Year 2009-2010,506775,Year 2009-2010:506775
17850,536690,84029E,RED WOOLLY HOTTIE WHITE HEART.,6,3.39,2010-12-02 12:25:00,United Kingdom,online_retail_II.xlsx,Year 2009-2010,506776,Year 2009-2010:506776
17850,536690,22752,SET 7 BABUSHKA NESTING BOXES,4,7.65,2010-12-02 12:25:00,United Kingdom,online_retail_II.xlsx,Year 2009-2010,506777,Year 2009-2010:506777
17850,536690,22803,IVORY EMBROIDERED QUILT,2,35.75,2010-12-02 12:25:00,United Kingdom,online_retail_II.xlsx,Year 2009-2010,506778,Year 2009-2010:506778
17850,536690,21730,GLASS STAR FROSTED T-LIGHT HOLDER,6,4.25,2010-12-02 12:25:00,United Kingdom,online_retail_II.xlsx,Year 2009-2010,506779,Year 2009-2010:506779
17850,536693,22632,HAND WARMER RED POLKA DOT,6,1.85,2010-12-02 12:26:00,United Kingdom,online_retail_II.xlsx,Year 2009-2010,506780,Year 2009-2010:506780
17850,536693,22633,HAND WARMER UNION JACK,6,1.85,2010-12-02 12:26:00,United Kingdom,online_retail_II.xlsx,Year 2009-2010,506781,Year 2009-2010:506781
17850,536750,85123A,WHITE HANGING HEART T-LIGHT HOLDER,12,2.55,2010-12-02 14:04:00,United Kingdom,online_retail_II.xlsx,Year 2009-2010,507101,Year 2009-2010:507101
17850,536750,71053,WHITE METAL LANTERN,12,3.39,2010-12-02 14:04:00,United Kingdom,online_retail_II.xlsx,Year 2009-2010,507102,Year 2009-2010:507102
17850,536750,84406B,CREAM CUPID HEARTS COAT HANGER,6,2.75,2010-12-02 14:04:00,United Kingdom,online_retail_II.xlsx,Year 2009-2010,507103,Year 2009-2010:507103
17850,536750,15056BL,EDWARDIAN PARASOL BLACK,6,4.95,2010-12-02 14:04:00,United Kingdom,online_retail_II.xlsx,Year 2009-2010,507104,Year 2009-2010:507104
17850,536750,20679,EDWARDIAN PARASOL RED,6,4.95,2010-12-02 14:04:00,United Kingdom,online_retail_II.xlsx,Year 2009-2010,507105,Year 2009-2010:507105
17850,536750,37370,RETRO COFFEE MUGS ASSORTED,6,1.06,2010-12-02 14:04:00,United Kingdom,online_retail_II.xlsx,Year 2009-2010,507106,Year 2009-2010:507106
17850,536750,21871,SAVE THE PLANET MUG,6,1.06,2010-12-02 14:04:00,United Kingdom,online_retail_II.xlsx,Year 2009-2010,507107,Year 2009-2010:507107
17850,536750,21071,VINTAGE BILLBOARD DRINK ME MUG,6,1.06,2010-12-02 14:04:00,United Kingdom,online_retail_II.xlsx,Year 2009-2010,507108,Year 2009-2010:507108
17850,536750,21068,VINTAGE BILLBOARD LOVE/HATE MUG,6,1.06,2010-12-02 14:04:00,United Kingdom,online_retail_II.xlsx,Year 2009-2010,507109,Year 2009-2010:507109
17850,536750,82483,WOOD 2 DRAWER CABINET WHITE FINISH,4,4.95,2010-12-02 14:04:00,United Kingdom,online_retail_II.xlsx,Year 2009-2010,507110,Year 2009-2010:507110
17850,536750,82486,WOOD S/3 CABINET ANT WHITE FINISH,4,6.95,2010-12-02 14:04:00,United Kingdom,online_retail_II.xlsx,Year 2009-2010,507111,Year 2009-2010:507111
17850,536750,82482,WOODEN PICTURE FRAME WHITE FINISH,6,2.1,2010-12-02 14:04:00,United Kingdom,online_retail_II.xlsx,Year 2009-2010,507112,Year 2009-2010:507112
17850,536750,82494L,WOODEN FRAME ANTIQUE WHITE,6,2.55,2010-12-02 14:04:00,United Kingdom,online_retail_II.xlsx,Year 2009-2010,507113,Year 2009-2010:507113
17850,536750,22411,JUMBO SHOPPER VINTAGE RED PAISLEY,6,1.65,2010-12-02 14:04:00,United Kingdom,online_retail_II.xlsx,Year 2009-2010,507114,Year 2009-2010:507114
17850,536750,84029G,KNITTED UNION FLAG HOT WATER BOTTLE,6,3.39,2010-12-02 14:04:00,United Kingdom,online_retail_II.xlsx,Year 2009-2010,507115,Year 2009-2010:507115
17850,536750,84029E,RED WOOLLY HOTTIE WHITE HEART.,6,3.39,2010-12-02 14:04:00,United Kingdom,online_retail_II.xlsx,Year 2009-2010,507116,Year 2009-2010:507116
17850,536750,22752,SET 7 BABUSHKA NESTING BOXES,4,7.65,2010-12-02 14:04:00,United Kingdom,online_retail_II.xlsx,Year 2009-2010,507117,Year 2009-2010:507117
17850,536750,22803,IVORY EMBROIDERED QUILT,2,35.75,2010-12-02 14:04:00,United Kingdom,online_retail_II.xlsx,Year 2009-2010,507118,Year 2009-2010:507118
17850,536750,21730,GLASS STAR FROSTED T-LIGHT HOLDER,8,4.25,2010-12-02 14:04:00,United Kingdom,online_retail_II.xlsx,Year 2009-2010,507119,Year 2009-2010:507119
17850,536751,22632,HAND WARMER RED POLKA DOT,6,1.85,2010-12-02 14:05:00,United Kingdom,online_retail_II.xlsx,Year 2009-2010,507120,Year 2009-2010:507120
17850,536751,22633,HAND WARMER UNION JACK,6,1.85,2010-12-02 14:05:00,United Kingdom,online_retail_II.xlsx,Year 2009-2010,507121,Year 2009-2010:507121
17850,536752,85123A,WHITE HANGING HEART T-LIGHT HOLDER,6,2.55,2010-12-02 14:06:00,United Kingdom,online_retail_II.xlsx,Year 2009-2010,507122,Year 2009-2010:507122
17850,536752,71053,WHITE METAL LANTERN,6,3.39,2010-12-02 14:06:00,United Kingdom,online_retail_II.xlsx,Year 2009-2010,507123,Year 2009-2010:507123
17850,536752,84406B,CREAM CUPID HEARTS COAT HANGER,6,2.75,2010-12-02 14:06:00,United Kingdom,online_retail_II.xlsx,Year 2009-2010,507124,Year 2009-2010:507124
17850,536752,15056BL,EDWARDIAN PARASOL BLACK,6,4.95,2010-12-02 14:06:00,United Kingdom,online_retail_II.xlsx,Year 2009-2010,507125,Year 2009-2010:507125
17850,536752,20679,EDWARDIAN PARASOL RED,6,4.95,2010-12-02 14:06:00,United Kingdom,online_retail_II.xlsx,Year 2009-2010,507126,Year 2009-2010:507126
17850,536752,37370,RETRO COFFEE MUGS ASSORTED,6,1.06,2010-12-02 14:06:00,United Kingdom,online_retail_II.xlsx,Year 2009-2010,507127,Year 2009-2010:507127
17850,536752,21871,SAVE THE PLANET MUG,6,1.06,2010-12-02 14:06:00,United Kingdom,online_retail_II.xlsx,Year 2009-2010,507128,Year 2009-2010:507128
17850,536752,21071,VINTAGE BILLBOARD DRINK ME MUG,6,1.06,2010-12-02 14:06:00,United Kingdom,online_retail_II.xlsx,Year 2009-2010,507129,Year 2009-2010:507129
17850,536752,21068,VINTAGE BILLBOARD LOVE/HATE MUG,6,1.06,2010-12-02 14:06:00,United Kingdom,online_retail_II.xlsx,Year 2009-2010,507130,Year 2009-2010:507130
17850,536752,82483,WOOD 2 DRAWER CABINET WHITE FINISH,4,4.95,2010-12-02 14:06:00,United Kingdom,online_retail_II.xlsx,Year 2009-2010,507131,Year 2009-2010:507131
17850,536752,82486,WOOD S/3 CABINET ANT WHITE FINISH,4,6.95,2010-12-02 14:06:00,United Kingdom,online_retail_II.xlsx,Year 2009-2010,507132,Year 2009-2010:507132
17850,536752,82482,WOODEN PICTURE FRAME WHITE FINISH,6,2.1,2010-12-02 14:06:00,United Kingdom,online_retail_II.xlsx,Year 2009-2010,507133,Year 2009-2010:507133
17850,536752,82494L,WOODEN FRAME ANTIQUE WHITE,6,2.55,2010-12-02 14:06:00,United Kingdom,online_retail_II.xlsx,Year 2009-2010,507134,Year 2009-2010:507134
17850,536752,22411,JUMBO SHOPPER VINTAGE RED PAISLEY,6,1.65,2010-12-02 14:06:00,United Kingdom,online_retail_II.xlsx,Year 2009-2010,507135,Year 2009-2010:507135
17850,536752,84029G,KNITTED UNION FLAG HOT WATER BOTTLE,6,3.39,2010-12-02 14:06:00,United Kingdom,online_retail_II.xlsx,Year 2009-2010,507136,Year 2009-2010:507136
17850,536752,84029E,RED WOOLLY HOTTIE WHITE HEART.,6,3.39,2010-12-02 14:06:00,United Kingdom,online_retail_II.xlsx,Year 2009-2010,507137,Year 2009-2010:507137
17850,536752,22752,SET 7 BABUSHKA NESTING BOXES,4,7.65,2010-12-02 14:06:00,United Kingdom,online_retail_II.xlsx,Year 2009-2010,507138,Year 2009-2010:507138
17850,536752,22803,IVORY EMBROIDERED QUILT,2,35.75,2010-12-02 14:06:00,United Kingdom,online_retail_II.xlsx,Year 2009-2010,507139,Year 2009-2010:507139
17850,536752,21730,GLASS STAR FROSTED T-LIGHT HOLDER,6,4.25,2010-12-02 14:06:00,United Kingdom,online_retail_II.xlsx,Year 2009-2010,507140,Year 2009-2010:507140
17850,536753,22632,HAND WARMER RED POLKA DOT,6,1.85,2010-12-02 14:07:00,United Kingdom,online_retail_II.xlsx,Year 2009-2010,507141,Year 2009-2010:507141
17850,536753,22633,HAND WARMER UNION JACK,6,1.85,2010-12-02 14:07:00,United Kingdom,online_retail_II.xlsx,Year 2009-2010,507142,Year 2009-2010:507142
17850,536787,85123A,WHITE HANGING HEART T-LIGHT HOLDER,6,2.55,2010-12-02 15:24:00,United Kingdom,online_retail_II.xlsx,Year 2009-2010,507450,Year 2009-2010:507450
17850,536787,71053,WHITE METAL LANTERN,6,3.39,2010-12-02 15:24:00,United Kingdom,online_retail_II.xlsx,Year 2009-2010,507451,Year 2009-2010:507451
17850,536787,84406B,CREAM CUPID HEARTS COAT HANGER,8,2.75,2010-12-02 15:24:00,United Kingdom,online_retail_II.xlsx,Year 2009-2010,507452,Year 2009-2010:507452
17850,536787,37370,RETRO COFFEE MUGS ASSORTED,6,1.06,2010-12-02 15:24:00,United Kingdom,online_retail_II.xlsx,Year 2009-2010,507453,Year 2009-2010:507453
17850,536787,21871,SAVE THE PLANET MUG,6,1.06,2010-12-02 15:24:00,United Kingdom,online_retail_II.xlsx,Year 2009-2010,507454,Year 2009-2010:507454
17850,536787,21071,VINTAGE BILLBOARD DRINK ME MUG,6,1.06,2010-12-02 15:24:00,United Kingdom,online_retail_II.xlsx,Year 2009-2010,507455,Year 2009-2010:507455
17850,536787,21068,VINTAGE BILLBOARD LOVE/HATE MUG,6,1.06,2010-12-02 15:24:00,United Kingdom,online_retail_II.xlsx,Year 2009-2010,507456,Year 2009-2010:507456
17850,536787,82482,WOODEN PICTURE FRAME WHITE FINISH,6,2.1,2010-12-02 15:24:00,United Kingdom,online_retail_II.xlsx,Year 2009-2010,507457,Year 2009-2010:507457
17850,536787,82494L,WOODEN FRAME ANTIQUE WHITE,6,2.55,2010-12-02 15:24:00,United Kingdom,online_retail_II.xlsx,Year 2009-2010,507458,Year 2009-2010:507458
17850,536787,84029G,KNITTED UNION FLAG HOT WATER BOTTLE,6,3.39,2010-12-02 15:24:00,United Kingdom,online_retail_II.xlsx,Year 2009-2010,507459,Year 2009-2010:507459
17850,536787,84029E,RED WOOLLY HOTTIE WHITE HEART.,6,3.39,2010-12-02 15:24:00,United Kingdom,online_retail_II.xlsx,Year 2009-2010,507460,Year 2009-2010:507460
17850,536787,22752,SET 7 BABUSHKA NESTING BOXES,2,7.65,2010-12-02 15:24:00,United Kingdom,online_retail_II.xlsx,Year 2009-2010,507461,Year 2009-2010:507461
17850,536787,21730,GLASS STAR FROSTED T-LIGHT HOLDER,6,4.25,2010-12-02 15:24:00,United Kingdom,online_retail_II.xlsx,Year 2009-2010,507462,Year 2009-2010:507462
17850,536789,22633,HAND WARMER UNION JACK,6,1.85,2010-12-02 15:25:00,United Kingdom,online_retail_II.xlsx,Year 2009-2010,507463,Year 2009-2010:507463
17850,536789,22632,HAND WARMER RED POLKA DOT,6,1.85,2010-12-02 15:25:00,United Kingdom,online_retail_II.xlsx,Year 2009-2010,507464,Year 2009-2010:507464
17850,536790,85123A,WHITE HANGING HEART T-LIGHT HOLDER,12,2.95,2010-12-02 15:26:00,United Kingdom,online_retail_II.xlsx,Year 2009-2010,507466,Year 2009-2010:507466
17850,536790,71053,WHITE METAL LANTERN,12,3.39,2010-12-02 15:26:00,United Kingdom,online_retail_II.xlsx,Year 2009-2010,507467,Year 2009-2010:507467
17850,536790,84406B,CREAM CUPID HEARTS COAT HANGER,12,2.75,2010-12-02 15:26:00,United Kingdom,online_retail_II.xlsx,Year 2009-2010,507468,Year 2009-2010:507468
17850,536790,15056BL,EDWARDIAN PARASOL BLACK,6,4.95,2010-12-02 15:26:00,United Kingdom,online_retail_II.xlsx,Year 2009-2010,507469,Year 2009-2010:507469
17850,536790,20679,EDWARDIAN PARASOL RED,6,4.95,2010-12-02 15:26:00,United Kingdom,online_retail_II.xlsx,Year 2009-2010,507470,Year 2009-2010:507470
17850,536790,37370,RETRO COFFEE MUGS ASSORTED,12,1.06,2010-12-02 15:26:00,United Kingdom,online_retail_II.xlsx,Year 2009-2010,507471,Year 2009-2010:507471
17850,536790,21071,VINTAGE BILLBOARD DRINK ME MUG,12,1.06,2010-12-02 15:26:00,United Kingdom,online_retail_II.xlsx,Year 2009-2010,507472,Year 2009-2010:507472
17850,536790,21068,VINTAGE BILLBOARD LOVE/HATE MUG,12,1.06,2010-12-02 15:26:00,United Kingdom,online_retail_II.xlsx,Year 2009-2010,507473,Year 2009-2010:507473
17850,536790,82483,WOOD 2 DRAWER CABINET WHITE FINISH,4,4.95,2010-12-02 15:26:00,United Kingdom,online_retail_II.xlsx,Year 2009-2010,507474,Year 2009-2010:507474
17850,536790,82486,WOOD S/3 CABINET ANT WHITE FINISH,4,6.95,2010-12-02 15:26:00,United Kingdom,online_retail_II.xlsx,Year 2009-2010,507475,Year 2009-2010:507475
17850,536790,82482,WOODEN PICTURE FRAME WHITE FINISH,6,2.1,2010-12-02 15:26:00,United Kingdom,online_retail_II.xlsx,Year 2009-2010,507476,Year 2009-2010:507476
17850,536790,82494L,WOODEN FRAME ANTIQUE WHITE,6,2.55,2010-12-02 15:26:00,United Kingdom,online_retail_II.xlsx,Year 2009-2010,507477,Year 2009-2010:507477
17850,536790,84029G,KNITTED UNION FLAG HOT WATER BOTTLE,12,3.39,2010-12-02 15:26:00,United Kingdom,online_retail_II.xlsx,Year 2009-2010,507478,Year 2009-2010:507478
17850,536790,84029E,RED WOOLLY HOTTIE WHITE HEART.,6,3.39,2010-12-02 15:26:00,United Kingdom,online_retail_II.xlsx,Year 2009-2010,507479,Year 2009-2010:507479
17850,536790,22752,SET 7 BABUSHKA NESTING BOXES,4,7.65,2010-12-02 15:26:00,United Kingdom,online_retail_II.xlsx,Year 2009-2010,507480,Year 2009-2010:507480
17850,536790,22803,IVORY EMBROIDERED QUILT,3,35.75,2010-12-02 15:26:00,United Kingdom,online_retail_II.xlsx,Year 2009-2010,507481,Year 2009-2010:507481
17850,536790,21730,GLASS STAR FROSTED T-LIGHT HOLDER,12,4.25,2010-12-02 15:26:00,United Kingdom,online_retail_II.xlsx,Year 2009-2010,507482,Year 2009-2010:507482
17850,536791,22632,HAND WARMER RED POLKA DOT,12,1.85,2010-12-02 15:27:00,United Kingdom,online_retail_II.xlsx,Year 2009-2010,507483,Year 2009-2010:507483
17850,536791,22633,HAND WARMER UNION JACK,12,1.85,2010-12-02 15:27:00,United Kingdom,online_retail_II.xlsx,Year 2009-2010,507484,Year 2009-2010:507484
12347,537626,85116,BLACK CANDELABRA T-LIGHT HOLDER,12,2.1,2010-12-07 14:57:00,Iceland,online_retail_II.xlsx,Year 2009-2010,517878,Year 2009-2010:517878
12347,537626,22375,AIRLINE BAG VINTAGE JET SET BROWN,4,4.25,2010-12-07 14:57:00,Iceland,online_retail_II.xlsx,Year 2009-2010,517879,Year 2009-2010:517879
12347,537626,71477,COLOUR GLASS. STAR T-LIGHT HOLDER,12,3.25,2010-12-07 14:57:00,Iceland,online_retail_II.xlsx,Year 2009-2010,517880,Year 2009-2010:517880
12347,537626,22492,MINI PAINT SET VINTAGE,36,0.65,2010-12-07 14:57:00,Iceland,online_retail_II.xlsx,Year 2009-2010,517881,Year 2009-2010:517881
12347,537626,22771,CLEAR DRAWER KNOB ACRYLIC EDWARDIAN,12,1.25,2010-12-07 14:57:00,Iceland,online_retail_II.xlsx,Year 2009-2010,517882,Year 2009-2010:517882
12347,537626,22772,PINK DRAWER KNOB ACRYLIC EDWARDIAN,12,1.25,2010-12-07 14:57:00,Iceland,online_retail_II.xlsx,Year 2009-2010,517883,Year 2009-2010:517883
12347,537626,22773,GREEN DRAWER KNOB ACRYLIC EDWARDIAN,12,1.25,2010-12-07 14:57:00,Iceland,online_retail_II.xlsx,Year 2009-2010,517884,Year 2009-2010:517884
12347,537626,22774,RED DRAWER KNOB ACRYLIC EDWARDIAN,12,1.25,2010-12-07 14:57:00,Iceland,online_retail_II.xlsx,Year 2009-2010,517885,Year 2009-2010:517885
12347,537626,22775,PURPLE DRAWERKNOB ACRYLIC EDWARDIAN,12,1.25,2010-12-07 14:57:00,Iceland,online_retail_II.xlsx,Year 2009-2010,517886,Year 2009-2010:517886
12347,537626,22805,BLUE DRAWER KNOB ACRYLIC EDWARDIAN,12,1.25,2010-12-07 14:57:00,Iceland,online_retail_II.xlsx,Year 2009-2010,517887,Year 2009-2010:517887
12347,537626,22725,ALARM CLOCK BAKELIKE CHOCOLATE,4,3.75,2010-12-07 14:57:00,Iceland,online_retail_II.xlsx,Year 2009-2010,517888,Year 2009-2010:517888
12347,537626,22726,ALARM CLOCK BAKELIKE GREEN,4,3.75,2010-12-07 14:57:00,Iceland,online_retail_II.xlsx,Year 2009-2010,517889,Year 2009-2010:517889
12347,537626,22727,ALARM CLOCK BAKELIKE RED,4,3.75,2010-12-07 14:57:00,Iceland,online_retail_II.xlsx,Year 2009-2010,517890,Year 2009-2010:517890
12347,537626,22728,ALARM CLOCK BAKELIKE PINK,4,3.75,2010-12-07 14:57:00,Iceland,online_retail_II.xlsx,Year 2009-2010,517891,Year 2009-2010:517891
12347,537626,22729,ALARM CLOCK BAKELIKE ORANGE,4,3.75,2010-12-07 14:57:00,Iceland,online_retail_II.xlsx,Year 2009-2010,517892,Year 2009-2010:517892
12347,537626,22212,FOUR HOOK  WHITE LOVEBIRDS,6,2.1,2010-12-07 14:57:00,Iceland,online_retail_II.xlsx,Year 2009-2010,517893,Year 2009-2010:517893
12347,537626,85167B,BLACK GRAND BAROQUE PHOTO FRAME,30,1.25,2010-12-07 14:57:00,Iceland,online_retail_II.xlsx,Year 2009-2010,517894,Year 2009-2010:517894
12347,537626,21171,BATHROOM METAL SIGN,12,1.45,2010-12-07 14:57:00,Iceland,online_retail_II.xlsx,Year 2009-2010,517895,Year 2009-2010:517895
12347,537626,22195,LARGE HEART MEASURING SPOONS,12,1.65,2010-12-07 14:57:00,Iceland,online_retail_II.xlsx,Year 2009-2010,517896,Year 2009-2010:517896
12347,537626,84969,BOX OF 6 ASSORTED COLOUR TEASPOONS,6,4.25,2010-12-07 14:57:00,Iceland,online_retail_II.xlsx,Year 2009-2010,517897,Year 2009-2010:517897
12347,537626,84997C,BLUE 3 PIECE POLKADOT CUTLERY SET,6,3.75,2010-12-07 14:57:00,Iceland,online_retail_II.xlsx,Year 2009-2010,517898,Year 2009-2010:517898
12347,537626,84997B,RED 3 PIECE RETROSPOT CUTLERY SET,6,3.75,2010-12-07 14:57:00,Iceland,online_retail_II.xlsx,Year 2009-2010,517899,Year 2009-2010:517899
12347,537626,84997D,PINK 3 PIECE POLKADOT CUTLERY SET,6,3.75,2010-12-07 14:57:00,Iceland,online_retail_II.xlsx,Year 2009-2010,517900,Year 2009-2010:517900
12347,537626,22494,EMERGENCY FIRST AID TIN,12,1.25,2010-12-07 14:57:00,Iceland,online_retail_II.xlsx,Year 2009-2010,517901,Year 2009-2010:517901
12347,537626,22497,SET OF 2 TINS VINTAGE BATHROOM,4,4.25,2010-12-07 14:57:00,Iceland,online_retail_II.xlsx,Year 2009-2010,517902,Year 2009-2010:517902
12347,537626,85232D,SET/3 DECOUPAGE STACKING TINS,3,4.95,2010-12-07 14:57:00,Iceland,online_retail_II.xlsx,Year 2009-2010,517903,Year 2009-2010:517903
12347,537626,21064,BOOM BOX SPEAKER BOYS,6,5.95,2010-12-07 14:57:00,Iceland,online_retail_II.xlsx,Year 2009-2010,517904,Year 2009-2010:517904
12347,537626,21731,RED TOADSTOOL LED NIGHT LIGHT,12,1.65,2010-12-07 14:57:00,Iceland,online_retail_II.xlsx,Year 2009-2010,517905,Year 2009-2010:517905
12347,537626,84558A,3D DOG PICTURE PLAYING CARDS,24,2.95,2010-12-07 14:57:00,Iceland,online_retail_II.xlsx,Year 2009-2010,517906,Year 2009-2010:517906
12347,537626,20780,BLACK EAR MUFF HEADPHONES,12,4.65,2010-12-07 14:57:00,Iceland,online_retail_II.xlsx,Year 2009-2010,517907,Year 2009-2010:517907
12347,537626,20782,CAMOUFLAGE EAR MUFF HEADPHONES,6,5.49,2010-12-07 14:57:00,Iceland,online_retail_II.xlsx,Year 2009-2010,517908,Year 2009-2010:517908
17850,536365,85123A,WHITE HANGING HEART T-LIGHT HOLDER,6,2.55,2010-12-01 08:26:00,United Kingdom,online_retail_II.xlsx,Year 2010-2011,2,Year 2010-2011:2
17850,536365,71053,WHITE METAL LANTERN,6,3.39,2010-12-01 08:26:00,United Kingdom,online_retail_II.xlsx,Year 2010-2011,3,Year 2010-2011:3
17850,536365,84406B,CREAM CUPID HEARTS COAT HANGER,8,2.75,2010-12-01 08:26:00,United Kingdom,online_retail_II.xlsx,Year 2010-2011,4,Year 2010-2011:4
17850,536365,84029G,KNITTED UNION FLAG HOT WATER BOTTLE,6,3.39,2010-12-01 08:26:00,United Kingdom,online_retail_II.xlsx,Year 2010-2011,5,Year 2010-2011:5
17850,536365,84029E,RED WOOLLY HOTTIE WHITE HEART.,6,3.39,2010-12-01 08:26:00,United Kingdom,online_retail_II.xlsx,Year 2010-2011,6,Year 2010-2011:6
17850,536365,22752,SET 7 BABUSHKA NESTING BOXES,2,7.65,2010-12-01 08:26:00,United Kingdom,online_retail_II.xlsx,Year 2010-2011,7,Year 2010-2011:7
17850,536365,21730,GLASS STAR FROSTED T-LIGHT HOLDER,6,4.25,2010-12-01 08:26:00,United Kingdom,online_retail_II.xlsx,Year 2010-2011,8,Year 2010-2011:8
17850,536366,22633,HAND WARMER UNION JACK,6,1.85,2010-12-01 08:28:00,United Kingdom,online_retail_II.xlsx,Year 2010-2011,9,Year 2010-2011:9
17850,536366,22632,HAND WARMER RED POLKA DOT,6,1.85,2010-12-01 08:28:00,United Kingdom,online_retail_II.xlsx,Year 2010-2011,10,Year 2010-2011:10
17850,536372,22632,HAND WARMER RED POLKA DOT,6,1.85,2010-12-01 09:01:00,United Kingdom,online_retail_II.xlsx,Year 2010-2011,49,Year 2010-2011:49
17850,536372,22633,HAND WARMER UNION JACK,6,1.85,2010-12-01 09:01:00,United Kingdom,online_retail_II.xlsx,Year 2010-2011,50,Year 2010-2011:50
17850,536373,85123A,WHITE HANGING HEART T-LIGHT HOLDER,6,2.55,2010-12-01 09:02:00,United Kingdom,online_retail_II.xlsx,Year 2010-2011,51,Year 2010-2011:51
17850,536373,71053,WHITE METAL LANTERN,6,3.39,2010-12-01 09:02:00,United Kingdom,online_retail_II.xlsx,Year 2010-2011,52,Year 2010-2011:52
17850,536373,84406B,CREAM CUPID HEARTS COAT HANGER,8,2.75,2010-12-01 09:02:00,United Kingdom,online_retail_II.xlsx,Year 2010-2011,53,Year 2010-2011:53
17850,536373,20679,EDWARDIAN PARASOL RED,6,4.95,2010-12-01 09:02:00,United Kingdom,online_retail_II.xlsx,Year 2010-2011,54,Year 2010-2011:54
17850,536373,37370,RETRO COFFEE MUGS ASSORTED,6,1.06,2010-12-01 09:02:00,United Kingdom,online_retail_II.xlsx,Year 2010-2011,55,Year 2010-2011:55
17850,536373,21871,SAVE THE PLANET MUG,6,1.06,2010-12-01 09:02:00,United Kingdom,online_retail_II.xlsx,Year 2010-2011,56,Year 2010-2011:56
17850,536373,21071,VINTAGE BILLBOARD DRINK ME MUG,6,1.06,2010-12-01 09:02:00,United Kingdom,online_retail_II.xlsx,Year 2010-2011,57,Year 2010-2011:57
17850,536373,21068,VINTAGE BILLBOARD LOVE/HATE MUG,6,1.06,2010-12-01 09:02:00,United Kingdom,online_retail_II.xlsx,Year 2010-2011,58,Year 2010-2011:58
17850,536373,82483,WOOD 2 DRAWER CABINET WHITE FINISH,2,4.95,2010-12-01 09:02:00,United Kingdom,online_retail_II.xlsx,Year 2010-2011,59,Year 2010-2011:59
17850,536373,82486,WOOD S/3 CABINET ANT WHITE FINISH,4,6.95,2010-12-01 09:02:00,United Kingdom,online_retail_II.xlsx,Year 2010-2011,60,Year 2010-2011:60
17850,536373,82482,WOODEN PICTURE FRAME WHITE FINISH,6,2.1,2010-12-01 09:02:00,United Kingdom,online_retail_II.xlsx,Year 2010-2011,61,Year 2010-2011:61
17850,536373,82494L,WOODEN FRAME ANTIQUE WHITE,6,2.55,2010-12-01 09:02:00,United Kingdom,online_retail_II.xlsx,Year 2010-2011,62,Year 2010-2011:62
17850,536373,84029G,KNITTED UNION FLAG HOT WATER BOTTLE,6,3.39,2010-12-01 09:02:00,United Kingdom,online_retail_II.xlsx,Year 2010-2011,63,Year 2010-2011:63
17850,536373,84029E,RED WOOLLY HOTTIE WHITE HEART.,6,3.39,2010-12-01 09:02:00,United Kingdom,online_retail_II.xlsx,Year 2010-2011,64,Year 2010-2011:64
17850,536373,22752,SET 7 BABUSHKA NESTING BOXES,2,7.65,2010-12-01 09:02:00,United Kingdom,online_retail_II.xlsx,Year 2010-2011,65,Year 2010-2011:65
17850,536373,21730,GLASS STAR FROSTED T-LIGHT HOLDER,6,4.25,2010-12-01 09:02:00,United Kingdom,online_retail_II.xlsx,Year 2010-2011,66,Year 2010-2011:66
17850,536375,85123A,WHITE HANGING HEART T-LIGHT HOLDER,6,2.55,2010-12-01 09:32:00,United Kingdom,online_retail_II.xlsx,Year 2010-2011,68,Year 2010-2011:68
17850,536375,71053,WHITE METAL LANTERN,6,3.39,2010-12-01 09:32:00,United Kingdom,online_retail_II.xlsx,Year 2010-2011,69,Year 2010-2011:69
17850,536375,84406B,CREAM CUPID HEARTS COAT HANGER,8,2.75,2010-12-01 09:32:00,United Kingdom,online_retail_II.xlsx,Year 2010-2011,70,Year 2010-2011:70
17850,536375,20679,EDWARDIAN PARASOL RED,6,4.95,2010-12-01 09:32:00,United Kingdom,online_retail_II.xlsx,Year 2010-2011,71,Year 2010-2011:71
17850,536375,37370,RETRO COFFEE MUGS ASSORTED,6,1.06,2010-12-01 09:32:00,United Kingdom,online_retail_II.xlsx,Year 2010-2011,72,Year 2010-2011:72
17850,536375,21871,SAVE THE PLANET MUG,6,1.06,2010-12-01 09:32:00,United Kingdom,online_retail_II.xlsx,Year 2010-2011,73,Year 2010-2011:73
17850,536375,21071,VINTAGE BILLBOARD DRINK ME MUG,6,1.06,2010-12-01 09:32:00,United Kingdom,online_retail_II.xlsx,Year 2010-2011,74,Year 2010-2011:74
17850,536375,21068,VINTAGE BILLBOARD LOVE/HATE MUG,6,1.06,2010-12-01 09:32:00,United Kingdom,online_retail_II.xlsx,Year 2010-2011,75,Year 2010-2011:75
17850,536375,82483,WOOD 2 DRAWER CABINET WHITE FINISH,2,4.95,2010-12-01 09:32:00,United Kingdom,online_retail_II.xlsx,Year 2010-2011,76,Year 2010-2011:76
17850,536375,82486,WOOD S/3 CABINET ANT WHITE FINISH,4,6.95,2010-12-01 09:32:00,United Kingdom,online_retail_II.xlsx,Year 2010-2011,77,Year 2010-2011:77
17850,536375,82482,WOODEN PICTURE FRAME WHITE FINISH,6,2.1,2010-12-01 09:32:00,United Kingdom,online_retail_II.xlsx,Year 2010-2011,78,Year 2010-2011:78
17850,536375,82494L,WOODEN FRAME ANTIQUE WHITE,6,2.55,2010-12-01 09:32:00,United Kingdom,online_retail_II.xlsx,Year 2010-2011,79,Year 2010-2011:79
17850,536375,84029G,KNITTED UNION FLAG HOT WATER BOTTLE,6,3.39,2010-12-01 09:32:00,United Kingdom,online_retail_II.xlsx,Year 2010-2011,80,Year 2010-2011:80
17850,536375,84029E,RED WOOLLY HOTTIE WHITE HEART.,6,3.39,2010-12-01 09:32:00,United Kingdom,online_retail_II.xlsx,Year 2010-2011,81,Year 2010-2011:81
17850,536375,22752,SET 7 BABUSHKA NESTING BOXES,2,7.65,2010-12-01 09:32:00,United Kingdom,online_retail_II.xlsx,Year 2010-2011,82,Year 2010-2011:82
17850,536375,21730,GLASS STAR FROSTED T-LIGHT HOLDER,6,4.25,2010-12-01 09:32:00,United Kingdom,online_retail_II.xlsx,Year 2010-2011,83,Year 2010-2011:83
17850,536377,22632,HAND WARMER RED POLKA DOT,6,1.85,2010-12-01 09:34:00,United Kingdom,online_retail_II.xlsx,Year 2010-2011,86,Year 2010-2011:86
17850,536377,22633,HAND WARMER UNION JACK,6,1.85,2010-12-01 09:34:00,United Kingdom,online_retail_II.xlsx,Year 2010-2011,87,Year 2010-2011:87
17850,536396,85123A,WHITE HANGING HEART T-LIGHT HOLDER,6,2.55,2010-12-01 10:51:00,United Kingdom,online_retail_II.xlsx,Year 2010-2011,282,Year 2010-2011:282
17850,536396,71053,WHITE METAL LANTERN,6,3.39,2010-12-01 10:51:00,United Kingdom,online_retail_II.xlsx,Year 2010-2011,283,Year 2010-2011:283
17850,536396,84406B,CREAM CUPID HEARTS COAT HANGER,8,2.75,2010-12-01 10:51:00,United Kingdom,online_retail_II.xlsx,Year 2010-2011,284,Year 2010-2011:284
17850,536396,15056BL,EDWARDIAN PARASOL BLACK,6,4.95,2010-12-01 10:51:00,United Kingdom,online_retail_II.xlsx,Year 2010-2011,285,Year 2010-2011:285
17850,536396,20679,EDWARDIAN PARASOL RED,6,4.95,2010-12-01 10:51:00,United Kingdom,online_retail_II.xlsx,Year 2010-2011,286,Year 2010-2011:286
17850,536396,37370,RETRO COFFEE MUGS ASSORTED,6,1.06,2010-12-01 10:51:00,United Kingdom,online_retail_II.xlsx,Year 2010-2011,287,Year 2010-2011:287
17850,536396,21871,SAVE THE PLANET MUG,6,1.06,2010-12-01 10:51:00,United Kingdom,online_retail_II.xlsx,Year 2010-2011,288,Year 2010-2011:288
17850,536396,21071,VINTAGE BILLBOARD DRINK ME MUG,6,1.06,2010-12-01 10:51:00,United Kingdom,online_retail_II.xlsx,Year 2010-2011,289,Year 2010-2011:289
17850,536396,21068,VINTAGE BILLBOARD LOVE/HATE MUG,6,1.06,2010-12-01 10:51:00,United Kingdom,online_retail_II.xlsx,Year 2010-2011,290,Year 2010-2011:290
17850,536396,82483,WOOD 2 DRAWER CABINET WHITE FINISH,2,4.95,2010-12-01 10:51:00,United Kingdom,online_retail_II.xlsx,Year 2010-2011,291,Year 2010-2011:291
17850,536396,82486,WOOD S/3 CABINET ANT WHITE FINISH,4,6.95,2010-12-01 10:51:00,United Kingdom,online_retail_II.xlsx,Year 2010-2011,292,Year 2010-2011:292
17850,536396,82482,WOODEN PICTURE FRAME WHITE FINISH,6,2.1,2010-12-01 10:51:00,United Kingdom,online_retail_II.xlsx,Year 2010-2011,293,Year 2010-2011:293
17850,536396,82494L,WOODEN FRAME ANTIQUE WHITE,12,2.55,2010-12-01 10:51:00,United Kingdom,online_retail_II.xlsx,Year 2010-2011,294,Year 2010-2011:294
17850,536396,84029G,KNITTED UNION FLAG HOT WATER BOTTLE,6,3.39,2010-12-01 10:51:00,United Kingdom,online_retail_II.xlsx,Year 2010-2011,295,Year 2010-2011:295
17850,536396,84029E,RED WOOLLY HOTTIE WHITE HEART.,6,3.39,2010-12-01 10:51:00,United Kingdom,online_retail_II.xlsx,Year 2010-2011,296,Year 2010-2011:296
17850,536396,22752,SET 7 BABUSHKA NESTING BOXES,2,7.65,2010-12-01 10:51:00,United Kingdom,online_retail_II.xlsx,Year 2010-2011,297,Year 2010-2011:297
17850,536396,22803,IVORY EMBROIDERED QUILT,2,35.75,2010-12-01 10:51:00,United Kingdom,online_retail_II.xlsx,Year 2010-2011,298,Year 2010-2011:298
17850,536396,21730,GLASS STAR FROSTED T-LIGHT HOLDER,6,4.25,2010-12-01 10:51:00,United Kingdom,online_retail_II.xlsx,Year 2010-2011,299,Year 2010-2011:299
17850,536399,22632,HAND WARMER RED POLKA DOT,6,1.85,2010-12-01 10:52:00,United Kingdom,online_retail_II.xlsx,Year 2010-2011,300,Year 2010-2011:300
17850,536399,22633,HAND WARMER UNION JACK,6,1.85,2010-12-01 10:52:00,United Kingdom,online_retail_II.xlsx,Year 2010-2011,301,Year 2010-2011:301
17850,536406,85123A,WHITE HANGING HEART T-LIGHT HOLDER,8,2.55,2010-12-01 11:33:00,United Kingdom,online_retail_II.xlsx,Year 2010-2011,418,Year 2010-2011:418
17850,536406,71053,WHITE METAL LANTERN,8,3.39,2010-12-01 11:33:00,United Kingdom,online_retail_II.xlsx,Year 2010-2011,419,Year 2010-2011:419
17850,536406,84406B,CREAM CUPID HEARTS COAT HANGER,8,2.75,2010-12-01 11:33:00,United Kingdom,online_retail_II.xlsx,Year 2010-2011,420,Year 2010-2011:420
17850,536406,20679,EDWARDIAN PARASOL RED,6,4.95,2010-12-01 11:33:00,United Kingdom,online_retail_II.xlsx,Year 2010-2011,421,Year 2010-2011:421
17850,536406,37370,RETRO COFFEE MUGS ASSORTED,6,1.06,2010-12-01 11:33:00,United Kingdom,online_retail_II.xlsx,Year 2010-2011,422,Year 2010-2011:422
17850,536406,21871,SAVE THE PLANET MUG,6,1.06,2010-12-01 11:33:00,United Kingdom,online_retail_II.xlsx,Year 2010-2011,423,Year 2010-2011:423
17850,536406,21071,VINTAGE BILLBOARD DRINK ME MUG,6,1.06,2010-12-01 11:33:00,United Kingdom,online_retail_II.xlsx,Year 2010-2011,424,Year 2010-2011:424
17850,536406,21068,VINTAGE BILLBOARD LOVE/HATE MUG,6,1.06,2010-12-01 11:33:00,United Kingdom,online_retail_II.xlsx,Year 2010-2011,425,Year 2010-2011:425
17850,536406,82483,WOOD 2 DRAWER CABINET WHITE FINISH,4,4.95,2010-12-01 11:33:00,United Kingdom,online_retail_II.xlsx,Year 2010-2011,426,Year 2010-2011:426
17850,536406,82486,WOOD S/3 CABINET ANT WHITE FINISH,4,6.95,2010-12-01 11:33:00,United Kingdom,online_retail_II.xlsx,Year 2010-2011,427,Year 2010-2011:427
17850,536406,82482,WOODEN PICTURE FRAME WHITE FINISH,6,2.1,2010-12-01 11:33:00,United Kingdom,online_retail_II.xlsx,Year 2010-2011,428,Year 2010-2011:428
17850,536406,82494L,WOODEN FRAME ANTIQUE WHITE,6,2.55,2010-12-01 11:33:00,United Kingdom,online_retail_II.xlsx,Year 2010-2011,429,Year 2010-2011:429
17850,536406,84029G,KNITTED UNION FLAG HOT WATER BOTTLE,6,3.39,2010-12-01 11:33:00,United Kingdom,online_retail_II.xlsx,Year 2010-2011,430,Year 2010-2011:430
17850,536406,84029E,RED WOOLLY HOTTIE WHITE HEART.,6,3.39,2010-12-01 11:33:00,United Kingdom,online_retail_II.xlsx,Year 2010-2011,431,Year 2010-2011:431
17850,536406,22752,SET 7 BABUSHKA NESTING BOXES,2,7.65,2010-12-01 11:33:00,United Kingdom,online_retail_II.xlsx,Year 2010-2011,432,Year 2010-2011:432
17850,536406,22803,IVORY EMBROIDERED QUILT,2,35.75,2010-12-01 11:33:00,United Kingdom,online_retail_II.xlsx,Year 2010-2011,433,Year 2010-2011:433
17850,536406,21730,GLASS STAR FROSTED T-LIGHT HOLDER,6,4.25,2010-12-01 11:33:00,United Kingdom,online_retail_II.xlsx,Year 2010-2011,434,Year 2010-2011:434
17850,536407,22632,HAND WARMER RED POLKA DOT,6,1.85,2010-12-01 11:34:00,United Kingdom,online_retail_II.xlsx,Year 2010-2011,435,Year 2010-2011:435
17850,536407,22633,HAND WARMER UNION JACK,6,1.85,2010-12-01 11:34:00,United Kingdom,online_retail_II.xlsx,Year 2010-2011,436,Year 2010-2011:436
17850,536600,85123A,WHITE HANGING HEART T-LIGHT HOLDER,6,2.55,2010-12-02 08:32:00,United Kingdom,online_retail_II.xlsx,Year 2010-2011,3120,Year 2010-2011:3120
17850,536600,71053,WHITE METAL LANTERN,6,3.39,2010-12-02 08:32:00,United Kingdom,online_retail_II.xlsx,Year 2010-2011,3121,Year 2010-2011:3121
17850,536600,82483,WOOD 2 DRAWER CABINET WHITE FINISH,4,4.95,2010-12-02 08:32:00,United Kingdom,online_retail_II.xlsx,Year 2010-2011,3122,Year 2010-2011:3122
17850,536600,82486,WOOD S/3 CABINET ANT WHITE FINISH,2,6.95,2010-12-02 08:32:00,United Kingdom,online_retail_II.xlsx,Year 2010-2011,3123,Year 2010-2011:3123
17850,536600,82482,WOODEN PICTURE FRAME WHITE FINISH,6,2.1,2010-12-02 08:32:00,United Kingdom,online_retail_II.xlsx,Year 2010-2011,3124,Year 2010-2011:3124
17850,536600,82494L,WOODEN FRAME ANTIQUE WHITE,6,2.55,2010-12-02 08:32:00,United Kingdom,online_retail_II.xlsx,Year 2010-2011,3125,Year 2010-2011:3125
17850,536600,22411,JUMBO SHOPPER VINTAGE RED PAISLEY,6,1.65,2010-12-02 08:32:00,United Kingdom,online_retail_II.xlsx,Year 2010-2011,3126,Year 2010-2011:3126
17850,536600,84029G,KNITTED UNION FLAG HOT WATER BOTTLE,6,3.39,2010-12-02 08:32:00,United Kingdom,online_retail_II.xlsx,Year 2010-2011,3127,Year 2010-2011:3127
17850,536600,84029E,RED WOOLLY HOTTIE WHITE HEART.,6,3.39,2010-12-02 08:32:00,United Kingdom,online_retail_II.xlsx,Year 2010-2011,3128,Year 2010-2011:3128
17850,536600,22752,SET 7 BABUSHKA NESTING BOXES,2,7.65,2010-12-02 08:32:00,United Kingdom,online_retail_II.xlsx,Year 2010-2011,3129,Year 2010-2011:3129
17850,536600,22803,IVORY EMBROIDERED QUILT,2,35.75,2010-12-02 08:32:00,United Kingdom,online_retail_II.xlsx,Year 2010-2011,3130,Year 2010-2011:3130
17850,536600,21730,GLASS STAR FROSTED T-LIGHT HOLDER,4,4.25,2010-12-02 08:32:00,United Kingdom,online_retail_II.xlsx,Year 2010-2011,3131,Year 2010-2011:3131
17850,536601,22632,HAND WARMER RED POLKA DOT,6,1.85,2010-12-02 08:33:00,United Kingdom,online_retail_II.xlsx,Year 2010-2011,3132,Year 2010-2011:3132
17850,536601,22633,HAND WARMER UNION JACK,6,1.85,2010-12-02 08:33:00,United Kingdom,online_retail_II.xlsx,Year 2010-2011,3133,Year 2010-2011:3133
17850,536602,37370,RETRO COFFEE MUGS ASSORTED,6,1.06,2010-12-02 08:34:00,United Kingdom,online_retail_II.xlsx,Year 2010-2011,3134,Year 2010-2011:3134
17850,536602,21871,SAVE THE PLANET MUG,6,1.06,2010-12-02 08:34:00,United Kingdom,online_retail_II.xlsx,Year 2010-2011,3135,Year 2010-2011:3135
17850,536602,21071,VINTAGE BILLBOARD DRINK ME MUG,6,1.06,2010-12-02 08:34:00,United Kingdom,online_retail_II.xlsx,Year 2010-2011,3136,Year 2010-2011:3136
17850,536602,21068,VINTAGE BILLBOARD LOVE/HATE MUG,6,1.06,2010-12-02 08:34:00,United Kingdom,online_retail_II.xlsx,Year 2010-2011,3137,Year 2010-2011:3137
17850,536602,82483,WOOD 2 DRAWER CABINET WHITE FINISH,4,4.95,2010-12-02 08:34:00,United Kingdom,online_retail_II.xlsx,Year 2010-2011,3138,Year 2010-2011:3138
17850,536602,22411,JUMBO SHOPPER VINTAGE RED PAISLEY,6,1.65,2010-12-02 08:34:00,United Kingdom,online_retail_II.xlsx,Year 2010-2011,3139,Year 2010-2011:3139
17850,536602,84029G,KNITTED UNION FLAG HOT WATER BOTTLE,6,3.39,2010-12-02 08:34:00,United Kingdom,online_retail_II.xlsx,Year 2010-2011,3140,Year 2010-2011:3140
17850,536602,84029E,RED WOOLLY HOTTIE WHITE HEART.,6,3.39,2010-12-02 08:34:00,United Kingdom,online_retail_II.xlsx,Year 2010-2011,3141,Year 2010-2011:3141
17850,536602,21730,GLASS STAR FROSTED T-LIGHT HOLDER,4,4.25,2010-12-02 08:34:00,United Kingdom,online_retail_II.xlsx,Year 2010-2011,3142,Year 2010-2011:3142
17850,536602,22752,SET 7 BABUSHKA NESTING BOXES,2,7.65,2010-12-02 08:34:00,United Kingdom,online_retail_II.xlsx,Year 2010-2011,3143,Year 2010-2011:3143
17850,536602,85123A,WHITE HANGING HEART T-LIGHT HOLDER,6,2.55,2010-12-02 08:34:00,United Kingdom,online_retail_II.xlsx,Year 2010-2011,3144,Year 2010-2011:3144
17850,536602,71053,WHITE METAL LANTERN,6,3.39,2010-12-02 08:34:00,United Kingdom,online_retail_II.xlsx,Year 2010-2011,3145,Year 2010-2011:3145
17850,536603,22632,HAND WARMER RED POLKA DOT,6,1.85,2010-12-02 08:40:00,United Kingdom,online_retail_II.xlsx,Year 2010-2011,3146,Year 2010-2011:3146
17850,536603,22633,HAND WARMER UNION JACK,6,1.85,2010-12-02 08:40:00,United Kingdom,online_retail_II.xlsx,Year 2010-2011,3147,Year 2010-2011:3147
17850,536609,85123A,WHITE HANGING HEART T-LIGHT HOLDER,6,2.55,2010-12-02 09:41:00,United Kingdom,online_retail_II.xlsx,Year 2010-2011,3194,Year 2010-2011:3194
17850,536609,71053,WHITE METAL LANTERN,6,3.39,2010-12-02 09:41:00,United Kingdom,online_retail_II.xlsx,Year 2010-2011,3195,Year 2010-2011:3195
17850,536609,84406B,CREAM CUPID HEARTS COAT HANGER,6,2.75,2010-12-02 09:41:00,United Kingdom,online_retail_II.xlsx,Year 2010-2011,3196,Year 2010-2011:3196
17850,536609,37370,RETRO COFFEE MUGS ASSORTED,6,1.06,2010-12-02 09:41:00,United Kingdom,online_retail_II.xlsx,Year 2010-2011,3197,Year 2010-2011:3197
17850,536609,21871,SAVE THE PLANET MUG,6,1.06,2010-12-02 09:41:00,United Kingdom,online_retail_II.xlsx,Year 2010-2011,3198,Year 2010-2011:3198
17850,536609,21071,VINTAGE BILLBOARD DRINK ME MUG,6,1.06,2010-12-02 09:41:00,United Kingdom,online_retail_II.xlsx,Year 2010-2011,3199,Year 2010-2011:3199
17850,536609,21068,VINTAGE BILLBOARD LOVE/HATE MUG,6,1.06,2010-12-02 09:41:00,United Kingdom,online_retail_II.xlsx,Year 2010-2011,3200,Year 2010-2011:3200
17850,536609,82483,WOOD 2 DRAWER CABINET WHITE FINISH,4,4.95,2010-12-02 09:41:00,United Kingdom,online_retail_II.xlsx,Year 2010-2011,3201,Year 2010-2011:3201
17850,536609,82486,WOOD S/3 CABINET ANT WHITE FINISH,4,6.95,2010-12-02 09:41:00,United Kingdom,online_retail_II.xlsx,Year 2010-2011,3202,Year 2010-2011:3202
17850,536609,82482,WOODEN PICTURE FRAME WHITE FINISH,6,2.1,2010-12-02 09:41:00,United Kingdom,online_retail_II.xlsx,Year 2010-2011,3203,Year 2010-2011:3203
17850,536609,82494L,WOODEN FRAME ANTIQUE WHITE,6,2.55,2010-12-02 09:41:00,United Kingdom,online_retail_II.xlsx,Year 2010-2011,3204,Year 2010-2011:3204
17850,536609,22411,JUMBO SHOPPER VINTAGE RED PAISLEY,6,1.65,2010-12-02 09:41:00,United Kingdom,online_retail_II.xlsx,Year 2010-2011,3205,Year 2010-2011:3205
17850,536609,84029G,KNITTED UNION FLAG HOT WATER BOTTLE,6,3.39,2010-12-02 09:41:00,United Kingdom,online_retail_II.xlsx,Year 2010-2011,3206,Year 2010-2011:3206
17850,536609,84029E,RED WOOLLY HOTTIE WHITE HEART.,6,3.39,2010-12-02 09:41:00,United Kingdom,online_retail_II.xlsx,Year 2010-2011,3207,Year 2010-2011:3207
17850,536609,22752,SET 7 BABUSHKA NESTING BOXES,2,7.65,2010-12-02 09:41:00,United Kingdom,online_retail_II.xlsx,Year 2010-2011,3208,Year 2010-2011:3208
17850,536609,21730,GLASS STAR FROSTED T-LIGHT HOLDER,6,4.25,2010-12-02 09:41:00,United Kingdom,online_retail_II.xlsx,Year 2010-2011,3209,Year 2010-2011:3209
17850,536610,22632,HAND WARMER RED POLKA DOT,6,1.85,2010-12-02 09:42:00,United Kingdom,online_retail_II.xlsx,Year 2010-2011,3210,Year 2010-2011:3210
17850,536610,22633,HAND WARMER UNION JACK,6,1.85,2010-12-02 09:42:00,United Kingdom,online_retail_II.xlsx,Year 2010-2011,3211,Year 2010-2011:3211
17850,536612,85123A,WHITE HANGING HEART T-LIGHT HOLDER,6,2.55,2010-12-02 09:44:00,United Kingdom,online_retail_II.xlsx,Year 2010-2011,3243,Year 2010-2011:3243
17850,536612,71053,WHITE METAL LANTERN,6,3.39,2010-12-02 09:44:00,United Kingdom,online_retail_II.xlsx,Year 2010-2011,3244,Year 2010-2011:3244
17850,536612,84406B,CREAM CUPID HEARTS COAT HANGER,6,2.75,2010-12-02 09:44:00,United Kingdom,online_retail_II.xlsx,Year 2010-2011,3245,Year 2010-2011:3245
17850,536612,37370,RETRO COFFEE MUGS ASSORTED,6,1.06,2010-12-02 09:44:00,United Kingdom,online_retail_II.xlsx,Year 2010-2011,3246,Year 2010-2011:3246
17850,536612,21871,SAVE THE PLANET MUG,6,1.06,2010-12-02 09:44:00,United Kingdom,online_retail_II.xlsx,Year 2010-2011,3247,Year 2010-2011:3247
17850,536612,21071,VINTAGE BILLBOARD DRINK ME MUG,6,1.06,2010-12-02 09:44:00,United Kingdom,online_retail_II.xlsx,Year 2010-2011,3248,Year 2010-2011:3248
17850,536612,21068,VINTAGE BILLBOARD LOVE/HATE MUG,6,1.06,2010-12-02 09:44:00,United Kingdom,online_retail_II.xlsx,Year 2010-2011,3249,Year 2010-2011:3249
17850,536612,82483,WOOD 2 DRAWER CABINET WHITE FINISH,4,4.95,2010-12-02 09:44:00,United Kingdom,online_retail_II.xlsx,Year 2010-2011,3250,Year 2010-2011:3250
17850,536612,82486,WOOD S/3 CABINET ANT WHITE FINISH,2,6.95,2010-12-02 09:44:00,United Kingdom,online_retail_II.xlsx,Year 2010-2011,3251,Year 2010-2011:3251
17850,536612,82482,WOODEN PICTURE FRAME WHITE FINISH,6,2.1,2010-12-02 09:44:00,United Kingdom,online_retail_II.xlsx,Year 2010-2011,3252,Year 2010-2011:3252
17850,536612,82494L,WOODEN FRAME ANTIQUE WHITE,6,2.55,2010-12-02 09:44:00,United Kingdom,online_retail_II.xlsx,Year 2010-2011,3253,Year 2010-2011:3253
17850,536612,22411,JUMBO SHOPPER VINTAGE RED PAISLEY,6,1.65,2010-12-02 09:44:00,United Kingdom,online_retail_II.xlsx,Year 2010-2011,3254,Year 2010-2011:3254
17850,536612,84029G,KNITTED UNION FLAG HOT WATER BOTTLE,6,3.39,2010-12-02 09:44:00,United Kingdom,online_retail_II.xlsx,Year 2010-2011,3255,Year 2010-2011:3255
17850,536612,84029E,RED WOOLLY HOTTIE WHITE HEART.,6,3.39,2010-12-02 09:44:00,United Kingdom,online_retail_II.xlsx,Year 2010-2011,3256,Year 2010-2011:3256
17850,536612,21730,GLASS STAR FROSTED T-LIGHT HOLDER,4,4.25,2010-12-02 09:44:00,United Kingdom,online_retail_II.xlsx,Year 2010-2011,3257,Year 2010-2011:3257
17850,536614,22632,HAND WARMER RED POLKA DOT,6,1.85,2010-12-02 09:44:00,United Kingdom,online_retail_II.xlsx,Year 2010-2011,3258,Year 2010-2011:3258
17850,536614,22633,HAND WARMER UNION JACK,6,1.85,2010-12-02 09:44:00,United Kingdom,online_retail_II.xlsx,Year 2010-2011,3259,Year 2010-2011:3259
17850,536628,85123A,WHITE HANGING HEART T-LIGHT HOLDER,6,2.55,2010-12-02 10:54:00,United Kingdom,online_retail_II.xlsx,Year 2010-2011,3427,Year 2010-2011:3427
17850,536628,71053,WHITE METAL LANTERN,6,3.39,2010-12-02 10:54:00,United Kingdom,online_retail_II.xlsx,Year 2010-2011,3428,Year 2010-2011:3428
17850,536628,84406B,CREAM CUPID HEARTS COAT HANGER,6,2.75,2010-12-02 10:54:00,United Kingdom,online_retail_II.xlsx,Year 2010-2011,3429,Year 2010-2011:3429
17850,536628,37370,RETRO COFFEE MUGS ASSORTED,6,1.06,2010-12-02 10:54:00,United Kingdom,online_retail_II.xlsx,Year 2010-2011,3430,Year 2010-2011:3430
17850,536628,21871,SAVE THE PLANET MUG,6,1.06,2010-12-02 10:54:00,United Kingdom,online_retail_II.xlsx,Year 2010-2011,3431,Year 2010-2011:3431
17850,536628,21071,VINTAGE BILLBOARD DRINK ME MUG,6,1.06,2010-12-02 10:54:00,United Kingdom,online_retail_II.xlsx,Year 2010-2011,3432,Year 2010-2011:3432
17850,536628,21068,VINTAGE BILLBOARD LOVE/HATE MUG,6,1.06,2010-12-02 10:54:00,United Kingdom,online_retail_II.xlsx,Year 2010-2011,3433,Year 2010-2011:3433
17850,536628,82483,WOOD 2 DRAWER CABINET WHITE FINISH,4,4.95,2010-12-02 10:54:00,United Kingdom,online_retail_II.xlsx,Year 2010-2011,3434,Year 2010-2011:3434
17850,536628,82486,WOOD S/3 CABINET ANT WHITE FINISH,2,6.95,2010-12-02 10:54:00,United Kingdom,online_retail_II.xlsx,Year 2010-2011,3435,Year 2010-2011:3435
17850,536628,82482,WOODEN PICTURE FRAME WHITE FINISH,6,2.1,2010-12-02 10:54:00,United Kingdom,online_retail_II.xlsx,Year 2010-2011,3436,Year 2010-2011:3436
17850,536628,82494L,WOODEN FRAME ANTIQUE WHITE,6,2.55,2010-12-02 10:54:00,United Kingdom,online_retail_II.xlsx,Year 2010-2011,3437,Year 2010-2011:3437
17850,536628,22411,JUMBO SHOPPER VINTAGE RED PAISLEY,6,1.65,2010-12-02 10:54:00,United Kingdom,online_retail_II.xlsx,Year 2010-2011,3438,Year 2010-2011:3438
17850,536628,84029G,KNITTED UNION FLAG HOT WATER BOTTLE,6,3.39,2010-12-02 10:54:00,United Kingdom,online_retail_II.xlsx,Year 2010-2011,3439,Year 2010-2011:3439
17850,536628,84029E,RED WOOLLY HOTTIE WHITE HEART.,6,3.39,2010-12-02 10:54:00,United Kingdom,online_retail_II.xlsx,Year 2010-2011,3440,Year 2010-2011:3440
17850,536628,22752,SET 7 BABUSHKA NESTING BOXES,2,7.65,2010-12-02 10:54:00,United Kingdom,online_retail_II.xlsx,Year 2010-2011,3441,Year 2010-2011:3441
17850,536628,21730,GLASS STAR FROSTED T-LIGHT HOLDER,6,4.25,2010-12-02 10:54:00,United Kingdom,online_retail_II.xlsx,Year 2010-2011,3442,Year 2010-2011:3442
17850,536629,22632,HAND WARMER RED POLKA DOT,6,1.85,2010-12-02 10:55:00,United Kingdom,online_retail_II.xlsx,Year 2010-2011,3443,Year 2010-2011:3443
17850,536629,22633,HAND WARMER UNION JACK,6,1.85,2010-12-02 10:55:00,United Kingdom,online_retail_II.xlsx,Year 2010-2011,3444,Year 2010-2011:3444
17850,536630,85123A,WHITE HANGING HEART T-LIGHT HOLDER,6,2.55,2010-12-02 10:56:00,United Kingdom,online_retail_II.xlsx,Year 2010-2011,3445,Year 2010-2011:3445
17850,536630,71053,WHITE METAL LANTERN,6,3.39,2010-12-02 10:56:00,United Kingdom,online_retail_II.xlsx,Year 2010-2011,3446,Year 2010-2011:3446
17850,536630,84406B,CREAM CUPID HEARTS COAT HANGER,6,2.75,2010-12-02 10:56:00,United Kingdom,online_retail_II.xlsx,Year 2010-2011,3447,Year 2010-2011:3447
17850,536630,37370,RETRO COFFEE MUGS ASSORTED,6,1.06,2010-12-02 10:56:00,United Kingdom,online_retail_II.xlsx,Year 2010-2011,3448,Year 2010-2011:3448
17850,536630,21871,SAVE THE PLANET MUG,6,1.06,2010-12-02 10:56:00,United Kingdom,online_retail_II.xlsx,Year 2010-2011,3449,Year 2010-2011:3449
17850,536630,21071,VINTAGE BILLBOARD DRINK ME MUG,6,1.06,2010-12-02 10:56:00,United Kingdom,online_retail_II.xlsx,Year 2010-2011,3450,Year 2010-2011:3450
17850,536630,21068,VINTAGE BILLBOARD LOVE/HATE MUG,6,1.06,2010-12-02 10:56:00,United Kingdom,online_retail_II.xlsx,Year 2010-2011,3451,Year 2010-2011:3451
17850,536630,82483,WOOD 2 DRAWER CABINET WHITE FINISH,4,4.95,2010-12-02 10:56:00,United Kingdom,online_retail_II.xlsx,Year 2010-2011,3452,Year 2010-2011:3452
17850,536630,82486,WOOD S/3 CABINET ANT WHITE FINISH,4,6.95,2010-12-02 10:56:00,United Kingdom,online_retail_II.xlsx,Year 2010-2011,3453,Year 2010-2011:3453
17850,536630,82482,WOODEN PICTURE FRAME WHITE FINISH,6,2.1,2010-12-02 10:56:00,United Kingdom,online_retail_II.xlsx,Year 2010-2011,3454,Year 2010-2011:3454
17850,536630,82494L,WOODEN FRAME ANTIQUE WHITE,6,2.55,2010-12-02 10:56:00,United Kingdom,online_retail_II.xlsx,Year 2010-2011,3455,Year 2010-2011:3455
17850,536630,22411,JUMBO SHOPPER VINTAGE RED PAISLEY,6,1.65,2010-12-02 10:56:00,United Kingdom,online_retail_II.xlsx,Year 2010-2011,3456,Year 2010-2011:3456
17850,536630,84029G,KNITTED UNION FLAG HOT WATER BOTTLE,6,3.39,2010-12-02 10:56:00,United Kingdom,online_retail_II.xlsx,Year 2010-2011,3457,Year 2010-2011:3457
17850,536630,84029E,RED WOOLLY HOTTIE WHITE HEART.,6,3.39,2010-12-02 10:56:00,United Kingdom,online_retail_II.xlsx,Year 2010-2011,3458,Year 2010-2011:3458
17850,536630,22752,SET 7 BABUSHKA NESTING BOXES,2,7.65,2010-12-02 10:56:00,United Kingdom,online_retail_II.xlsx,Year 2010-2011,3459,Year 2010-2011:3459
17850,536630,21730,GLASS STAR FROSTED T-LIGHT HOLDER,6,4.25,2010-12-02 10:56:00,United Kingdom,online_retail_II.xlsx,Year 2010-2011,3460,Year 2010-2011:3460
17850,536631,22632,HAND WARMER RED POLKA DOT,6,1.85,2010-12-02 10:58:00,United Kingdom,online_retail_II.xlsx,Year 2010-2011,3461,Year 2010-2011:3461
17850,536631,22633,HAND WARMER UNION JACK,6,1.85,2010-12-02 10:58:00,United Kingdom,online_retail_II.xlsx,Year 2010-2011,3462,Year 2010-2011:3462
17850,536685,84029E,RED WOOLLY HOTTIE WHITE HEART.,8,3.39,2010-12-02 12:23:00,United Kingdom,online_retail_II.xlsx,Year 2010-2011,3806,Year 2010-2011:3806
17850,536685,22752,SET 7 BABUSHKA NESTING BOXES,4,7.65,2010-12-02 12:23:00,United Kingdom,online_retail_II.xlsx,Year 2010-2011,3807,Year 2010-2011:3807
17850,536685,22803,IVORY EMBROIDERED QUILT,2,35.75,2010-12-02 12:23:00,United Kingdom,online_retail_II.xlsx,Year 2010-2011,3808,Year 2010-2011:3808
17850,536685,21730,GLASS STAR FROSTED T-LIGHT HOLDER,6,4.25,2010-12-02 12:23:00,United Kingdom,online_retail_II.xlsx,Year 2010-2011,3809,Year 2010-2011:3809
17850,536685,85123A,WHITE HANGING HEART T-LIGHT HOLDER,12,2.55,2010-12-02 12:23:00,United Kingdom,online_retail_II.xlsx,Year 2010-2011,3810,Year 2010-2011:3810
17850,536685,71053,WHITE METAL LANTERN,12,3.39,2010-12-02 12:23:00,United Kingdom,online_retail_II.xlsx,Year 2010-2011,3811,Year 2010-2011:3811
17850,536685,84406B,CREAM CUPID HEARTS COAT HANGER,6,2.75,2010-12-02 12:23:00,United Kingdom,online_retail_II.xlsx,Year 2010-2011,3812,Year 2010-2011:3812
17850,536685,37370,RETRO COFFEE MUGS ASSORTED,6,1.06,2010-12-02 12:23:00,United Kingdom,online_retail_II.xlsx,Year 2010-2011,3813,Year 2010-2011:3813
17850,536685,21871,SAVE THE PLANET MUG,6,1.06,2010-12-02 12:23:00,United Kingdom,online_retail_II.xlsx,Year 2010-2011,3814,Year 2010-2011:3814
17850,536685,21071,VINTAGE BILLBOARD DRINK ME MUG,6,1.06,2010-12-02 12:23:00,United Kingdom,online_retail_II.xlsx,Year 2010-2011,3815,Year 2010-2011:3815
17850,536685,21068,VINTAGE BILLBOARD LOVE/HATE MUG,6,1.06,2010-12-02 12:23:00,United Kingdom,online_retail_II.xlsx,Year 2010-2011,3816,Year 2010-2011:3816
17850,536685,82483,WOOD 2 DRAWER CABINET WHITE FINISH,4,4.95,2010-12-02 12:23:00,United Kingdom,online_retail_II.xlsx,Year 2010-2011,3817,Year 2010-2011:3817
17850,536685,82486,WOOD S/3 CABINET ANT WHITE FINISH,4,6.95,2010-12-02 12:23:00,United Kingdom,online_retail_II.xlsx,Year 2010-2011,3818,Year 2010-2011:3818
17850,536685,82482,WOODEN PICTURE FRAME WHITE FINISH,6,2.1,2010-12-02 12:23:00,United Kingdom,online_retail_II.xlsx,Year 2010-2011,3819,Year 2010-2011:3819
17850,536685,82494L,WOODEN FRAME ANTIQUE WHITE,6,2.55,2010-12-02 12:23:00,United Kingdom,online_retail_II.xlsx,Year 2010-2011,3820,Year 2010-2011:3820
17850,536685,22411,JUMBO SHOPPER VINTAGE RED PAISLEY,6,1.65,2010-12-02 12:23:00,United Kingdom,online_retail_II.xlsx,Year 2010-2011,3821,Year 2010-2011:3821
17850,536685,84029G,KNITTED UNION FLAG HOT WATER BOTTLE,8,3.39,2010-12-02 12:23:00,United Kingdom,online_retail_II.xlsx,Year 2010-2011,3822,Year 2010-2011:3822
17850,536688,22632,HAND WARMER RED POLKA DOT,6,1.85,2010-12-02 12:24:00,United Kingdom,online_retail_II.xlsx,Year 2010-2011,3823,Year 2010-2011:3823
17850,536688,22633,HAND WARMER UNION JACK,6,1.85,2010-12-02 12:24:00,United Kingdom,online_retail_II.xlsx,Year 2010-2011,3824,Year 2010-2011:3824
17850,536690,85123A,WHITE HANGING HEART T-LIGHT HOLDER,6,2.55,2010-12-02 12:25:00,United Kingdom,online_retail_II.xlsx,Year 2010-2011,3825,Year 2010-2011:3825
17850,536690,71053,WHITE METAL LANTERN,6,3.39,2010-12-02 12:25:00,United Kingdom,online_retail_II.xlsx,Year 2010-2011,3826,Year 2010-2011:3826
17850,536690,84406B,CREAM CUPID HEARTS COAT HANGER,6,2.75,2010-12-02 12:25:00,United Kingdom,online_retail_II.xlsx,Year 2010-2011,3827,Year 2010-2011:3827
17850,536690,37370,RETRO COFFEE MUGS ASSORTED,6,1.06,2010-12-02 12:25:00,United Kingdom,online_retail_II.xlsx,Year 2010-2011,3828,Year 2010-2011:3828
17850,536690,21871,SAVE THE PLANET MUG,6,1.06,2010-12-02 12:25:00,United Kingdom,online_retail_II.xlsx,Year 2010-2011,3829,Year 2010-2011:3829
17850,536690,21071,VINTAGE BILLBOARD DRINK ME MUG,6,1.06,2010-12-02 12:25:00,United Kingdom,online_retail_II.xlsx,Year 2010-2011,3830,Year 2010-2011:3830
17850,536690,21068,VINTAGE BILLBOARD LOVE/HATE MUG,6,1.06,2010-12-02 12:25:00,United Kingdom,online_retail_II.xlsx,Year 2010-2011,3831,Year 2010-2011:3831
17850,536690,82483,WOOD 2 DRAWER CABINET WHITE FINISH,4,4.95,2010-12-02 12:25:00,United Kingdom,online_retail_II.xlsx,Year 2010-2011,3832,Year 2010-2011:3832
17850,536690,82486,WOOD S/3 CABINET ANT WHITE FINISH,4,6.95,2010-12-02 12:25:00,United Kingdom,online_retail_II.xlsx,Year 2010-2011,3833,Year 2010-2011:3833
17850,536690,82482,WOODEN PICTURE FRAME WHITE FINISH,6,2.1,2010-12-02 12:25:00,United Kingdom,online_retail_II.xlsx,Year 2010-2011,3834,Year 2010-2011:3834
17850,536690,82494L,WOODEN FRAME ANTIQUE WHITE,6,2.55,2010-12-02 12:25:00,United Kingdom,online_retail_II.xlsx,Year 2010-2011,3835,Year 2010-2011:3835
17850,536690,22411,JUMBO SHOPPER VINTAGE RED PAISLEY,6,1.65,2010-12-02 12:25:00,United Kingdom,online_retail_II.xlsx,Year 2010-2011,3836,Year 2010-2011:3836
17850,536690,84029G,KNITTED UNION FLAG HOT WATER BOTTLE,6,3.39,2010-12-02 12:25:00,United Kingdom,online_retail_II.xlsx,Year 2010-2011,3837,Year 2010-2011:3837
17850,536690,84029E,RED WOOLLY HOTTIE WHITE HEART.,6,3.39,2010-12-02 12:25:00,United Kingdom,online_retail_II.xlsx,Year 2010-2011,3838,Year 2010-2011:3838
17850,536690,22752,SET 7 BABUSHKA NESTING BOXES,4,7.65,2010-12-02 12:25:00,United Kingdom,online_retail_II.xlsx,Year 2010-2011,3839,Year 2010-2011:3839
17850,536690,22803,IVORY EMBROIDERED QUILT,2,35.75,2010-12-02 12:25:00,United Kingdom,online_retail_II.xlsx,Year 2010-2011,3840,Year 2010-2011:3840
17850,536690,21730,GLASS STAR FROSTED T-LIGHT HOLDER,6,4.25,2010-12-02 12:25:00,United Kingdom,online_retail_II.xlsx,Year 2010-2011,3841,Year 2010-2011:3841
17850,536693,22632,HAND WARMER RED POLKA DOT,6,1.85,2010-12-02 12:26:00,United Kingdom,online_retail_II.xlsx,Year 2010-2011,3842,Year 2010-2011:3842
17850,536693,22633,HAND WARMER UNION JACK,6,1.85,2010-12-02 12:26:00,United Kingdom,online_retail_II.xlsx,Year 2010-2011,3843,Year 2010-2011:3843
17850,536750,85123A,WHITE HANGING HEART T-LIGHT HOLDER,12,2.55,2010-12-02 14:04:00,United Kingdom,online_retail_II.xlsx,Year 2010-2011,4163,Year 2010-2011:4163
17850,536750,71053,WHITE METAL LANTERN,12,3.39,2010-12-02 14:04:00,United Kingdom,online_retail_II.xlsx,Year 2010-2011,4164,Year 2010-2011:4164
17850,536750,84406B,CREAM CUPID HEARTS COAT HANGER,6,2.75,2010-12-02 14:04:00,United Kingdom,online_retail_II.xlsx,Year 2010-2011,4165,Year 2010-2011:4165
17850,536750,15056BL,EDWARDIAN PARASOL BLACK,6,4.95,2010-12-02 14:04:00,United Kingdom,online_retail_II.xlsx,Year 2010-2011,4166,Year 2010-2011:4166
17850,536750,20679,EDWARDIAN PARASOL RED,6,4.95,2010-12-02 14:04:00,United Kingdom,online_retail_II.xlsx,Year 2010-2011,4167,Year 2010-2011:4167
17850,536750,37370,RETRO COFFEE MUGS ASSORTED,6,1.06,2010-12-02 14:04:00,United Kingdom,online_retail_II.xlsx,Year 2010-2011,4168,Year 2010-2011:4168
17850,536750,21871,SAVE THE PLANET MUG,6,1.06,2010-12-02 14:04:00,United Kingdom,online_retail_II.xlsx,Year 2010-2011,4169,Year 2010-2011:4169
17850,536750,21071,VINTAGE BILLBOARD DRINK ME MUG,6,1.06,2010-12-02 14:04:00,United Kingdom,online_retail_II.xlsx,Year 2010-2011,4170,Year 2010-2011:4170
17850,536750,21068,VINTAGE BILLBOARD LOVE/HATE MUG,6,1.06,2010-12-02 14:04:00,United Kingdom,online_retail_II.xlsx,Year 2010-2011,4171,Year 2010-2011:4171
17850,536750,82483,WOOD 2 DRAWER CABINET WHITE FINISH,4,4.95,2010-12-02 14:04:00,United Kingdom,online_retail_II.xlsx,Year 2010-2011,4172,Year 2010-2011:4172
17850,536750,82486,WOOD S/3 CABINET ANT WHITE FINISH,4,6.95,2010-12-02 14:04:00,United Kingdom,online_retail_II.xlsx,Year 2010-2011,4173,Year 2010-2011:4173
17850,536750,82482,WOODEN PICTURE FRAME WHITE FINISH,6,2.1,2010-12-02 14:04:00,United Kingdom,online_retail_II.xlsx,Year 2010-2011,4174,Year 2010-2011:4174
17850,536750,82494L,WOODEN FRAME ANTIQUE WHITE,6,2.55,2010-12-02 14:04:00,United Kingdom,online_retail_II.xlsx,Year 2010-2011,4175,Year 2010-2011:4175
17850,536750,22411,JUMBO SHOPPER VINTAGE RED PAISLEY,6,1.65,2010-12-02 14:04:00,United Kingdom,online_retail_II.xlsx,Year 2010-2011,4176,Year 2010-2011:4176
17850,536750,84029G,KNITTED UNION FLAG HOT WATER BOTTLE,6,3.39,2010-12-02 14:04:00,United Kingdom,online_retail_II.xlsx,Year 2010-2011,4177,Year 2010-2011:4177
17850,536750,84029E,RED WOOLLY HOTTIE WHITE HEART.,6,3.39,2010-12-02 14:04:00,United Kingdom,online_retail_II.xlsx,Year 2010-2011,4178,Year 2010-2011:4178
17850,536750,22752,SET 7 BABUSHKA NESTING BOXES,4,7.65,2010-12-02 14:04:00,United Kingdom,online_retail_II.xlsx,Year 2010-2011,4179,Year 2010-2011:4179
17850,536750,22803,IVORY EMBROIDERED QUILT,2,35.75,2010-12-02 14:04:00,United Kingdom,online_retail_II.xlsx,Year 2010-2011,4180,Year 2010-2011:4180
17850,536750,21730,GLASS STAR FROSTED T-LIGHT HOLDER,8,4.25,2010-12-02 14:04:00,United Kingdom,online_retail_II.xlsx,Year 2010-2011,4181,Year 2010-2011:4181
17850,536751,22632,HAND WARMER RED POLKA DOT,6,1.85,2010-12-02 14:05:00,United Kingdom,online_retail_II.xlsx,Year 2010-2011,4182,Year 2010-2011:4182
17850,536751,22633,HAND WARMER UNION JACK,6,1.85,2010-12-02 14:05:00,United Kingdom,online_retail_II.xlsx,Year 2010-2011,4183,Year 2010-2011:4183
17850,536752,85123A,WHITE HANGING HEART T-LIGHT HOLDER,6,2.55,2010-12-02 14:06:00,United Kingdom,online_retail_II.xlsx,Year 2010-2011,4184,Year 2010-2011:4184
17850,536752,71053,WHITE METAL LANTERN,6,3.39,2010-12-02 14:06:00,United Kingdom,online_retail_II.xlsx,Year 2010-2011,4185,Year 2010-2011:4185
17850,536752,84406B,CREAM CUPID HEARTS COAT HANGER,6,2.75,2010-12-02 14:06:00,United Kingdom,online_retail_II.xlsx,Year 2010-2011,4186,Year 2010-2011:4186
17850,536752,15056BL,EDWARDIAN PARASOL BLACK,6,4.95,2010-12-02 14:06:00,United Kingdom,online_retail_II.xlsx,Year 2010-2011,4187,Year 2010-2011:4187
17850,536752,20679,EDWARDIAN PARASOL RED,6,4.95,2010-12-02 14:06:00,United Kingdom,online_retail_II.xlsx,Year 2010-2011,4188,Year 2010-2011:4188
17850,536752,37370,RETRO COFFEE MUGS ASSORTED,6,1.06,2010-12-02 14:06:00,United Kingdom,online_retail_II.xlsx,Year 2010-2011,4189,Year 2010-2011:4189
17850,536752,21871,SAVE THE PLANET MUG,6,1.06,2010-12-02 14:06:00,United Kingdom,online_retail_II.xlsx,Year 2010-2011,4190,Year 2010-2011:4190
17850,536752,21071,VINTAGE BILLBOARD DRINK ME MUG,6,1.06,2010-12-02 14:06:00,United Kingdom,online_retail_II.xlsx,Year 2010-2011,4191,Year 2010-2011:4191
17850,536752,21068,VINTAGE BILLBOARD LOVE/HATE MUG,6,1.06,2010-12-02 14:06:00,United Kingdom,online_retail_II.xlsx,Year 2010-2011,4192,Year 2010-2011:4192
17850,536752,82483,WOOD 2 DRAWER CABINET WHITE FINISH,4,4.95,2010-12-02 14:06:00,United Kingdom,online_retail_II.xlsx,Year 2010-2011,4193,Year 2010-2011:4193
17850,536752,82486,WOOD S/3 CABINET ANT WHITE FINISH,4,6.95,2010-12-02 14:06:00,United Kingdom,online_retail_II.xlsx,Year 2010-2011,4194,Year 2010-2011:4194
17850,536752,82482,WOODEN PICTURE FRAME WHITE FINISH,6,2.1,2010-12-02 14:06:00,United Kingdom,online_retail_II.xlsx,Year 2010-2011,4195,Year 2010-2011:4195
17850,536752,82494L,WOODEN FRAME ANTIQUE WHITE,6,2.55,2010-12-02 14:06:00,United Kingdom,online_retail_II.xlsx,Year 2010-2011,4196,Year 2010-2011:4196
17850,536752,22411,JUMBO SHOPPER VINTAGE RED PAISLEY,6,1.65,2010-12-02 14:06:00,United Kingdom,online_retail_II.xlsx,Year 2010-2011,4197,Year 2010-2011:4197
17850,536752,84029G,KNITTED UNION FLAG HOT WATER BOTTLE,6,3.39,2010-12-02 14:06:00,United Kingdom,online_retail_II.xlsx,Year 2010-2011,4198,Year 2010-2011:4198
17850,536752,84029E,RED WOOLLY HOTTIE WHITE HEART.,6,3.39,2010-12-02 14:06:00,United Kingdom,online_retail_II.xlsx,Year 2010-2011,4199,Year 2010-2011:4199
17850,536752,22752,SET 7 BABUSHKA NESTING BOXES,4,7.65,2010-12-02 14:06:00,United Kingdom,online_retail_II.xlsx,Year 2010-2011,4200,Year 2010-2011:4200
17850,536752,22803,IVORY EMBROIDERED QUILT,2,35.75,2010-12-02 14:06:00,United Kingdom,online_retail_II.xlsx,Year 2010-2011,4201,Year 2010-2011:4201
17850,536752,21730,GLASS STAR FROSTED T-LIGHT HOLDER,6,4.25,2010-12-02 14:06:00,United Kingdom,online_retail_II.xlsx,Year 2010-2011,4202,Year 2010-2011:4202
17850,536753,22632,HAND WARMER RED POLKA DOT,6,1.85,2010-12-02 14:07:00,United Kingdom,online_retail_II.xlsx,Year 2010-2011,4203,Year 2010-2011:4203
17850,536753,22633,HAND WARMER UNION JACK,6,1.85,2010-12-02 14:07:00,United Kingdom,online_retail_II.xlsx,Year 2010-2011,4204,Year 2010-2011:4204
17850,536787,85123A,WHITE HANGING HEART T-LIGHT HOLDER,6,2.55,2010-12-02 15:24:00,United Kingdom,online_retail_II.xlsx,Year 2010-2011,4512,Year 2010-2011:4512
17850,536787,71053,WHITE METAL LANTERN,6,3.39,2010-12-02 15:24:00,United Kingdom,online_retail_II.xlsx,Year 2010-2011,4513,Year 2010-2011:4513
17850,536787,84406B,CREAM CUPID HEARTS COAT HANGER,8,2.75,2010-12-02 15:24:00,United Kingdom,online_retail_II.xlsx,Year 2010-2011,4514,Year 2010-2011:4514
17850,536787,37370,RETRO COFFEE MUGS ASSORTED,6,1.06,2010-12-02 15:24:00,United Kingdom,online_retail_II.xlsx,Year 2010-2011,4515,Year 2010-2011:4515
17850,536787,21871,SAVE THE PLANET MUG,6,1.06,2010-12-02 15:24:00,United Kingdom,online_retail_II.xlsx,Year 2010-2011,4516,Year 2010-2011:4516
17850,536787,21071,VINTAGE BILLBOARD DRINK ME MUG,6,1.06,2010-12-02 15:24:00,United Kingdom,online_retail_II.xlsx,Year 2010-2011,4517,Year 2010-2011:4517
17850,536787,21068,VINTAGE BILLBOARD LOVE/HATE MUG,6,1.06,2010-12-02 15:24:00,United Kingdom,online_retail_II.xlsx,Year 2010-2011,4518,Year 2010-2011:4518
17850,536787,82482,WOODEN PICTURE FRAME WHITE FINISH,6,2.1,2010-12-02 15:24:00,United Kingdom,online_retail_II.xlsx,Year 2010-2011,4519,Year 2010-2011:4519
17850,536787,82494L,WOODEN FRAME ANTIQUE WHITE,6,2.55,2010-12-02 15:24:00,United Kingdom,online_retail_II.xlsx,Year 2010-2011,4520,Year 2010-2011:4520
17850,536787,84029G,KNITTED UNION FLAG HOT WATER BOTTLE,6,3.39,2010-12-02 15:24:00,United Kingdom,online_retail_II.xlsx,Year 2010-2011,4521,Year 2010-2011:4521
17850,536787,84029E,RED WOOLLY HOTTIE WHITE HEART.,6,3.39,2010-12-02 15:24:00,United Kingdom,online_retail_II.xlsx,Year 2010-2011,4522,Year 2010-2011:4522
17850,536787,22752,SET 7 BABUSHKA NESTING BOXES,2,7.65,2010-12-02 15:24:00,United Kingdom,online_retail_II.xlsx,Year 2010-2011,4523,Year 2010-2011:4523
17850,536787,21730,GLASS STAR FROSTED T-LIGHT HOLDER,6,4.25,2010-12-02 15:24:00,United Kingdom,online_retail_II.xlsx,Year 2010-2011,4524,Year 2010-2011:4524
17850,536789,22633,HAND WARMER UNION JACK,6,1.85,2010-12-02 15:25:00,United Kingdom,online_retail_II.xlsx,Year 2010-2011,4525,Year 2010-2011:4525
17850,536789,22632,HAND WARMER RED POLKA DOT,6,1.85,2010-12-02 15:25:00,United Kingdom,online_retail_II.xlsx,Year 2010-2011,4526,Year 2010-2011:4526
17850,536790,85123A,WHITE HANGING HEART T-LIGHT HOLDER,12,2.95,2010-12-02 15:26:00,United Kingdom,online_retail_II.xlsx,Year 2010-2011,4528,Year 2010-2011:4528
17850,536790,71053,WHITE METAL LANTERN,12,3.39,2010-12-02 15:26:00,United Kingdom,online_retail_II.xlsx,Year 2010-2011,4529,Year 2010-2011:4529
17850,536790,84406B,CREAM CUPID HEARTS COAT HANGER,12,2.75,2010-12-02 15:26:00,United Kingdom,online_retail_II.xlsx,Year 2010-2011,4530,Year 2010-2011:4530
17850,536790,15056BL,EDWARDIAN PARASOL BLACK,6,4.95,2010-12-02 15:26:00,United Kingdom,online_retail_II.xlsx,Year 2010-2011,4531,Year 2010-2011:4531
17850,536790,20679,EDWARDIAN PARASOL RED,6,4.95,2010-12-02 15:26:00,United Kingdom,online_retail_II.xlsx,Year 2010-2011,4532,Year 2010-2011:4532
17850,536790,37370,RETRO COFFEE MUGS ASSORTED,12,1.06,2010-12-02 15:26:00,United Kingdom,online_retail_II.xlsx,Year 2010-2011,4533,Year 2010-2011:4533
17850,536790,21071,VINTAGE BILLBOARD DRINK ME MUG,12,1.06,2010-12-02 15:26:00,United Kingdom,online_retail_II.xlsx,Year 2010-2011,4534,Year 2010-2011:4534
17850,536790,21068,VINTAGE BILLBOARD LOVE/HATE MUG,12,1.06,2010-12-02 15:26:00,United Kingdom,online_retail_II.xlsx,Year 2010-2011,4535,Year 2010-2011:4535
17850,536790,82483,WOOD 2 DRAWER CABINET WHITE FINISH,4,4.95,2010-12-02 15:26:00,United Kingdom,online_retail_II.xlsx,Year 2010-2011,4536,Year 2010-2011:4536
17850,536790,82486,WOOD S/3 CABINET ANT WHITE FINISH,4,6.95,2010-12-02 15:26:00,United Kingdom,online_retail_II.xlsx,Year 2010-2011,4537,Year 2010-2011:4537
17850,536790,82482,WOODEN PICTURE FRAME WHITE FINISH,6,2.1,2010-12-02 15:26:00,United Kingdom,online_retail_II.xlsx,Year 2010-2011,4538,Year 2010-2011:4538
17850,536790,82494L,WOODEN FRAME ANTIQUE WHITE,6,2.55,2010-12-02 15:26:00,United Kingdom,online_retail_II.xlsx,Year 2010-2011,4539,Year 2010-2011:4539
17850,536790,84029G,KNITTED UNION FLAG HOT WATER BOTTLE,12,3.39,2010-12-02 15:26:00,United Kingdom,online_retail_II.xlsx,Year 2010-2011,4540,Year 2010-2011:4540
17850,536790,84029E,RED WOOLLY HOTTIE WHITE HEART.,6,3.39,2010-12-02 15:26:00,United Kingdom,online_retail_II.xlsx,Year 2010-2011,4541,Year 2010-2011:4541
17850,536790,22752,SET 7 BABUSHKA NESTING BOXES,4,7.65,2010-12-02 15:26:00,United Kingdom,online_retail_II.xlsx,Year 2010-2011,4542,Year 2010-2011:4542
17850,536790,22803,IVORY EMBROIDERED QUILT,3,35.75,2010-12-02 15:26:00,United Kingdom,online_retail_II.xlsx,Year 2010-2011,4543,Year 2010-2011:4543
17850,536790,21730,GLASS STAR FROSTED T-LIGHT HOLDER,12,4.25,2010-12-02 15:26:00,United Kingdom,online_retail_II.xlsx,Year 2010-2011,4544,Year 2010-2011:4544
17850,536791,22632,HAND WARMER RED POLKA DOT,12,1.85,2010-12-02 15:27:00,United Kingdom,online_retail_II.xlsx,Year 2010-2011,4545,Year 2010-2011:4545
17850,536791,22633,HAND WARMER UNION JACK,12,1.85,2010-12-02 15:27:00,United Kingdom,online_retail_II.xlsx,Year 2010-2011,4546,Year 2010-2011:4546
12347,537626,85116,BLACK CANDELABRA T-LIGHT HOLDER,12,2.1,2010-12-07 14:57:00,Iceland,online_retail_II.xlsx,Year 2010-2011,14940,Year 2010-2011:14940
12347,537626,22375,AIRLINE BAG VINTAGE JET SET BROWN,4,4.25,2010-12-07 14:57:00,Iceland,online_retail_II.xlsx,Year 2010-2011,14941,Year 2010-2011:14941
12347,537626,71477,COLOUR GLASS. STAR T-LIGHT HOLDER,12,3.25,2010-12-07 14:57:00,Iceland,online_retail_II.xlsx,Year 2010-2011,14942,Year 2010-2011:14942
12347,537626,22492,MINI PAINT SET VINTAGE,36,0.65,2010-12-07 14:57:00,Iceland,online_retail_II.xlsx,Year 2010-2011,14943,Year 2010-2011:14943
12347,537626,22771,CLEAR DRAWER KNOB ACRYLIC EDWARDIAN,12,1.25,2010-12-07 14:57:00,Iceland,online_retail_II.xlsx,Year 2010-2011,14944,Year 2010-2011:14944
12347,537626,22772,PINK DRAWER KNOB ACRYLIC EDWARDIAN,12,1.25,2010-12-07 14:57:00,Iceland,online_retail_II.xlsx,Year 2010-2011,14945,Year 2010-2011:14945
12347,537626,22773,GREEN DRAWER KNOB ACRYLIC EDWARDIAN,12,1.25,2010-12-07 14:57:00,Iceland,online_retail_II.xlsx,Year 2010-2011,14946,Year 2010-2011:14946
12347,537626,22774,RED DRAWER KNOB ACRYLIC EDWARDIAN,12,1.25,2010-12-07 14:57:00,Iceland,online_retail_II.xlsx,Year 2010-2011,14947,Year 2010-2011:14947
12347,537626,22775,PURPLE DRAWERKNOB ACRYLIC EDWARDIAN,12,1.25,2010-12-07 14:57:00,Iceland,online_retail_II.xlsx,Year 2010-2011,14948,Year 2010-2011:14948
12347,537626,22805,BLUE DRAWER KNOB ACRYLIC EDWARDIAN,12,1.25,2010-12-07 14:57:00,Iceland,online_retail_II.xlsx,Year 2010-2011,14949,Year 2010-2011:14949
12347,537626,22725,ALARM CLOCK BAKELIKE CHOCOLATE,4,3.75,2010-12-07 14:57:00,Iceland,online_retail_II.xlsx,Year 2010-2011,14950,Year 2010-2011:14950
12347,537626,22726,ALARM CLOCK BAKELIKE GREEN,4,3.75,2010-12-07 14:57:00,Iceland,online_retail_II.xlsx,Year 2010-2011,14951,Year 2010-2011:14951
12347,537626,22727,ALARM CLOCK BAKELIKE RED,4,3.75,2010-12-07 14:57:00,Iceland,online_retail_II.xlsx,Year 2010-2011,14952,Year 2010-2011:14952
12347,537626,22728,ALARM CLOCK BAKELIKE PINK,4,3.75,2010-12-07 14:57:00,Iceland,online_retail_II.xlsx,Year 2010-2011,14953,Year 2010-2011:14953
12347,537626,22729,ALARM CLOCK BAKELIKE ORANGE,4,3.75,2010-12-07 14:57:00,Iceland,online_retail_II.xlsx,Year 2010-2011,14954,Year 2010-2011:14954
12347,537626,22212,FOUR HOOK  WHITE LOVEBIRDS,6,2.1,2010-12-07 14:57:00,Iceland,online_retail_II.xlsx,Year 2010-2011,14955,Year 2010-2011:14955
12347,537626,85167B,BLACK GRAND BAROQUE PHOTO FRAME,30,1.25,2010-12-07 14:57:00,Iceland,online_retail_II.xlsx,Year 2010-2011,14956,Year 2010-2011:14956
12347,537626,21171,BATHROOM METAL SIGN,12,1.45,2010-12-07 14:57:00,Iceland,online_retail_II.xlsx,Year 2010-2011,14957,Year 2010-2011:14957
12347,537626,22195,LARGE HEART MEASURING SPOONS,12,1.65,2010-12-07 14:57:00,Iceland,online_retail_II.xlsx,Year 2010-2011,14958,Year 2010-2011:14958
12347,537626,84969,BOX OF 6 ASSORTED COLOUR TEASPOONS,6,4.25,2010-12-07 14:57:00,Iceland,online_retail_II.xlsx,Year 2010-2011,14959,Year 2010-2011:14959
12347,537626,84997C,BLUE 3 PIECE POLKADOT CUTLERY SET,6,3.75,2010-12-07 14:57:00,Iceland,online_retail_II.xlsx,Year 2010-2011,14960,Year 2010-2011:14960
12347,537626,84997B,RED 3 PIECE RETROSPOT CUTLERY SET,6,3.75,2010-12-07 14:57:00,Iceland,online_retail_II.xlsx,Year 2010-2011,14961,Year 2010-2011:14961
12347,537626,84997D,PINK 3 PIECE POLKADOT CUTLERY SET,6,3.75,2010-12-07 14:57:00,Iceland,online_retail_II.xlsx,Year 2010-2011,14962,Year 2010-2011:14962
12347,537626,22494,EMERGENCY FIRST AID TIN,12,1.25,2010-12-07 14:57:00,Iceland,online_retail_II.xlsx,Year 2010-2011,14963,Year 2010-2011:14963
12347,537626,22497,SET OF 2 TINS VINTAGE BATHROOM,4,4.25,2010-12-07 14:57:00,Iceland,online_retail_II.xlsx,Year 2010-2011,14964,Year 2010-2011:14964
12347,537626,85232D,SET/3 DECOUPAGE STACKING TINS,3,4.95,2010-12-07 14:57:00,Iceland,online_retail_II.xlsx,Year 2010-2011,14965,Year 2010-2011:14965
12347,537626,21064,BOOM BOX SPEAKER BOYS,6,5.95,2010-12-07 14:57:00,Iceland,online_retail_II.xlsx,Year 2010-2011,14966,Year 2010-2011:14966
12347,537626,21731,RED TOADSTOOL LED NIGHT LIGHT,12,1.65,2010-12-07 14:57:00,Iceland,online_retail_II.xlsx,Year 2010-2011,14967,Year 2010-2011:14967
12347,537626,84558A,3D DOG PICTURE PLAYING CARDS,24,2.95,2010-12-07 14:57:00,Iceland,online_retail_II.xlsx,Year 2010-2011,14968,Year 2010-2011:14968
12347,537626,20780,BLACK EAR MUFF HEADPHONES,12,4.65,2010-12-07 14:57:00,Iceland,online_retail_II.xlsx,Year 2010-2011,14969,Year 2010-2011:14969
12347,537626,20782,CAMOUFLAGE EAR MUFF HEADPHONES,6,5.49,2010-12-07 14:57:00,Iceland,online_retail_II.xlsx,Year 2010-2011,14970,Year 2010-2011:14970
12347,542237,84625A,PINK NEW BAROQUECANDLESTICK CANDLE,24,0.85,2011-01-26 14:30:00,Iceland,online_retail_II.xlsx,Year 2010-2011,72248,Year 2010-2011:72248
12347,542237,84625C,BLUE NEW BAROQUE CANDLESTICK CANDLE,24,0.85,2011-01-26 14:30:00,Iceland,online_retail_II.xlsx,Year 2010-2011,72249,Year 2010-2011:72249
12347,542237,85116,BLACK CANDELABRA T-LIGHT HOLDER,6,2.1,2011-01-26 14:30:00,Iceland,online_retail_II.xlsx,Year 2010-2011,72250,Year 2010-2011:72250
12347,542237,20719,WOODLAND CHARLOTTE BAG,10,0.85,2011-01-26 14:30:00,Iceland,online_retail_II.xlsx,Year 2010-2011,72251,Year 2010-2011:72251
12347,542237,22375,AIRLINE BAG VINTAGE JET SET BROWN,4,4.25,2011-01-26 14:30:00,Iceland,online_retail_II.xlsx,Year 2010-2011,72252,Year 2010-2011:72252
12347,542237,22376,AIRLINE BAG VINTAGE JET SET WHITE,4,4.25,2011-01-26 14:30:00,Iceland,online_retail_II.xlsx,Year 2010-2011,72253,Year 2010-2011:72253
12347,542237,20966,SANDWICH BATH SPONGE,10,1.25,2011-01-26 14:30:00,Iceland,online_retail_II.xlsx,Year 2010-2011,72254,Year 2010-2011:72254
12347,542237,22725,ALARM CLOCK BAKELIKE CHOCOLATE,4,3.75,2011-01-26 14:30:00,Iceland,online_retail_II.xlsx,Year 2010-2011,72255,Year 2010-2011:72255
12347,542237,22726,ALARM CLOCK BAKELIKE GREEN,4,3.75,2011-01-26 14:30:00,Iceland,online_retail_II.xlsx,Year 2010-2011,72256,Year 2010-2011:72256
12347,542237,22727,ALARM CLOCK BAKELIKE RED,4,3.75,2011-01-26 14:30:00,Iceland,online_retail_II.xlsx,Year 2010-2011,72257,Year 2010-2011:72257
12347,542237,22728,ALARM CLOCK BAKELIKE PINK,4,3.75,2011-01-26 14:30:00,Iceland,online_retail_II.xlsx,Year 2010-2011,72258,Year 2010-2011:72258
12347,542237,22729,ALARM CLOCK BAKELIKE ORANGE,4,3.75,2011-01-26 14:30:00,Iceland,online_retail_II.xlsx,Year 2010-2011,72259,Year 2010-2011:72259
12347,542237,22196,SMALL HEART MEASURING SPOONS,12,0.85,2011-01-26 14:30:00,Iceland,online_retail_II.xlsx,Year 2010-2011,72260,Year 2010-2011:72260
12347,542237,84992,72 SWEETHEART FAIRY CAKE CASES,24,0.55,2011-01-26 14:30:00,Iceland,online_retail_II.xlsx,Year 2010-2011,72261,Year 2010-2011:72261
12347,542237,84991,60 TEATIME FAIRY CAKE CASES,24,0.55,2011-01-26 14:30:00,Iceland,online_retail_II.xlsx,Year 2010-2011,72262,Year 2010-2011:72262
12347,542237,21976,PACK OF 60 MUSHROOM CAKE CASES,24,0.55,2011-01-26 14:30:00,Iceland,online_retail_II.xlsx,Year 2010-2011,72263,Year 2010-2011:72263
12347,542237,22417,PACK OF 60 SPACEBOY CAKE CASES,24,0.55,2011-01-26 14:30:00,Iceland,online_retail_II.xlsx,Year 2010-2011,72264,Year 2010-2011:72264
12347,542237,47559B,TEA TIME OVEN GLOVE,10,1.25,2011-01-26 14:30:00,Iceland,online_retail_II.xlsx,Year 2010-2011,72265,Year 2010-2011:72265
12347,542237,21154,RED RETROSPOT OVEN GLOVE,10,1.25,2011-01-26 14:30:00,Iceland,online_retail_II.xlsx,Year 2010-2011,72266,Year 2010-2011:72266
12347,542237,21041,RED RETROSPOT OVEN GLOVE DOUBLE,6,2.95,2011-01-26 14:30:00,Iceland,online_retail_II.xlsx,Year 2010-2011,72267,Year 2010-2011:72267
12347,542237,21035,SET/2 RED RETROSPOT TEA TOWELS,6,2.95,2011-01-26 14:30:00,Iceland,online_retail_II.xlsx,Year 2010-2011,72268,Year 2010-2011:72268
12347,542237,22423,REGENCY CAKESTAND 3 TIER,3,12.75,2011-01-26 14:30:00,Iceland,online_retail_II.xlsx,Year 2010-2011,72269,Year 2010-2011:72269
12347,542237,84969,BOX OF 6 ASSORTED COLOUR TEASPOONS,6,4.25,2011-01-26 14:30:00,Iceland,online_retail_II.xlsx,Year 2010-2011,72270,Year 2010-2011:72270
12347,542237,22134,MINI LADLE LOVE HEART RED,12,0.42,2011-01-26 14:30:00,Iceland,online_retail_II.xlsx,Year 2010-2011,72271,Year 2010-2011:72271
12347,542237,21832,CHOCOLATE CALCULATOR,12,1.65,2011-01-26 14:30:00,Iceland,online_retail_II.xlsx,Year 2010-2011,72272,Year 2010-2011:72272
12347,542237,22422,TOOTHPASTE TUBE PEN,12,0.65,2011-01-26 14:30:00,Iceland,online_retail_II.xlsx,Year 2010-2011,72273,Year 2010-2011:72273
12347,542237,22497,SET OF 2 TINS VINTAGE BATHROOM,4,4.25,2011-01-26 14:30:00,Iceland,online_retail_II.xlsx,Year 2010-2011,72274,Year 2010-2011:72274
12347,542237,21731,RED TOADSTOOL LED NIGHT LIGHT,12,1.65,2011-01-26 14:30:00,Iceland,online_retail_II.xlsx,Year 2010-2011,72275,Year 2010-2011:72275
12347,542237,84558A,3D DOG PICTURE PLAYING CARDS,12,2.95,2011-01-26 14:30:00,Iceland,online_retail_II.xlsx,Year 2010-2011,72276,Year 2010-2011:72276
17850,C543611,82483,WOOD 2 DRAWER CABINET WHITE FINISH,-1,4.95,2011-02-10 14:38:00,United Kingdom,online_retail_II.xlsx,Year 2010-2011,86890,Year 2010-2011:86890
17850,C543611,22632,HAND WARMER RED RETROSPOT,-6,1.85,2011-02-10 14:38:00,United Kingdom,online_retail_II.xlsx,Year 2010-2011,86891,Year 2010-2011:86891
17850,C543611,82483,WOOD 2 DRAWER CABINET WHITE FINISH,-1,4.95,2011-02-10 14:38:00,United Kingdom,online_retail_II.xlsx,Year 2010-2011,86892,Year 2010-2011:86892
17850,C543611,21871,SAVE THE PLANET MUG,-1,1.06,2011-02-10 14:38:00,United Kingdom,online_retail_II.xlsx,Year 2010-2011,86893,Year 2010-2011:86893
17850,C543611,82494L,WOODEN FRAME ANTIQUE WHITE,-2,2.55,2011-02-10 14:38:00,United Kingdom,online_retail_II.xlsx,Year 2010-2011,86894,Year 2010-2011:86894
17850,C543611,21730,GLASS STAR FROSTED T-LIGHT HOLDER,-1,4.25,2011-02-10 14:38:00,United Kingdom,online_retail_II.xlsx,Year 2010-2011,86895,Year 2010-2011:86895
17850,C543611,21730,GLASS STAR FROSTED T-LIGHT HOLDER,-1,4.95,2011-02-10 14:38:00,United Kingdom,online_retail_II.xlsx,Year 2010-2011,86896,Year 2010-2011:86896
17850,C543611,82494L,WOODEN FRAME ANTIQUE WHITE,-12,2.55,2011-02-10 14:38:00,United Kingdom,online_retail_II.xlsx,Year 2010-2011,86897,Year 2010-2011:86897
17850,C543611,21071,VINTAGE BILLBOARD DRINK ME MUG,-6,1.06,2011-02-10 14:38:00,United Kingdom,online_retail_II.xlsx,Year 2010-2011,86898,Year 2010-2011:86898
17850,C543611,82483,WOOD 2 DRAWER CABINET WHITE FINISH,-2,4.95,2011-02-10 14:38:00,United Kingdom,online_retail_II.xlsx,Year 2010-2011,86899,Year 2010-2011:86899
17850,C543611,82483,WOOD 2 DRAWER CABINET WHITE FINISH,-1,4.95,2011-02-10 14:38:00,United Kingdom,online_retail_II.xlsx,Year 2010-2011,86900,Year 2010-2011:86900
17850,C543611,21874,GIN AND TONIC MUG,-1,1.06,2011-02-10 14:38:00,United Kingdom,online_retail_II.xlsx,Year 2010-2011,86901,Year 2010-2011:86901
17850,C543611,71477,COLOUR GLASS. STAR T-LIGHT HOLDER,-2,2.75,2011-02-10 14:38:00,United Kingdom,online_retail_II.xlsx,Year 2010-2011,86902,Year 2010-2011:86902
17850,C543611,82483,WOOD 2 DRAWER CABINET WHITE FINISH,-1,4.95,2011-02-10 14:38:00,United Kingdom,online_retail_II.xlsx,Year 2010-2011,86903,Year 2010-2011:86903
17850,C543611,21169,YOU'RE CONFUSING ME METAL SIGN,-2,1.45,2011-02-10 14:38:00,United Kingdom,online_retail_II.xlsx,Year 2010-2011,86904,Year 2010-2011:86904
13085,544306,22299,PIG KEYRING WITH LIGHT & SOUND,48,1.25,2011-02-17 13:57:00,United Kingdom,online_retail_II.xlsx,Year 2010-2011,93698,Year 2010-2011:93698
13085,544306,22147,FELTCRAFT BUTTERFLY HEARTS,12,1.45,2011-02-17 13:57:00,United Kingdom,online_retail_II.xlsx,Year 2010-2011,93699,Year 2010-2011:93699
13085,544306,22271,FELTCRAFT DOLL ROSIE,12,2.95,2011-02-17 13:57:00,United Kingdom,online_retail_II.xlsx,Year 2010-2011,93700,Year 2010-2011:93700
13085,544306,22418,10 COLOUR SPACEBOY PEN,48,0.85,2011-02-17 13:57:00,United Kingdom,online_retail_II.xlsx,Year 2010-2011,93701,Year 2010-2011:93701
13085,544306,22617,BAKING SET SPACEBOY DESIGN,3,4.95,2011-02-17 13:57:00,United Kingdom,online_retail_II.xlsx,Year 2010-2011,93702,Year 2010-2011:93702
13085,544306,20750,RED RETROSPOT MINI CASES,2,7.95,2011-02-17 13:57:00,United Kingdom,online_retail_II.xlsx,Year 2010-2011,93703,Year 2010-2011:93703
13085,544306,22138,BAKING SET 9 PIECE RETROSPOT,3,4.95,2011-02-17 13:57:00,United Kingdom,online_retail_II.xlsx,Year 2010-2011,93704,Year 2010-2011:93704
13085,544306,20749,ASSORTED COLOUR MINI CASES,2,7.95,2011-02-17 13:57:00,United Kingdom,online_retail_II.xlsx,Year 2010-2011,93705,Year 2010-2011:93705
13085,544306,21791,VINTAGE HEADS AND TAILS CARD GAME,12,1.25,2011-02-17 13:57:00,United Kingdom,online_retail_II.xlsx,Year 2010-2011,93706,Year 2010-2011:93706
13085,544306,21790,VINTAGE SNAP CARDS,12,0.85,2011-02-17 13:57:00,United Kingdom,online_retail_II.xlsx,Year 2010-2011,93707,Year 2010-2011:93707
13085,544306,22745,POPPY'S PLAYHOUSE BEDROOM,6,2.1,2011-02-17 13:57:00,United Kingdom,online_retail_II.xlsx,Year 2010-2011,93708,Year 2010-2011:93708
13085,544306,22746,POPPY'S PLAYHOUSE LIVINGROOM,6,2.1,2011-02-17 13:57:00,United Kingdom,online_retail_II.xlsx,Year 2010-2011,93709,Year 2010-2011:93709
13085,544306,22748,POPPY'S PLAYHOUSE KITCHEN,6,2.1,2011-02-17 13:57:00,United Kingdom,online_retail_II.xlsx,Year 2010-2011,93710,Year 2010-2011:93710
12347,549222,22376,AIRLINE BAG VINTAGE JET SET WHITE,4,4.25,2011-04-07 10:43:00,Iceland,online_retail_II.xlsx,Year 2010-2011,148287,Year 2010-2011:148287
12347,549222,22374,AIRLINE BAG VINTAGE JET SET RED,4,4.25,2011-04-07 10:43:00,Iceland,online_retail_II.xlsx,Year 2010-2011,148288,Year 2010-2011:148288
12347,549222,22371,AIRLINE BAG VINTAGE TOKYO 78,4,4.25,2011-04-07 10:43:00,Iceland,online_retail_II.xlsx,Year 2010-2011,148289,Year 2010-2011:148289
12347,549222,22375,AIRLINE BAG VINTAGE JET SET BROWN,4,4.25,2011-04-07 10:43:00,Iceland,online_retail_II.xlsx,Year 2010-2011,148290,Year 2010-2011:148290
12347,549222,20665,RED RETROSPOT PURSE,6,2.95,2011-04-07 10:43:00,Iceland,online_retail_II.xlsx,Year 2010-2011,148291,Year 2010-2011:148291
12347,549222,23076,ICE CREAM SUNDAE LIP GLOSS,240,1.04,2011-04-07 10:43:00,Iceland,online_retail_II.xlsx,Year 2010-2011,148292,Year 2010-2011:148292
12347,549222,21791,VINTAGE HEADS AND TAILS CARD GAME,12,1.25,2011-04-07 10:43:00,Iceland,online_retail_II.xlsx,Year 2010-2011,148293,Year 2010-2011:148293
12347,549222,22550,HOLIDAY FUN LUDO,8,3.75,2011-04-07 10:43:00,Iceland,online_retail_II.xlsx,Year 2010-2011,148294,Year 2010-2011:148294
12347,549222,23177,TREASURE ISLAND BOOK BOX,8,2.25,2011-04-07 10:43:00,Iceland,online_retail_II.xlsx,Year 2010-2011,148295,Year 2010-2011:148295
12347,549222,22432,WATERING CAN PINK BUNNY,6,1.95,2011-04-07 10:43:00,Iceland,online_retail_II.xlsx,Year 2010-2011,148296,Year 2010-2011:148296
12347,549222,22774,RED DRAWER KNOB ACRYLIC EDWARDIAN,12,1.25,2011-04-07 10:43:00,Iceland,online_retail_II.xlsx,Year 2010-2011,148297,Year 2010-2011:148297
12347,549222,22195,LARGE HEART MEASURING SPOONS,12,1.65,2011-04-07 10:43:00,Iceland,online_retail_II.xlsx,Year 2010-2011,148298,Year 2010-2011:148298
12347,549222,22196,SMALL HEART MEASURING SPOONS,12,0.85,2011-04-07 10:43:00,Iceland,online_retail_II.xlsx,Year 2010-2011,148299,Year 2010-2011:148299
12347,549222,21975,PACK OF 60 DINOSAUR CAKE CASES,24,0.55,2011-04-07 10:43:00,Iceland,online_retail_II.xlsx,Year 2010-2011,148300,Year 2010-2011:148300
12347,549222,21041,RED RETROSPOT OVEN GLOVE DOUBLE,6,2.95,2011-04-07 10:43:00,Iceland,online_retail_II.xlsx,Year 2010-2011,148301,Year 2010-2011:148301
12347,549222,22423,REGENCY CAKESTAND 3 TIER,3,12.75,2011-04-07 10:43:00,Iceland,online_retail_II.xlsx,Year 2010-2011,148302,Year 2010-2011:148302
12347,549222,22699,ROSES REGENCY TEACUP AND SAUCER,6,2.95,2011-04-07 10:43:00,Iceland,online_retail_II.xlsx,Year 2010-2011,148303,Year 2010-2011:148303
12347,549222,21731,RED TOADSTOOL LED NIGHT LIGHT,12,1.65,2011-04-07 10:43:00,Iceland,online_retail_II.xlsx,Year 2010-2011,148304,Year 2010-2011:148304
12347,549222,22492,MINI PAINT SET VINTAGE,36,0.65,2011-04-07 10:43:00,Iceland,online_retail_II.xlsx,Year 2010-2011,148305,Year 2010-2011:148305
12347,549222,84559A,3D SHEET OF DOG STICKERS,12,0.85,2011-04-07 10:43:00,Iceland,online_retail_II.xlsx,Year 2010-2011,148306,Year 2010-2011:148306
12347,549222,84559B,3D SHEET OF CAT STICKERS,12,0.85,2011-04-07 10:43:00,Iceland,online_retail_II.xlsx,Year 2010-2011,148307,Year 2010-2011:148307
12347,549222,16008,SMALL FOLDING SCISSOR(POINTED EDGE),24,0.25,2011-04-07 10:43:00,Iceland,online_retail_II.xlsx,Year 2010-2011,148308,Year 2010-2011:148308
12347,549222,22821,GIFT BAG PSYCHEDELIC APPLES,12,0.65,2011-04-07 10:43:00,Iceland,online_retail_II.xlsx,Year 2010-2011,148309,Year 2010-2011:148309
12347,549222,22497,SET OF 2 TINS VINTAGE BATHROOM,4,4.25,2011-04-07 10:43:00,Iceland,online_retail_II.xlsx,Year 2010-2011,148310,Year 2010-2011:148310
13085,C551464,22745,POPPY'S PLAYHOUSE BEDROOM,-6,2.1,2011-04-28 16:15:00,United Kingdom,online_retail_II.xlsx,Year 2010-2011,171761,Year 2010-2011:171761
13085,C551464,22418,10 COLOUR SPACEBOY PEN,-48,0.85,2011-04-28 16:15:00,United Kingdom,online_retail_II.xlsx,Year 2010-2011,171762,Year 2010-2011:171762
13085,C551464,22271,FELTCRAFT DOLL ROSIE,-6,2.95,2011-04-28 16:15:00,United Kingdom,online_retail_II.xlsx,Year 2010-2011,171763,Year 2010-2011:171763
13085,C551464,22147,FELTCRAFT BUTTERFLY HEARTS,-12,1.45,2011-04-28 16:15:00,United Kingdom,online_retail_II.xlsx,Year 2010-2011,171764,Year 2010-2011:171764
13085,C551464,22748,POPPY'S PLAYHOUSE KITCHEN,-6,2.1,2011-04-28 16:15:00,United Kingdom,online_retail_II.xlsx,Year 2010-2011,171765,Year 2010-2011:171765
13085,C551464,22746,POPPY'S PLAYHOUSE LIVINGROOM,-6,2.1,2011-04-28 16:15:00,United Kingdom,online_retail_II.xlsx,Year 2010-2011,171766,Year 2010-2011:171766
13085,C551464,22299,PIG KEYRING WITH LIGHT & SOUND,-24,1.25,2011-04-28 16:15:00,United Kingdom,online_retail_II.xlsx,Year 2010-2011,171767,Year 2010-2011:171767
12347,556201,23084,RABBIT NIGHT LIGHT,12,2.08,2011-06-09 13:01:00,Iceland,online_retail_II.xlsx,Year 2010-2011,220574,Year 2010-2011:220574
12347,556201,23162,REGENCY TEA STRAINER,8,3.75,2011-06-09 13:01:00,Iceland,online_retail_II.xlsx,Year 2010-2011,220575,Year 2010-2011:220575
12347,556201,23171,REGENCY TEA PLATE GREEN,12,1.65,2011-06-09 13:01:00,Iceland,online_retail_II.xlsx,Year 2010-2011,220576,Year 2010-2011:220576
12347,556201,23172,REGENCY TEA PLATE PINK,12,1.65,2011-06-09 13:01:00,Iceland,online_retail_II.xlsx,Year 2010-2011,220577,Year 2010-2011:220577
12347,556201,23170,REGENCY TEA PLATE ROSES,12,1.65,2011-06-09 13:01:00,Iceland,online_retail_II.xlsx,Year 2010-2011,220578,Year 2010-2011:220578
12347,556201,23173,REGENCY TEAPOT ROSES,2,9.95,2011-06-09 13:01:00,Iceland,online_retail_II.xlsx,Year 2010-2011,220579,Year 2010-2011:220579
12347,556201,23174,REGENCY SUGAR BOWL GREEN,4,4.15,2011-06-09 13:01:00,Iceland,online_retail_II.xlsx,Year 2010-2011,220580,Year 2010-2011:220580
12347,556201,23175,REGENCY MILK JUG PINK,4,3.25,2011-06-09 13:01:00,Iceland,online_retail_II.xlsx,Year 2010-2011,220581,Year 2010-2011:220581
12347,556201,22371,AIRLINE BAG VINTAGE TOKYO 78,8,4.25,2011-06-09 13:01:00,Iceland,online_retail_II.xlsx,Year 2010-2011,220582,Year 2010-2011:220582
12347,556201,22375,AIRLINE BAG VINTAGE JET SET BROWN,4,4.25,2011-06-09 13:01:00,Iceland,online_retail_II.xlsx,Year 2010-2011,220583,Year 2010-2011:220583
12347,556201,85178,VICTORIAN SEWING KIT,12,1.25,2011-06-09 13:01:00,Iceland,online_retail_II.xlsx,Year 2010-2011,220584,Year 2010-2011:220584
12347,556201,17021,NAMASTE SWAGAT INCENSE,36,0.3,2011-06-09 13:01:00,Iceland,online_retail_II.xlsx,Year 2010-2011,220585,Year 2010-2011:220585
12347,556201,23146,TRIPLE HOOK ANTIQUE IVORY ROSE,4,3.29,2011-06-09 13:01:00,Iceland,online_retail_II.xlsx,Year 2010-2011,220586,Year 2010-2011:220586
12347,556201,22196,SMALL HEART MEASURING SPOONS,24,0.85,2011-06-09 13:01:00,Iceland,online_retail_II.xlsx,Year 2010-2011,220587,Year 2010-2011:220587
12347,556201,84558A,3D DOG PICTURE PLAYING CARDS,18,2.95,2011-06-09 13:01:00,Iceland,online_retail_II.xlsx,Year 2010-2011,220588,Year 2010-2011:220588
12347,556201,51014C,"FEATHER PEN,COAL BLACK",12,0.85,2011-06-09 13:01:00,Iceland,online_retail_II.xlsx,Year 2010-2011,220589,Year 2010-2011:220589
12347,556201,22727,ALARM CLOCK BAKELIKE RED,8,3.75,2011-06-09 13:01:00,Iceland,online_retail_II.xlsx,Year 2010-2011,220590,Year 2010-2011:220590
12347,556201,22725,ALARM CLOCK BAKELIKE CHOCOLATE,4,3.75,2011-06-09 13:01:00,Iceland,online_retail_II.xlsx,Year 2010-2011,220591,Year 2010-2011:220591
13085,558996,22192,BLUE DINER WALL CLOCK,2,8.5,2011-07-05 12:11:00,United Kingdom,online_retail_II.xlsx,Year 2010-2011,250073,Year 2010-2011:250073
13085,558996,21889,WOODEN BOX OF DOMINOES,12,1.25,2011-07-05 12:11:00,United Kingdom,online_retail_II.xlsx,Year 2010-2011,250074,Year 2010-2011:250074
13085,558996,21791,VINTAGE HEADS AND TAILS CARD GAME,12,1.25,2011-07-05 12:11:00,United Kingdom,online_retail_II.xlsx,Year 2010-2011,250075,Year 2010-2011:250075
13085,558996,20750,RED RETROSPOT MINI CASES,2,7.95,2011-07-05 12:11:00,United Kingdom,online_retail_II.xlsx,Year 2010-2011,250076,Year 2010-2011:250076
13085,558996,22617,BAKING SET SPACEBOY DESIGN,3,4.95,2011-07-05 12:11:00,United Kingdom,online_retail_II.xlsx,Year 2010-2011,250077,Year 2010-2011:250077
13085,558996,22138,BAKING SET 9 PIECE RETROSPOT,3,4.95,2011-07-05 12:11:00,United Kingdom,online_retail_II.xlsx,Year 2010-2011,250078,Year 2010-2011:250078
13085,558996,20749,ASSORTED COLOUR MINI CASES,2,7.95,2011-07-05 12:11:00,United Kingdom,online_retail_II.xlsx,Year 2010-2011,250079,Year 2010-2011:250079
13085,558996,22193,RED DINER WALL CLOCK,2,8.5,2011-07-05 12:11:00,United Kingdom,online_retail_II.xlsx,Year 2010-2011,250080,Year 2010-2011:250080
13085,558996,23242,TREASURE TIN BUFFALO BILL,6,2.08,2011-07-05 12:11:00,United Kingdom,online_retail_II.xlsx,Year 2010-2011,250081,Year 2010-2011:250081
12347,562032,23308,SET OF 60 VINTAGE LEAF CAKE CASES,24,0.55,2011-08-02 08:48:00,Iceland,online_retail_II.xlsx,Year 2010-2011,286623,Year 2010-2011:286623
12347,562032,23297,SET 40 HEART SHAPE PETIT FOUR CASES,16,1.65,2011-08-02 08:48:00,Iceland,online_retail_II.xlsx,Year 2010-2011,286624,Year 2010-2011:286624
12347,562032,22375,AIRLINE BAG VINTAGE JET SET BROWN,4,4.25,2011-08-02 08:48:00,Iceland,online_retail_II.xlsx,Year 2010-2011,286625,Year 2010-2011:286625
12347,562032,22374,AIRLINE BAG VINTAGE JET SET RED,4,4.25,2011-08-02 08:48:00,Iceland,online_retail_II.xlsx,Year 2010-2011,286626,Year 2010-2011:286626
12347,562032,22376,AIRLINE BAG VINTAGE JET SET WHITE,4,4.25,2011-08-02 08:48:00,Iceland,online_retail_II.xlsx,Year 2010-2011,286627,Year 2010-2011:286627
12347,562032,22371,AIRLINE BAG VINTAGE TOKYO 78,8,4.25,2011-08-02 08:48:00,Iceland,online_retail_II.xlsx,Year 2010-2011,286628,Year 2010-2011:286628
12347,562032,22372,AIRLINE BAG VINTAGE WORLD CHAMPION,4,4.25,2011-08-02 08:48:00,Iceland,online_retail_II.xlsx,Year 2010-2011,286629,Year 2010-2011:286629
12347,562032,21578,WOODLAND DESIGN  COTTON TOTE BAG,6,2.25,2011-08-02 08:48:00,Iceland,online_retail_II.xlsx,Year 2010-2011,286630,Year 2010-2011:286630
12347,562032,20719,WOODLAND CHARLOTTE BAG,10,0.85,2011-08-02 08:48:00,Iceland,online_retail_II.xlsx,Year 2010-2011,286631,Year 2010-2011:286631
12347,562032,22727,ALARM CLOCK BAKELIKE RED,8,3.75,2011-08-02 08:48:00,Iceland,online_retail_II.xlsx,Year 2010-2011,286632,Year 2010-2011:286632
12347,562032,23146,TRIPLE HOOK ANTIQUE IVORY ROSE,4,3.29,2011-08-02 08:48:00,Iceland,online_retail_II.xlsx,Year 2010-2011,286633,Year 2010-2011:286633
12347,562032,23147,SINGLE ANTIQUE ROSE HOOK IVORY,12,1.45,2011-08-02 08:48:00,Iceland,online_retail_II.xlsx,Year 2010-2011,286634,Year 2010-2011:286634
12347,562032,47559B,TEA TIME OVEN GLOVE,10,1.25,2011-08-02 08:48:00,Iceland,online_retail_II.xlsx,Year 2010-2011,286635,Year 2010-2011:286635
12347,562032,84992,72 SWEETHEART FAIRY CAKE CASES,24,0.55,2011-08-02 08:48:00,Iceland,online_retail_II.xlsx,Year 2010-2011,286636,Year 2010-2011:286636
12347,562032,84991,60 TEATIME FAIRY CAKE CASES,24,0.55,2011-08-02 08:48:00,Iceland,online_retail_II.xlsx,Year 2010-2011,286637,Year 2010-2011:286637
12347,562032,21975,PACK OF 60 DINOSAUR CAKE CASES,24,0.55,2011-08-02 08:48:00,Iceland,online_retail_II.xlsx,Year 2010-2011,286638,Year 2010-2011:286638
12347,562032,22423,REGENCY CAKESTAND 3 TIER,3,12.75,2011-08-02 08:48:00,Iceland,online_retail_II.xlsx,Year 2010-2011,286639,Year 2010-2011:286639
12347,562032,23175,REGENCY MILK JUG PINK,4,3.25,2011-08-02 08:48:00,Iceland,online_retail_II.xlsx,Year 2010-2011,286640,Year 2010-2011:286640
12347,562032,84558A,3D DOG PICTURE PLAYING CARDS,36,2.95,2011-08-02 08:48:00,Iceland,online_retail_II.xlsx,Year 2010-2011,286641,Year 2010-2011:286641
12347,562032,22992,REVOLVER WOODEN RULER,12,1.95,2011-08-02 08:48:00,Iceland,online_retail_II.xlsx,Year 2010-2011,286642,Year 2010-2011:286642
12347,562032,21791,VINTAGE HEADS AND TAILS CARD GAME,24,1.25,2011-08-02 08:48:00,Iceland,online_retail_II.xlsx,Year 2010-2011,286643,Year 2010-2011:286643
12347,562032,23316,RED REFECTORY CLOCK,12,8.15,2011-08-02 08:48:00,Iceland,online_retail_II.xlsx,Year 2010-2011,286644,Year 2010-2011:286644
12347,573511,23480,MINI LIGHTS WOODLAND MUSHROOMS,12,3.75,2011-10-31 12:25:00,Iceland,online_retail_II.xlsx,Year 2010-2011,428959,Year 2010-2011:428959
12347,573511,21265,PINK GOOSE FEATHER TREE 60CM,12,1.95,2011-10-31 12:25:00,Iceland,online_retail_II.xlsx,Year 2010-2011,428960,Year 2010-2011:428960
12347,573511,21636,MADRAS NOTEBOOK MEDIUM,12,0.75,2011-10-31 12:25:00,Iceland,online_retail_II.xlsx,Year 2010-2011,428961,Year 2010-2011:428961
12347,573511,22372,AIRLINE BAG VINTAGE WORLD CHAMPION,4,4.25,2011-10-31 12:25:00,Iceland,online_retail_II.xlsx,Year 2010-2011,428962,Year 2010-2011:428962
12347,573511,22375,AIRLINE BAG VINTAGE JET SET BROWN,8,4.25,2011-10-31 12:25:00,Iceland,online_retail_II.xlsx,Year 2010-2011,428963,Year 2010-2011:428963
12347,573511,22371,AIRLINE BAG VINTAGE TOKYO 78,12,3.95,2011-10-31 12:25:00,Iceland,online_retail_II.xlsx,Year 2010-2011,428964,Year 2010-2011:428964
12347,573511,22374,AIRLINE BAG VINTAGE JET SET RED,8,4.25,2011-10-31 12:25:00,Iceland,online_retail_II.xlsx,Year 2010-2011,428965,Year 2010-2011:428965
12347,573511,22252,BIRDCAGE DECORATION TEALIGHT HOLDER,12,1.25,2011-10-31 12:25:00,Iceland,online_retail_II.xlsx,Year 2010-2011,428966,Year 2010-2011:428966
12347,573511,22945,CHRISTMAS METAL TAGS ASSORTED,12,0.85,2011-10-31 12:25:00,Iceland,online_retail_II.xlsx,Year 2010-2011,428967,Year 2010-2011:428967
12347,573511,22423,REGENCY CAKESTAND 3 TIER,6,12.75,2011-10-31 12:25:00,Iceland,online_retail_II.xlsx,Year 2010-2011,428968,Year 2010-2011:428968
12347,573511,23173,REGENCY TEAPOT ROSES,2,9.95,2011-10-31 12:25:00,Iceland,online_retail_II.xlsx,Year 2010-2011,428969,Year 2010-2011:428969
12347,573511,47580,TEA TIME DES TEA COSY,6,2.55,2011-10-31 12:25:00,Iceland,online_retail_II.xlsx,Year 2010-2011,428970,Year 2010-2011:428970
12347,573511,47567B,TEA TIME KITCHEN APRON,6,5.95,2011-10-31 12:25:00,Iceland,online_retail_II.xlsx,Year 2010-2011,428971,Year 2010-2011:428971
12347,573511,47559B,TEA TIME OVEN GLOVE,10,1.25,2011-10-31 12:25:00,Iceland,online_retail_II.xlsx,Year 2010-2011,428972,Year 2010-2011:428972
12347,573511,22698,PINK REGENCY TEACUP AND SAUCER,12,2.95,2011-10-31 12:25:00,Iceland,online_retail_II.xlsx,Year 2010-2011,428973,Year 2010-2011:428973
12347,573511,22697,GREEN REGENCY TEACUP AND SAUCER,12,2.95,2011-10-31 12:25:00,Iceland,online_retail_II.xlsx,Year 2010-2011,428974,Year 2010-2011:428974
12347,573511,84558A,3D DOG PICTURE PLAYING CARDS,36,2.95,2011-10-31 12:25:00,Iceland,online_retail_II.xlsx,Year 2010-2011,428975,Year 2010-2011:428975
12347,573511,23084,RABBIT NIGHT LIGHT,48,1.79,2011-10-31 12:25:00,Iceland,online_retail_II.xlsx,Year 2010-2011,428976,Year 2010-2011:428976
12347,573511,21731,RED TOADSTOOL LED NIGHT LIGHT,12,1.65,2011-10-31 12:25:00,Iceland,online_retail_II.xlsx,Year 2010-2011,428977,Year 2010-2011:428977
12347,573511,23177,TREASURE ISLAND BOOK BOX,8,2.25,2011-10-31 12:25:00,Iceland,online_retail_II.xlsx,Year 2010-2011,428978,Year 2010-2011:428978
12347,573511,21791,VINTAGE HEADS AND TAILS CARD GAME,12,1.25,2011-10-31 12:25:00,Iceland,online_retail_II.xlsx,Year 2010-2011,428979,Year 2010-2011:428979
12347,573511,23508,MINI PLAYING CARDS DOLLY GIRL,20,0.42,2011-10-31 12:25:00,Iceland,online_retail_II.xlsx,Year 2010-2011,428980,Year 2010-2011:428980
12347,573511,23506,MINI PLAYING CARDS SPACEBOY,20,0.42,2011-10-31 12:25:00,Iceland,online_retail_II.xlsx,Year 2010-2011,428981,Year 2010-2011:428981
12347,573511,23503,PLAYING CARDS KEEP CALM & CARRY ON,12,1.25,2011-10-31 12:25:00,Iceland,online_retail_II.xlsx,Year 2010-2011,428982,Year 2010-2011:428982
12347,573511,22992,REVOLVER WOODEN RULER,12,1.95,2011-10-31 12:25:00,Iceland,online_retail_II.xlsx,Year 2010-2011,428983,Year 2010-2011:428983
12347,573511,22561,WOODEN SCHOOL COLOURING SET,12,1.65,2011-10-31 12:25:00,Iceland,online_retail_II.xlsx,Year 2010-2011,428984,Year 2010-2011:428984
12347,573511,22492,MINI PAINT SET VINTAGE,36,0.65,2011-10-31 12:25:00,Iceland,online_retail_II.xlsx,Year 2010-2011,428985,Year 2010-2011:428985
12347,573511,22621,TRADITIONAL KNITTING NANCY,12,1.65,2011-10-31 12:25:00,Iceland,online_retail_II.xlsx,Year 2010-2011,428986,Year 2010-2011:428986
12347,573511,23146,TRIPLE HOOK ANTIQUE IVORY ROSE,8,3.29,2011-10-31 12:25:00,Iceland,online_retail_II.xlsx,Year 2010-2011,428987,Year 2010-2011:428987
12347,573511,23421,PANTRY HOOK SPATULA,12,2.08,2011-10-31 12:25:00,Iceland,online_retail_II.xlsx,Year 2010-2011,428988,Year 2010-2011:428988
12347,573511,23422,PANTRY HOOK BALLOON WHISK,12,2.08,2011-10-31 12:25:00,Iceland,online_retail_II.xlsx,Year 2010-2011,428989,Year 2010-2011:428989
12347,573511,23420,PANTRY HOOK TEA STRAINER,12,2.08,2011-10-31 12:25:00,Iceland,online_retail_II.xlsx,Year 2010-2011,428990,Year 2010-2011:428990
12347,573511,22699,ROSES REGENCY TEACUP AND SAUCER,18,2.95,2011-10-31 12:25:00,Iceland,online_retail_II.xlsx,Year 2010-2011,428991,Year 2010-2011:428991
12347,573511,22725,ALARM CLOCK BAKELIKE CHOCOLATE,8,3.75,2011-10-31 12:25:00,Iceland,online_retail_II.xlsx,Year 2010-2011,428992,Year 2010-2011:428992
12347,573511,22728,ALARM CLOCK BAKELIKE PINK,8,3.75,2011-10-31 12:25:00,Iceland,online_retail_II.xlsx,Year 2010-2011,428993,Year 2010-2011:428993
12347,573511,22726,ALARM CLOCK BAKELIKE GREEN,8,3.75,2011-10-31 12:25:00,Iceland,online_retail_II.xlsx,Year 2010-2011,428994,Year 2010-2011:428994
12347,573511,22727,ALARM CLOCK BAKELIKE RED,12,3.75,2011-10-31 12:25:00,Iceland,online_retail_II.xlsx,Year 2010-2011,428995,Year 2010-2011:428995
12347,573511,21976,PACK OF 60 MUSHROOM CAKE CASES,24,0.55,2011-10-31 12:25:00,Iceland,online_retail_II.xlsx,Year 2010-2011,428996,Year 2010-2011:428996
12347,573511,22417,PACK OF 60 SPACEBOY CAKE CASES,24,0.55,2011-10-31 12:25:00,Iceland,online_retail_II.xlsx,Year 2010-2011,428997,Year 2010-2011:428997
12347,573511,23308,SET OF 60 VINTAGE LEAF CAKE CASES,24,0.55,2011-10-31 12:25:00,Iceland,online_retail_II.xlsx,Year 2010-2011,428998,Year 2010-2011:428998
12347,573511,84991,60 TEATIME FAIRY CAKE CASES,24,0.55,2011-10-31 12:25:00,Iceland,online_retail_II.xlsx,Year 2010-2011,428999,Year 2010-2011:428999
12347,573511,84992,72 SWEETHEART FAIRY CAKE CASES,24,0.55,2011-10-31 12:25:00,Iceland,online_retail_II.xlsx,Year 2010-2011,429000,Year 2010-2011:429000
12347,573511,22196,SMALL HEART MEASURING SPOONS,24,0.85,2011-10-31 12:25:00,Iceland,online_retail_II.xlsx,Year 2010-2011,429001,Year 2010-2011:429001
12347,573511,22195,LARGE HEART MEASURING SPOONS,24,1.65,2011-10-31 12:25:00,Iceland,online_retail_II.xlsx,Year 2010-2011,429002,Year 2010-2011:429002
12347,573511,20719,WOODLAND CHARLOTTE BAG,10,0.85,2011-10-31 12:25:00,Iceland,online_retail_II.xlsx,Year 2010-2011,429003,Year 2010-2011:429003
12347,573511,23162,REGENCY TEA STRAINER,8,3.75,2011-10-31 12:25:00,Iceland,online_retail_II.xlsx,Year 2010-2011,429004,Year 2010-2011:429004
12347,573511,22131,FOOD CONTAINER SET 3 LOVE HEART,6,1.95,2011-10-31 12:25:00,Iceland,online_retail_II.xlsx,Year 2010-2011,429005,Year 2010-2011:429005
12347,581180,23497,CLASSIC CHROME BICYCLE BELL,12,1.45,2011-12-07 15:52:00,Iceland,online_retail_II.xlsx,Year 2010-2011,535006,Year 2010-2011:535006
12347,581180,23552,BICYCLE PUNCTURE REPAIR KIT,6,2.08,2011-12-07 15:52:00,Iceland,online_retail_II.xlsx,Year 2010-2011,535007,Year 2010-2011:535007
12347,581180,21064,BOOM BOX SPEAKER BOYS,24,1.25,2011-12-07 15:52:00,Iceland,online_retail_II.xlsx,Year 2010-2011,535008,Year 2010-2011:535008
12347,581180,84625A,PINK NEW BAROQUECANDLESTICK CANDLE,24,0.85,2011-12-07 15:52:00,Iceland,online_retail_II.xlsx,Year 2010-2011,535009,Year 2010-2011:535009
12347,581180,21731,RED TOADSTOOL LED NIGHT LIGHT,24,1.65,2011-12-07 15:52:00,Iceland,online_retail_II.xlsx,Year 2010-2011,535010,Year 2010-2011:535010
12347,581180,23084,RABBIT NIGHT LIGHT,24,1.79,2011-12-07 15:52:00,Iceland,online_retail_II.xlsx,Year 2010-2011,535011,Year 2010-2011:535011
12347,581180,20719,WOODLAND CHARLOTTE BAG,10,0.85,2011-12-07 15:52:00,Iceland,online_retail_II.xlsx,Year 2010-2011,535012,Year 2010-2011:535012
12347,581180,21265,PINK GOOSE FEATHER TREE 60CM,12,1.95,2011-12-07 15:52:00,Iceland,online_retail_II.xlsx,Year 2010-2011,535013,Year 2010-2011:535013
12347,581180,23271,CHRISTMAS TABLE SILVER CANDLE SPIKE,16,0.83,2011-12-07 15:52:00,Iceland,online_retail_II.xlsx,Year 2010-2011,535014,Year 2010-2011:535014
12347,581180,23506,MINI PLAYING CARDS SPACEBOY,20,0.42,2011-12-07 15:52:00,Iceland,online_retail_II.xlsx,Year 2010-2011,535015,Year 2010-2011:535015
12347,581180,23508,MINI PLAYING CARDS DOLLY GIRL,20,0.42,2011-12-07 15:52:00,Iceland,online_retail_II.xlsx,Year 2010-2011,535016,Year 2010-2011:535016
